Elixir tests (mix credo + mix test)	Set up job	﻿2026-09-24T01:59:37.9826745Z Current runner version: '2.337.0'
Elixir tests (mix credo + mix test)	Set up job	2026-09-24T01:59:37.9851631Z ##[group]Runner Image Provisioner
Elixir tests (mix credo + mix test)	Set up job	2026-09-24T01:59:37.9852641Z Hosted Compute Agent
Elixir tests (mix credo + mix test)	Set up job	2026-09-24T01:59:37.9853254Z Version: 20260828.587
Elixir tests (mix credo + mix test)	Set up job	2026-09-24T01:59:37.9853888Z Commit: abac92662cab4cc7352de4f9f9d2e2419aad9c29
Elixir tests (mix credo + mix test)	Set up job	2026-09-24T01:59:37.9855186Z Build Date: 2026-08-28T16:44:25Z
Elixir tests (mix credo + mix test)	Set up job	2026-09-24T01:59:37.9855932Z Worker ID: {1ac66c3a-075e-4156-a5f2-27fcbecd4ee6}
Elixir tests (mix credo + mix test)	Set up job	2026-09-24T01:59:37.9856723Z Azure Region: westus
Elixir tests (mix credo + mix test)	Set up job	2026-09-24T01:59:37.9857323Z ##[endgroup]
Elixir tests (mix credo + mix test)	Set up job	2026-09-24T01:59:37.9859159Z ##[group]Operating System
Elixir tests (mix credo + mix test)	Set up job	2026-09-24T01:59:37.9859951Z Ubuntu
Elixir tests (mix credo + mix test)	Set up job	2026-09-24T01:59:37.9860517Z 24.04.5
Elixir tests (mix credo + mix test)	Set up job	2026-09-24T01:59:37.9861073Z LTS
Elixir tests (mix credo + mix test)	Set up job	2026-09-24T01:59:37.9861677Z ##[endgroup]
Elixir tests (mix credo + mix test)	Set up job	2026-09-24T01:59:37.9862241Z ##[group]Runner Image
Elixir tests (mix credo + mix test)	Set up job	2026-09-24T01:59:37.9862934Z Image: ubuntu-24.04
Elixir tests (mix credo + mix test)	Set up job	2026-09-24T01:59:37.9863511Z Version: 20260907.300.1
Elixir tests (mix credo + mix test)	Set up job	2026-09-24T01:59:37.9864810Z Included Software: https://github.com/actions/runner-images/blob/ubuntu24/20260907.300/images/ubuntu/Ubuntu2404-Readme.md
Elixir tests (mix credo + mix test)	Set up job	2026-09-24T01:59:37.9866693Z Image Release: https://github.com/actions/runner-images/releases/tag/ubuntu24%2F20260907.300
Elixir tests (mix credo + mix test)	Set up job	2026-09-24T01:59:37.9867759Z ##[endgroup]
Elixir tests (mix credo + mix test)	Set up job	2026-09-24T01:59:37.9868872Z ##[group]GITHUB_TOKEN Permissions
Elixir tests (mix credo + mix test)	Set up job	2026-09-24T01:59:37.9870761Z Contents: read
Elixir tests (mix credo + mix test)	Set up job	2026-09-24T01:59:37.9871396Z Metadata: read
Elixir tests (mix credo + mix test)	Set up job	2026-09-24T01:59:37.9871987Z ##[endgroup]
Elixir tests (mix credo + mix test)	Set up job	2026-09-24T01:59:37.9874069Z Secret source: Actions
Elixir tests (mix credo + mix test)	Set up job	2026-09-24T01:59:37.9875458Z Cache mode: write
Elixir tests (mix credo + mix test)	Set up job	2026-09-24T01:59:37.9876276Z Prepare workflow directory
Elixir tests (mix credo + mix test)	Set up job	2026-09-24T01:59:38.0210705Z Prepare all required actions
Elixir tests (mix credo + mix test)	Set up job	2026-09-24T01:59:38.0259626Z Getting action download info
Elixir tests (mix credo + mix test)	Set up job	2026-09-24T01:59:38.3887133Z Download action repository 'actions/checkout@d23441a48e516b6c34aea4fa41551a30e30af803' (SHA:d23441a48e516b6c34aea4fa41551a30e30af803)
Elixir tests (mix credo + mix test)	Set up job	2026-09-24T01:59:38.5409931Z Download action repository 'erlef/setup-beam@54075bcc5e249e4758d363f27d099f55d843f124' (SHA:54075bcc5e249e4758d363f27d099f55d843f124)
Elixir tests (mix credo + mix test)	Set up job	2026-09-24T01:59:38.9032816Z Download action repository 'actions/cache@0057852bfaa89a56745cba8c7296529d2fc39830' (SHA:0057852bfaa89a56745cba8c7296529d2fc39830)
Elixir tests (mix credo + mix test)	Set up job	2026-09-24T01:59:39.1134815Z Complete job name: Elixir tests (mix credo + mix test)
Elixir tests (mix credo + mix test)	Checkout	﻿2026-09-24T01:59:39.1946120Z ##[group]Run actions/checkout@d23441a48e516b6c34aea4fa41551a30e30af803
Elixir tests (mix credo + mix test)	Checkout	2026-09-24T01:59:39.1947840Z with:
Elixir tests (mix credo + mix test)	Checkout	2026-09-24T01:59:39.1948536Z   persist-credentials: false
Elixir tests (mix credo + mix test)	Checkout	2026-09-24T01:59:39.1949465Z   repository: seanchatmangpt/ggen_igniter
Elixir tests (mix credo + mix test)	Checkout	2026-09-24T01:59:39.1957791Z   token: ***
Elixir tests (mix credo + mix test)	Checkout	2026-09-24T01:59:39.1958626Z   ssh-strict: true
Elixir tests (mix credo + mix test)	Checkout	2026-09-24T01:59:39.1959413Z   ssh-user: git
Elixir tests (mix credo + mix test)	Checkout	2026-09-24T01:59:39.1960161Z   clean: true
Elixir tests (mix credo + mix test)	Checkout	2026-09-24T01:59:39.1960975Z   sparse-checkout-cone-mode: true
Elixir tests (mix credo + mix test)	Checkout	2026-09-24T01:59:39.1961907Z   fetch-depth: 1
Elixir tests (mix credo + mix test)	Checkout	2026-09-24T01:59:39.1962659Z   fetch-tags: false
Elixir tests (mix credo + mix test)	Checkout	2026-09-24T01:59:39.1963441Z   show-progress: true
Elixir tests (mix credo + mix test)	Checkout	2026-09-24T01:59:39.1964224Z   lfs: false
Elixir tests (mix credo + mix test)	Checkout	2026-09-24T01:59:39.1965200Z   submodules: false
Elixir tests (mix credo + mix test)	Checkout	2026-09-24T01:59:39.1965941Z   set-safe-directory: true
Elixir tests (mix credo + mix test)	Checkout	2026-09-24T01:59:39.1966470Z   allow-unsafe-pr-checkout: false
Elixir tests (mix credo + mix test)	Checkout	2026-09-24T01:59:39.1967401Z ##[endgroup]
Elixir tests (mix credo + mix test)	Checkout	2026-09-24T01:59:39.2982309Z Syncing repository: seanchatmangpt/ggen_igniter
Elixir tests (mix credo + mix test)	Checkout	2026-09-24T01:59:39.2984292Z ##[group]Getting Git version info
Elixir tests (mix credo + mix test)	Checkout	2026-09-24T01:59:39.2985968Z Working directory is '/home/runner/work/ggen_igniter/ggen_igniter'
Elixir tests (mix credo + mix test)	Checkout	2026-09-24T01:59:39.2987864Z [command]/usr/bin/git version
Elixir tests (mix credo + mix test)	Checkout	2026-09-24T01:59:39.3086261Z git version 2.55.0
Elixir tests (mix credo + mix test)	Checkout	2026-09-24T01:59:39.3113595Z ##[endgroup]
Elixir tests (mix credo + mix test)	Checkout	2026-09-24T01:59:39.3139420Z Temporarily overriding HOME='/home/runner/work/_temp/a1b3b042-0135-4f69-b97b-0aa88b4254ae' before making global git config changes
Elixir tests (mix credo + mix test)	Checkout	2026-09-24T01:59:39.3141814Z Adding repository directory to the temporary git global config as a safe directory
Elixir tests (mix credo + mix test)	Checkout	2026-09-24T01:59:39.3144355Z [command]/usr/bin/git config --global --add safe.directory /home/runner/work/ggen_igniter/ggen_igniter
Elixir tests (mix credo + mix test)	Checkout	2026-09-24T01:59:39.3197747Z Deleting the contents of '/home/runner/work/ggen_igniter/ggen_igniter'
Elixir tests (mix credo + mix test)	Checkout	2026-09-24T01:59:39.3202224Z ##[group]Determining repository object format
Elixir tests (mix credo + mix test)	Checkout	2026-09-24T01:59:39.3204752Z ##[endgroup]
Elixir tests (mix credo + mix test)	Checkout	2026-09-24T01:59:39.3206076Z ##[group]Initializing the repository
Elixir tests (mix credo + mix test)	Checkout	2026-09-24T01:59:39.3210039Z [command]/usr/bin/git init /home/runner/work/ggen_igniter/ggen_igniter
Elixir tests (mix credo + mix test)	Checkout	2026-09-24T01:59:39.3340730Z hint: Using 'master' as the name for the initial branch. This default branch name
Elixir tests (mix credo + mix test)	Checkout	2026-09-24T01:59:39.3342831Z hint: will change to "main" in Git 3.0. To configure the initial branch name
Elixir tests (mix credo + mix test)	Checkout	2026-09-24T01:59:39.3344557Z hint: to use in all of your new repositories, which will suppress this warning,
Elixir tests (mix credo + mix test)	Checkout	2026-09-24T01:59:39.3345757Z hint: call:
Elixir tests (mix credo + mix test)	Checkout	2026-09-24T01:59:39.3346434Z hint:
Elixir tests (mix credo + mix test)	Checkout	2026-09-24T01:59:39.3347322Z hint: 	git config --global init.defaultBranch <name>
Elixir tests (mix credo + mix test)	Checkout	2026-09-24T01:59:39.3348511Z hint:
Elixir tests (mix credo + mix test)	Checkout	2026-09-24T01:59:39.3349432Z hint: Names commonly chosen instead of 'master' are 'main', 'trunk' and
Elixir tests (mix credo + mix test)	Checkout	2026-09-24T01:59:39.3350933Z hint: 'development'. The just-created branch can be renamed via this command:
Elixir tests (mix credo + mix test)	Checkout	2026-09-24T01:59:39.3352222Z hint:
Elixir tests (mix credo + mix test)	Checkout	2026-09-24T01:59:39.3352926Z hint: 	git branch -m <name>
Elixir tests (mix credo + mix test)	Checkout	2026-09-24T01:59:39.3353724Z hint:
Elixir tests (mix credo + mix test)	Checkout	2026-09-24T01:59:39.3355572Z hint: Disable this message with "git config set advice.defaultBranchName false"
Elixir tests (mix credo + mix test)	Checkout	2026-09-24T01:59:39.3357571Z Initialized empty Git repository in /home/runner/work/ggen_igniter/ggen_igniter/.git/
Elixir tests (mix credo + mix test)	Checkout	2026-09-24T01:59:39.3359791Z [command]/usr/bin/git remote add origin https://github.com/seanchatmangpt/ggen_igniter
Elixir tests (mix credo + mix test)	Checkout	2026-09-24T01:59:39.3408800Z ##[endgroup]
Elixir tests (mix credo + mix test)	Checkout	2026-09-24T01:59:39.3417792Z ##[group]Disabling automatic garbage collection
Elixir tests (mix credo + mix test)	Checkout	2026-09-24T01:59:39.3420426Z [command]/usr/bin/git config --local gc.auto 0
Elixir tests (mix credo + mix test)	Checkout	2026-09-24T01:59:39.3453485Z ##[endgroup]
Elixir tests (mix credo + mix test)	Checkout	2026-09-24T01:59:39.3455193Z ##[group]Setting up auth
Elixir tests (mix credo + mix test)	Checkout	2026-09-24T01:59:39.3456232Z Removing SSH command configuration
Elixir tests (mix credo + mix test)	Checkout	2026-09-24T01:59:39.3463010Z [command]/usr/bin/git config --local --name-only --get-regexp core\.sshCommand
Elixir tests (mix credo + mix test)	Checkout	2026-09-24T01:59:39.3510393Z [command]/usr/bin/git submodule foreach --recursive sh -c "git config --local --name-only --get-regexp 'core\.sshCommand' && git config --local --unset-all 'core.sshCommand' || :"
Elixir tests (mix credo + mix test)	Checkout	2026-09-24T01:59:39.3901863Z Removing HTTP extra header
Elixir tests (mix credo + mix test)	Checkout	2026-09-24T01:59:39.3908615Z [command]/usr/bin/git config --local --name-only --get-regexp http\.https\:\/\/github\.com\/\.extraheader
Elixir tests (mix credo + mix test)	Checkout	2026-09-24T01:59:39.3946452Z [command]/usr/bin/git submodule foreach --recursive sh -c "git config --local --name-only --get-regexp 'http\.https\:\/\/github\.com\/\.extraheader' && git config --local --unset-all 'http.https://github.com/.extraheader' || :"
Elixir tests (mix credo + mix test)	Checkout	2026-09-24T01:59:39.4231099Z Removing includeIf entries pointing to credentials config files
Elixir tests (mix credo + mix test)	Checkout	2026-09-24T01:59:39.4233320Z [command]/usr/bin/git config --local --name-only --get-regexp ^includeIf\.gitdir:
Elixir tests (mix credo + mix test)	Checkout	2026-09-24T01:59:39.4236784Z [command]/usr/bin/git submodule foreach --recursive git config --local --show-origin --name-only --get-regexp remote.origin.url
Elixir tests (mix credo + mix test)	Checkout	2026-09-24T01:59:39.4436019Z [command]/usr/bin/git config --file /home/runner/work/_temp/git-credentials-5c773445-8036-43aa-904e-2a6b045a02b9.config http.https://github.com/.extraheader AUTHORIZATION: basic ***
Elixir tests (mix credo + mix test)	Checkout	2026-09-24T01:59:39.4478326Z [command]/usr/bin/git config --local includeIf.gitdir:/home/runner/work/ggen_igniter/ggen_igniter/.git.path /home/runner/work/_temp/git-credentials-5c773445-8036-43aa-904e-2a6b045a02b9.config
Elixir tests (mix credo + mix test)	Checkout	2026-09-24T01:59:39.4513934Z [command]/usr/bin/git config --local includeIf.gitdir:/home/runner/work/ggen_igniter/ggen_igniter/.git/worktrees/*.path /home/runner/work/_temp/git-credentials-5c773445-8036-43aa-904e-2a6b045a02b9.config
Elixir tests (mix credo + mix test)	Checkout	2026-09-24T01:59:39.4552038Z [command]/usr/bin/git config --local includeIf.gitdir:/github/workspace/.git.path /github/runner_temp/git-credentials-5c773445-8036-43aa-904e-2a6b045a02b9.config
Elixir tests (mix credo + mix test)	Checkout	2026-09-24T01:59:39.4586780Z [command]/usr/bin/git config --local includeIf.gitdir:/github/workspace/.git/worktrees/*.path /github/runner_temp/git-credentials-5c773445-8036-43aa-904e-2a6b045a02b9.config
Elixir tests (mix credo + mix test)	Checkout	2026-09-24T01:59:39.4619190Z ##[endgroup]
Elixir tests (mix credo + mix test)	Checkout	2026-09-24T01:59:39.4619984Z ##[group]Fetching the repository
Elixir tests (mix credo + mix test)	Checkout	2026-09-24T01:59:39.4627192Z [command]/usr/bin/git -c protocol.version=2 fetch --no-tags --prune --no-recurse-submodules --depth=1 origin +0fd8095c96e2ec6fe30a6b62f2b12b1772098b1b:refs/remotes/origin/v23/R2-GI-PROBE-ISOLATION
Elixir tests (mix credo + mix test)	Checkout	2026-09-24T01:59:40.4824798Z From https://github.com/seanchatmangpt/ggen_igniter
Elixir tests (mix credo + mix test)	Checkout	2026-09-24T01:59:40.4826275Z  * [new ref]         0fd8095c96e2ec6fe30a6b62f2b12b1772098b1b -> origin/v23/R2-GI-PROBE-ISOLATION
Elixir tests (mix credo + mix test)	Checkout	2026-09-24T01:59:40.4835427Z [command]/usr/bin/git branch --list --remote origin/v23/R2-GI-PROBE-ISOLATION
Elixir tests (mix credo + mix test)	Checkout	2026-09-24T01:59:40.4863088Z   origin/v23/R2-GI-PROBE-ISOLATION
Elixir tests (mix credo + mix test)	Checkout	2026-09-24T01:59:40.4872764Z [command]/usr/bin/git rev-parse refs/remotes/origin/v23/R2-GI-PROBE-ISOLATION
Elixir tests (mix credo + mix test)	Checkout	2026-09-24T01:59:40.4899726Z 0fd8095c96e2ec6fe30a6b62f2b12b1772098b1b
Elixir tests (mix credo + mix test)	Checkout	2026-09-24T01:59:40.4903685Z ##[endgroup]
Elixir tests (mix credo + mix test)	Checkout	2026-09-24T01:59:40.4904647Z ##[group]Determining the checkout info
Elixir tests (mix credo + mix test)	Checkout	2026-09-24T01:59:40.4905558Z ##[endgroup]
Elixir tests (mix credo + mix test)	Checkout	2026-09-24T01:59:40.4909890Z [command]/usr/bin/git sparse-checkout disable
Elixir tests (mix credo + mix test)	Checkout	2026-09-24T01:59:40.4963587Z [command]/usr/bin/git config --local --unset-all extensions.worktreeConfig
Elixir tests (mix credo + mix test)	Checkout	2026-09-24T01:59:40.4994086Z ##[group]Checking out the ref
Elixir tests (mix credo + mix test)	Checkout	2026-09-24T01:59:40.4997901Z [command]/usr/bin/git checkout --progress --force -B v23/R2-GI-PROBE-ISOLATION refs/remotes/origin/v23/R2-GI-PROBE-ISOLATION
Elixir tests (mix credo + mix test)	Checkout	2026-09-24T01:59:40.5881275Z Switched to a new branch 'v23/R2-GI-PROBE-ISOLATION'
Elixir tests (mix credo + mix test)	Checkout	2026-09-24T01:59:40.5887675Z branch 'v23/R2-GI-PROBE-ISOLATION' set up to track 'origin/v23/R2-GI-PROBE-ISOLATION'.
Elixir tests (mix credo + mix test)	Checkout	2026-09-24T01:59:40.5902861Z ##[endgroup]
Elixir tests (mix credo + mix test)	Checkout	2026-09-24T01:59:40.5949291Z [command]/usr/bin/git log -1 --format=%H
Elixir tests (mix credo + mix test)	Checkout	2026-09-24T01:59:40.5977694Z 0fd8095c96e2ec6fe30a6b62f2b12b1772098b1b
Elixir tests (mix credo + mix test)	Checkout	2026-09-24T01:59:40.5987354Z ##[group]Removing auth
Elixir tests (mix credo + mix test)	Checkout	2026-09-24T01:59:40.5988001Z Removing SSH command configuration
Elixir tests (mix credo + mix test)	Checkout	2026-09-24T01:59:40.5992646Z [command]/usr/bin/git config --local --name-only --get-regexp core\.sshCommand
Elixir tests (mix credo + mix test)	Checkout	2026-09-24T01:59:40.6040076Z [command]/usr/bin/git submodule foreach --recursive sh -c "git config --local --name-only --get-regexp 'core\.sshCommand' && git config --local --unset-all 'core.sshCommand' || :"
Elixir tests (mix credo + mix test)	Checkout	2026-09-24T01:59:40.6265991Z Removing HTTP extra header
Elixir tests (mix credo + mix test)	Checkout	2026-09-24T01:59:40.6271130Z [command]/usr/bin/git config --local --name-only --get-regexp http\.https\:\/\/github\.com\/\.extraheader
Elixir tests (mix credo + mix test)	Checkout	2026-09-24T01:59:40.6309704Z [command]/usr/bin/git submodule foreach --recursive sh -c "git config --local --name-only --get-regexp 'http\.https\:\/\/github\.com\/\.extraheader' && git config --local --unset-all 'http.https://github.com/.extraheader' || :"
Elixir tests (mix credo + mix test)	Checkout	2026-09-24T01:59:40.6564867Z Removing includeIf entries pointing to credentials config files
Elixir tests (mix credo + mix test)	Checkout	2026-09-24T01:59:40.6569918Z [command]/usr/bin/git config --local --name-only --get-regexp ^includeIf\.gitdir:
Elixir tests (mix credo + mix test)	Checkout	2026-09-24T01:59:40.6605986Z includeif.gitdir:/home/runner/work/ggen_igniter/ggen_igniter/.git.path
Elixir tests (mix credo + mix test)	Checkout	2026-09-24T01:59:40.6607049Z includeif.gitdir:/home/runner/work/ggen_igniter/ggen_igniter/.git/worktrees/*.path
Elixir tests (mix credo + mix test)	Checkout	2026-09-24T01:59:40.6608354Z includeif.gitdir:/github/workspace/.git.path
Elixir tests (mix credo + mix test)	Checkout	2026-09-24T01:59:40.6609477Z includeif.gitdir:/github/workspace/.git/worktrees/*.path
Elixir tests (mix credo + mix test)	Checkout	2026-09-24T01:59:40.6617274Z [command]/usr/bin/git config --local --get-all includeif.gitdir:/home/runner/work/ggen_igniter/ggen_igniter/.git.path
Elixir tests (mix credo + mix test)	Checkout	2026-09-24T01:59:40.6646963Z /home/runner/work/_temp/git-credentials-5c773445-8036-43aa-904e-2a6b045a02b9.config
Elixir tests (mix credo + mix test)	Checkout	2026-09-24T01:59:40.6661884Z [command]/usr/bin/git config --local --unset includeif.gitdir:/home/runner/work/ggen_igniter/ggen_igniter/.git.path /home/runner/work/_temp/git-credentials-5c773445-8036-43aa-904e-2a6b045a02b9.config
Elixir tests (mix credo + mix test)	Checkout	2026-09-24T01:59:40.6704921Z [command]/usr/bin/git config --local --get-all includeif.gitdir:/home/runner/work/ggen_igniter/ggen_igniter/.git/worktrees/*.path
Elixir tests (mix credo + mix test)	Checkout	2026-09-24T01:59:40.6736651Z /home/runner/work/_temp/git-credentials-5c773445-8036-43aa-904e-2a6b045a02b9.config
Elixir tests (mix credo + mix test)	Checkout	2026-09-24T01:59:40.6748449Z [command]/usr/bin/git config --local --unset includeif.gitdir:/home/runner/work/ggen_igniter/ggen_igniter/.git/worktrees/*.path /home/runner/work/_temp/git-credentials-5c773445-8036-43aa-904e-2a6b045a02b9.config
Elixir tests (mix credo + mix test)	Checkout	2026-09-24T01:59:40.6806543Z [command]/usr/bin/git config --local --get-all includeif.gitdir:/github/workspace/.git.path
Elixir tests (mix credo + mix test)	Checkout	2026-09-24T01:59:40.6837918Z /github/runner_temp/git-credentials-5c773445-8036-43aa-904e-2a6b045a02b9.config
Elixir tests (mix credo + mix test)	Checkout	2026-09-24T01:59:40.6866915Z [command]/usr/bin/git config --local --unset includeif.gitdir:/github/workspace/.git.path /github/runner_temp/git-credentials-5c773445-8036-43aa-904e-2a6b045a02b9.config
Elixir tests (mix credo + mix test)	Checkout	2026-09-24T01:59:40.6905369Z [command]/usr/bin/git config --local --get-all includeif.gitdir:/github/workspace/.git/worktrees/*.path
Elixir tests (mix credo + mix test)	Checkout	2026-09-24T01:59:40.6934214Z /github/runner_temp/git-credentials-5c773445-8036-43aa-904e-2a6b045a02b9.config
Elixir tests (mix credo + mix test)	Checkout	2026-09-24T01:59:40.6943409Z [command]/usr/bin/git config --local --unset includeif.gitdir:/github/workspace/.git/worktrees/*.path /github/runner_temp/git-credentials-5c773445-8036-43aa-904e-2a6b045a02b9.config
Elixir tests (mix credo + mix test)	Checkout	2026-09-24T01:59:40.6981903Z [command]/usr/bin/git submodule foreach --recursive git config --local --show-origin --name-only --get-regexp remote.origin.url
Elixir tests (mix credo + mix test)	Checkout	2026-09-24T01:59:40.7231161Z Removing credentials config '/home/runner/work/_temp/git-credentials-5c773445-8036-43aa-904e-2a6b045a02b9.config'
Elixir tests (mix credo + mix test)	Checkout	2026-09-24T01:59:40.7240371Z ##[endgroup]
Elixir tests (mix credo + mix test)	Clone ex4pm fixture repo (full history, not shallow -- see comment)	﻿2026-09-24T01:59:40.7453787Z ##[group]Run set -euo pipefail
Elixir tests (mix credo + mix test)	Clone ex4pm fixture repo (full history, not shallow -- see comment)	2026-09-24T01:59:40.7454735Z ^[[36;1mset -euo pipefail^[[0m
Elixir tests (mix credo + mix test)	Clone ex4pm fixture repo (full history, not shallow -- see comment)	2026-09-24T01:59:40.7455473Z ^[[36;1mgit clone --quiet https://github.com/seanchatmangpt/ex4pm.git "$HOME/ex4pm"^[[0m
Elixir tests (mix credo + mix test)	Clone ex4pm fixture repo (full history, not shallow -- see comment)	2026-09-24T01:59:40.7456236Z ^[[36;1mgit -C "$HOME/ex4pm" cat-file -e 725f495^ && \^[[0m
Elixir tests (mix credo + mix test)	Clone ex4pm fixture repo (full history, not shallow -- see comment)	2026-09-24T01:59:40.7456868Z ^[[36;1m  echo "confirmed: 725f495^ reachable in $HOME/ex4pm history"^[[0m
Elixir tests (mix credo + mix test)	Clone ex4pm fixture repo (full history, not shallow -- see comment)	2026-09-24T01:59:40.7498710Z shell: /usr/bin/bash --noprofile --norc -e -o pipefail {0}
Elixir tests (mix credo + mix test)	Clone ex4pm fixture repo (full history, not shallow -- see comment)	2026-09-24T01:59:40.7499322Z ##[endgroup]
Elixir tests (mix credo + mix test)	Clone ex4pm fixture repo (full history, not shallow -- see comment)	2026-09-24T01:59:41.9891283Z confirmed: 725f495^ reachable in /home/runner/ex4pm history
Elixir tests (mix credo + mix test)	Install ggen (pinned release, checksum-verified)	﻿2026-09-24T01:59:41.9935550Z ##[group]Run set -euo pipefail
Elixir tests (mix credo + mix test)	Install ggen (pinned release, checksum-verified)	2026-09-24T01:59:41.9935985Z ^[[36;1mset -euo pipefail^[[0m
Elixir tests (mix credo + mix test)	Install ggen (pinned release, checksum-verified)	2026-09-24T01:59:41.9936344Z ^[[36;1mmkdir -p "$HOME/.local/bin"^[[0m
Elixir tests (mix credo + mix test)	Install ggen (pinned release, checksum-verified)	2026-09-24T01:59:41.9936792Z ^[[36;1marchive="$RUNNER_TEMP/ggen-x86_64-unknown-linux-gnu.tar.gz"^[[0m
Elixir tests (mix credo + mix test)	Install ggen (pinned release, checksum-verified)	2026-09-24T01:59:41.9937367Z ^[[36;1mcurl --fail --location --silent --show-error --retry 3 \^[[0m
Elixir tests (mix credo + mix test)	Install ggen (pinned release, checksum-verified)	2026-09-24T01:59:41.9937776Z ^[[36;1m  --proto '=https' --tlsv1.2 \^[[0m
Elixir tests (mix credo + mix test)	Install ggen (pinned release, checksum-verified)	2026-09-24T01:59:41.9938137Z ^[[36;1m  -o "$archive" \^[[0m
Elixir tests (mix credo + mix test)	Install ggen (pinned release, checksum-verified)	2026-09-24T01:59:41.9939006Z ^[[36;1m  https://github.com/seanchatmangpt/ggen/releases/download/v26.8.28/ggen-x86_64-unknown-linux-gnu.tar.gz^[[0m
Elixir tests (mix credo + mix test)	Install ggen (pinned release, checksum-verified)	2026-09-24T01:59:41.9940032Z ^[[36;1mecho 'ccb9fe78ef0c84d8b240b45beb6e73f47e2c930d5db3efcf9a0e58dfe071d313  '"$archive" | sha256sum --check --strict^[[0m
Elixir tests (mix credo + mix test)	Install ggen (pinned release, checksum-verified)	2026-09-24T01:59:41.9940751Z ^[[36;1mtar -xzf "$archive" -C "$HOME/.local/bin" ggen^[[0m
Elixir tests (mix credo + mix test)	Install ggen (pinned release, checksum-verified)	2026-09-24T01:59:41.9941136Z ^[[36;1mchmod +x "$HOME/.local/bin/ggen"^[[0m
Elixir tests (mix credo + mix test)	Install ggen (pinned release, checksum-verified)	2026-09-24T01:59:41.9941526Z ^[[36;1mecho "$HOME/.local/bin" >> "$GITHUB_PATH"^[[0m
Elixir tests (mix credo + mix test)	Install ggen (pinned release, checksum-verified)	2026-09-24T01:59:41.9987426Z shell: /usr/bin/bash --noprofile --norc -e -o pipefail {0}
Elixir tests (mix credo + mix test)	Install ggen (pinned release, checksum-verified)	2026-09-24T01:59:41.9987874Z ##[endgroup]
Elixir tests (mix credo + mix test)	Install ggen (pinned release, checksum-verified)	2026-09-24T01:59:42.7178067Z /home/runner/work/_temp/ggen-x86_64-unknown-linux-gnu.tar.gz: OK
Elixir tests (mix credo + mix test)	Set up Erlang/OTP + Elixir + rebar3	﻿2026-09-24T01:59:42.9347757Z ##[group]Run erlef/setup-beam@54075bcc5e249e4758d363f27d099f55d843f124
Elixir tests (mix credo + mix test)	Set up Erlang/OTP + Elixir + rebar3	2026-09-24T01:59:42.9348182Z with:
Elixir tests (mix credo + mix test)	Set up Erlang/OTP + Elixir + rebar3	2026-09-24T01:59:42.9348392Z   elixir-version: 1.18.4
Elixir tests (mix credo + mix test)	Set up Erlang/OTP + Elixir + rebar3	2026-09-24T01:59:42.9348625Z   otp-version: 27.2.4
Elixir tests (mix credo + mix test)	Set up Erlang/OTP + Elixir + rebar3	2026-09-24T01:59:42.9348861Z   rebar3-version: 3.24.0
Elixir tests (mix credo + mix test)	Set up Erlang/OTP + Elixir + rebar3	2026-09-24T01:59:42.9351527Z   github-token: ***
Elixir tests (mix credo + mix test)	Set up Erlang/OTP + Elixir + rebar3	2026-09-24T01:59:42.9351759Z   otp-architecture: 64
Elixir tests (mix credo + mix test)	Set up Erlang/OTP + Elixir + rebar3	2026-09-24T01:59:42.9351984Z   install-hex: true
Elixir tests (mix credo + mix test)	Set up Erlang/OTP + Elixir + rebar3	2026-09-24T01:59:42.9352194Z   install-rebar: true
Elixir tests (mix credo + mix test)	Set up Erlang/OTP + Elixir + rebar3	2026-09-24T01:59:42.9352412Z   version-type: loose
Elixir tests (mix credo + mix test)	Set up Erlang/OTP + Elixir + rebar3	2026-09-24T01:59:42.9352638Z   disable_problem_matchers: false
Elixir tests (mix credo + mix test)	Set up Erlang/OTP + Elixir + rebar3	2026-09-24T01:59:42.9352921Z   hexpm-mirrors: https://builds.hex.pm
Elixir tests (mix credo + mix test)	Set up Erlang/OTP + Elixir + rebar3	
Elixir tests (mix credo + mix test)	Set up Erlang/OTP + Elixir + rebar3	2026-09-24T01:59:42.9353200Z ##[endgroup]
Elixir tests (mix credo + mix test)	Set up Erlang/OTP + Elixir + rebar3	2026-09-24T01:59:43.1531742Z ##[group]Installing Erlang/OTP OTP-27.2.4 - built on amd64/ubuntu-24.04
Elixir tests (mix credo + mix test)	Set up Erlang/OTP + Elixir + rebar3	2026-09-24T01:59:43.5949246Z [command]/usr/bin/tar zx --strip-components=1 --warning=no-unknown-keyword --overwrite -C /home/runner/work/_temp/4ef6c623-c7ea-4ed2-9921-12855b954336 -f /home/runner/work/_temp/d173fbcb-c01f-4903-82ea-8f02c9269b9c
Elixir tests (mix credo + mix test)	Set up Erlang/OTP + Elixir + rebar3	2026-09-24T01:59:47.5806444Z [command]/home/runner/work/_temp/.setup-beam/otp/Install -minimal /home/runner/work/_temp/.setup-beam/otp
Elixir tests (mix credo + mix test)	Set up Erlang/OTP + Elixir + rebar3	2026-09-24T01:59:47.6116215Z Installed Erlang/OTP version
Elixir tests (mix credo + mix test)	Set up Erlang/OTP + Elixir + rebar3	2026-09-24T01:59:47.6135925Z [command]/home/runner/work/_temp/.setup-beam/otp/bin/erl -version
Elixir tests (mix credo + mix test)	Set up Erlang/OTP + Elixir + rebar3	2026-09-24T01:59:47.6259307Z Erlang (SMP,ASYNC_THREADS) (BEAM) emulator version 15.2.2
Elixir tests (mix credo + mix test)	Set up Erlang/OTP + Elixir + rebar3	2026-09-24T01:59:47.6303492Z ##[endgroup]
Elixir tests (mix credo + mix test)	Set up Erlang/OTP + Elixir + rebar3	2026-09-24T01:59:47.6305415Z [command]/home/runner/work/_temp/.setup-beam/otp/bin/erl -noshell -eval io:format(erlang:system_info(otp_release)), halt().
Elixir tests (mix credo + mix test)	Set up Erlang/OTP + Elixir + rebar3	2026-09-24T01:59:47.8849100Z 27::debug::Was not able to coerce latest with semver
Elixir tests (mix credo + mix test)	Set up Erlang/OTP + Elixir + rebar3	2026-09-24T01:59:47.8866763Z Using Elixir 1.18.4 (built for Erlang/OTP 27)
Elixir tests (mix credo + mix test)	Set up Erlang/OTP + Elixir + rebar3	2026-09-24T01:59:47.8867665Z ##[group]Installing Elixir v1.18.4-otp-27
Elixir tests (mix credo + mix test)	Set up Erlang/OTP + Elixir + rebar3	2026-09-24T01:59:47.9601291Z [command]/usr/bin/unzip -o -q /home/runner/work/_temp/1aaef113-cd55-4637-9e4b-a866cb5ad5a6
Elixir tests (mix credo + mix test)	Set up Erlang/OTP + Elixir + rebar3	2026-09-24T01:59:48.4241650Z Installed Elixir version
Elixir tests (mix credo + mix test)	Set up Erlang/OTP + Elixir + rebar3	2026-09-24T01:59:48.4267104Z [command]/home/runner/work/_temp/.setup-beam/elixir/bin/elixir -v
Elixir tests (mix credo + mix test)	Set up Erlang/OTP + Elixir + rebar3	2026-09-24T01:59:48.6464879Z Erlang/OTP 27 [erts-15.2.2] [source] [64-bit] [smp:4:4] [ds:4:4:10] [async-threads:1] [jit:ns]
Elixir tests (mix credo + mix test)	Set up Erlang/OTP + Elixir + rebar3	2026-09-24T01:59:48.6465981Z 
Elixir tests (mix credo + mix test)	Set up Erlang/OTP + Elixir + rebar3	2026-09-24T01:59:48.6526464Z Elixir 1.18.4 (compiled with Erlang/OTP 27)
Elixir tests (mix credo + mix test)	Set up Erlang/OTP + Elixir + rebar3	2026-09-24T01:59:48.6582076Z ##[endgroup]
Elixir tests (mix credo + mix test)	Set up Erlang/OTP + Elixir + rebar3	2026-09-24T01:59:48.6582868Z ##[group]Running mix local.rebar,--force
Elixir tests (mix credo + mix test)	Set up Erlang/OTP + Elixir + rebar3	2026-09-24T01:59:48.6589521Z [command]/home/runner/work/_temp/.setup-beam/elixir/bin/mix local.rebar --force
Elixir tests (mix credo + mix test)	Set up Erlang/OTP + Elixir + rebar3	2026-09-24T01:59:49.3942533Z * creating /home/runner/.mix/elixir/1-18-otp-27/rebar3
Elixir tests (mix credo + mix test)	Set up Erlang/OTP + Elixir + rebar3	2026-09-24T01:59:49.4017712Z ##[endgroup]
Elixir tests (mix credo + mix test)	Set up Erlang/OTP + Elixir + rebar3	2026-09-24T01:59:49.4018385Z ##[group]Running mix local.hex,--force
Elixir tests (mix credo + mix test)	Set up Erlang/OTP + Elixir + rebar3	2026-09-24T01:59:49.4035936Z [command]/home/runner/work/_temp/.setup-beam/elixir/bin/mix local.hex --force
Elixir tests (mix credo + mix test)	Set up Erlang/OTP + Elixir + rebar3	2026-09-24T01:59:50.4523350Z * creating /home/runner/.mix/archives/hex-2.5.1
Elixir tests (mix credo + mix test)	Set up Erlang/OTP + Elixir + rebar3	2026-09-24T01:59:50.4609992Z ##[endgroup]
Elixir tests (mix credo + mix test)	Set up Erlang/OTP + Elixir + rebar3	2026-09-24T01:59:50.9384070Z ##[group]Installing rebar3 3.24.0
Elixir tests (mix credo + mix test)	Set up Erlang/OTP + Elixir + rebar3	2026-09-24T01:59:51.2074748Z Installed Rebar3 version
Elixir tests (mix credo + mix test)	Set up Erlang/OTP + Elixir + rebar3	2026-09-24T01:59:51.2100678Z [command]/home/runner/work/_temp/.setup-beam/rebar3/bin/rebar3 version
Elixir tests (mix credo + mix test)	Set up Erlang/OTP + Elixir + rebar3	2026-09-24T01:59:51.5039183Z rebar 3.24.0 on Erlang/OTP 27 Erts 15.2.2
Elixir tests (mix credo + mix test)	Set up Erlang/OTP + Elixir + rebar3	2026-09-24T01:59:51.5081699Z ##[endgroup]
Elixir tests (mix credo + mix test)	Cache mix dependencies	﻿2026-09-24T01:59:51.5863966Z ##[group]Run actions/cache@0057852bfaa89a56745cba8c7296529d2fc39830
Elixir tests (mix credo + mix test)	Cache mix dependencies	2026-09-24T01:59:51.5864657Z with:
Elixir tests (mix credo + mix test)	Cache mix dependencies	2026-09-24T01:59:51.5865112Z   restore-keys: Linux-mix-deps-27.2.4-1.18.4-
Elixir tests (mix credo + mix test)	Cache mix dependencies	Linux-mix-deps-27.2.4-
Elixir tests (mix credo + mix test)	Cache mix dependencies	Linux-mix-deps-
Elixir tests (mix credo + mix test)	Cache mix dependencies	
Elixir tests (mix credo + mix test)	Cache mix dependencies	2026-09-24T01:59:51.5865779Z   key: Linux-mix-deps-27.2.4-1.18.4-fbfa9fca4422c9b0b149af177cd4b563cf6f8740c95a911f9e5754e35d32a73d
Elixir tests (mix credo + mix test)	Cache mix dependencies	2026-09-24T01:59:51.5866286Z   path: deps
Elixir tests (mix credo + mix test)	Cache mix dependencies	~/.hex
Elixir tests (mix credo + mix test)	Cache mix dependencies	~/.mix
Elixir tests (mix credo + mix test)	Cache mix dependencies	
Elixir tests (mix credo + mix test)	Cache mix dependencies	2026-09-24T01:59:51.5866542Z   enableCrossOsArchive: false
Elixir tests (mix credo + mix test)	Cache mix dependencies	2026-09-24T01:59:51.5866792Z   fail-on-cache-miss: false
Elixir tests (mix credo + mix test)	Cache mix dependencies	2026-09-24T01:59:51.5867028Z   lookup-only: false
Elixir tests (mix credo + mix test)	Cache mix dependencies	2026-09-24T01:59:51.5867238Z   save-always: false
Elixir tests (mix credo + mix test)	Cache mix dependencies	2026-09-24T01:59:51.5867432Z env:
Elixir tests (mix credo + mix test)	Cache mix dependencies	2026-09-24T01:59:51.5867708Z   INSTALL_DIR_FOR_OTP: /home/runner/work/_temp/.setup-beam/otp
Elixir tests (mix credo + mix test)	Cache mix dependencies	2026-09-24T01:59:51.5868136Z   INSTALL_DIR_FOR_ELIXIR: /home/runner/work/_temp/.setup-beam/elixir
Elixir tests (mix credo + mix test)	Cache mix dependencies	2026-09-24T01:59:51.5868564Z   INSTALL_DIR_FOR_REBAR3: /home/runner/work/_temp/.setup-beam/rebar3
Elixir tests (mix credo + mix test)	Cache mix dependencies	2026-09-24T01:59:51.5868907Z ##[endgroup]
Elixir tests (mix credo + mix test)	Cache mix dependencies	2026-09-24T01:59:51.6932221Z (node:2599) [DEP0040] DeprecationWarning: The `punycode` module is deprecated. Please use a userland alternative instead.
Elixir tests (mix credo + mix test)	Cache mix dependencies	2026-09-24T01:59:51.6933335Z (Use `node --trace-deprecation ...` to show where the warning was created)
Elixir tests (mix credo + mix test)	Cache mix dependencies	2026-09-24T01:59:51.9463811Z Cache not found for input keys: Linux-mix-deps-27.2.4-1.18.4-fbfa9fca4422c9b0b149af177cd4b563cf6f8740c95a911f9e5754e35d32a73d, Linux-mix-deps-27.2.4-1.18.4-, Linux-mix-deps-27.2.4-, Linux-mix-deps-
Elixir tests (mix credo + mix test)	Cache exact compiled build	﻿2026-09-24T01:59:52.1000211Z ##[group]Run actions/cache@0057852bfaa89a56745cba8c7296529d2fc39830
Elixir tests (mix credo + mix test)	Cache exact compiled build	2026-09-24T01:59:52.1000611Z with:
Elixir tests (mix credo + mix test)	Cache exact compiled build	2026-09-24T01:59:52.1001044Z   key: Linux-mix-build-27.2.4-1.18.4-c90adab6931fd88e0acd756512e5ac346c417f38c9a0cc3024cdf47a44ca4a9c
Elixir tests (mix credo + mix test)	Cache exact compiled build	2026-09-24T01:59:52.1001765Z   path: _build
Elixir tests (mix credo + mix test)	Cache exact compiled build	2026-09-24T01:59:52.1001987Z   enableCrossOsArchive: false
Elixir tests (mix credo + mix test)	Cache exact compiled build	2026-09-24T01:59:52.1002242Z   fail-on-cache-miss: false
Elixir tests (mix credo + mix test)	Cache exact compiled build	2026-09-24T01:59:52.1002477Z   lookup-only: false
Elixir tests (mix credo + mix test)	Cache exact compiled build	2026-09-24T01:59:52.1002690Z   save-always: false
Elixir tests (mix credo + mix test)	Cache exact compiled build	2026-09-24T01:59:52.1002890Z env:
Elixir tests (mix credo + mix test)	Cache exact compiled build	2026-09-24T01:59:52.1003151Z   INSTALL_DIR_FOR_OTP: /home/runner/work/_temp/.setup-beam/otp
Elixir tests (mix credo + mix test)	Cache exact compiled build	2026-09-24T01:59:52.1003583Z   INSTALL_DIR_FOR_ELIXIR: /home/runner/work/_temp/.setup-beam/elixir
Elixir tests (mix credo + mix test)	Cache exact compiled build	2026-09-24T01:59:52.1004026Z   INSTALL_DIR_FOR_REBAR3: /home/runner/work/_temp/.setup-beam/rebar3
Elixir tests (mix credo + mix test)	Cache exact compiled build	2026-09-24T01:59:52.1004642Z ##[endgroup]
Elixir tests (mix credo + mix test)	Cache exact compiled build	2026-09-24T01:59:52.2041337Z (node:2623) [DEP0040] DeprecationWarning: The `punycode` module is deprecated. Please use a userland alternative instead.
Elixir tests (mix credo + mix test)	Cache exact compiled build	2026-09-24T01:59:52.2042403Z (Use `node --trace-deprecation ...` to show where the warning was created)
Elixir tests (mix credo + mix test)	Cache exact compiled build	2026-09-24T01:59:52.4604962Z Cache not found for input keys: Linux-mix-build-27.2.4-1.18.4-c90adab6931fd88e0acd756512e5ac346c417f38c9a0cc3024cdf47a44ca4a9c
Elixir tests (mix credo + mix test)	Cache NIF cargo target	﻿2026-09-24T01:59:52.5319418Z ##[group]Run actions/cache@0057852bfaa89a56745cba8c7296529d2fc39830
Elixir tests (mix credo + mix test)	Cache NIF cargo target	2026-09-24T01:59:52.5319812Z with:
Elixir tests (mix credo + mix test)	Cache NIF cargo target	2026-09-24T01:59:52.5320246Z   key: Linux-nif-target-27.2.4-1.18.4-6e7b78f1038f4a17b73c21a2f33ae5c57ec8fe127b7b8f400f6cf9df2c1a7677
Elixir tests (mix credo + mix test)	Cache NIF cargo target	2026-09-24T01:59:52.5321516Z   path: native/ggen_graph_nif/target
Elixir tests (mix credo + mix test)	Cache NIF cargo target	2026-09-24T01:59:52.5321815Z   enableCrossOsArchive: false
Elixir tests (mix credo + mix test)	Cache NIF cargo target	2026-09-24T01:59:52.5322129Z   fail-on-cache-miss: false
Elixir tests (mix credo + mix test)	Cache NIF cargo target	2026-09-24T01:59:52.5322371Z   lookup-only: false
Elixir tests (mix credo + mix test)	Cache NIF cargo target	2026-09-24T01:59:52.5322582Z   save-always: false
Elixir tests (mix credo + mix test)	Cache NIF cargo target	2026-09-24T01:59:52.5322780Z env:
Elixir tests (mix credo + mix test)	Cache NIF cargo target	2026-09-24T01:59:52.5323036Z   INSTALL_DIR_FOR_OTP: /home/runner/work/_temp/.setup-beam/otp
Elixir tests (mix credo + mix test)	Cache NIF cargo target	2026-09-24T01:59:52.5323466Z   INSTALL_DIR_FOR_ELIXIR: /home/runner/work/_temp/.setup-beam/elixir
Elixir tests (mix credo + mix test)	Cache NIF cargo target	2026-09-24T01:59:52.5323901Z   INSTALL_DIR_FOR_REBAR3: /home/runner/work/_temp/.setup-beam/rebar3
Elixir tests (mix credo + mix test)	Cache NIF cargo target	2026-09-24T01:59:52.5324247Z ##[endgroup]
Elixir tests (mix credo + mix test)	Cache NIF cargo target	2026-09-24T01:59:52.6412301Z (node:2647) [DEP0040] DeprecationWarning: The `punycode` module is deprecated. Please use a userland alternative instead.
Elixir tests (mix credo + mix test)	Cache NIF cargo target	2026-09-24T01:59:52.6413347Z (Use `node --trace-deprecation ...` to show where the warning was created)
Elixir tests (mix credo + mix test)	Cache NIF cargo target	2026-09-24T01:59:52.9092215Z Cache not found for input keys: Linux-nif-target-27.2.4-1.18.4-6e7b78f1038f4a17b73c21a2f33ae5c57ec8fe127b7b8f400f6cf9df2c1a7677
Elixir tests (mix credo + mix test)	mix deps.get	﻿2026-09-24T01:59:52.9172206Z ##[group]Run mix deps.get
Elixir tests (mix credo + mix test)	mix deps.get	2026-09-24T01:59:52.9172494Z ^[[36;1mmix deps.get^[[0m
Elixir tests (mix credo + mix test)	mix deps.get	2026-09-24T01:59:52.9210033Z shell: /usr/bin/bash --noprofile --norc -e -o pipefail {0}
Elixir tests (mix credo + mix test)	mix deps.get	2026-09-24T01:59:52.9210385Z env:
Elixir tests (mix credo + mix test)	mix deps.get	2026-09-24T01:59:52.9210662Z   INSTALL_DIR_FOR_OTP: /home/runner/work/_temp/.setup-beam/otp
Elixir tests (mix credo + mix test)	mix deps.get	2026-09-24T01:59:52.9211111Z   INSTALL_DIR_FOR_ELIXIR: /home/runner/work/_temp/.setup-beam/elixir
Elixir tests (mix credo + mix test)	mix deps.get	2026-09-24T01:59:52.9211570Z   INSTALL_DIR_FOR_REBAR3: /home/runner/work/_temp/.setup-beam/rebar3
Elixir tests (mix credo + mix test)	mix deps.get	2026-09-24T01:59:52.9211931Z ##[endgroup]
Elixir tests (mix credo + mix test)	mix deps.get	2026-09-24T01:59:54.3296775Z Resolving Hex dependencies...
Elixir tests (mix credo + mix test)	mix deps.get	2026-09-24T01:59:55.1008829Z Resolution completed in 0.768s
Elixir tests (mix credo + mix test)	mix deps.get	2026-09-24T01:59:55.2921899Z Unchanged:
Elixir tests (mix credo + mix test)	mix deps.get	2026-09-24T01:59:55.2922457Z   a2a 0.2.0
Elixir tests (mix credo + mix test)	mix deps.get	2026-09-24T01:59:55.2937077Z   abnf_parsec 2.1.0
Elixir tests (mix credo + mix test)	mix deps.get	2026-09-24T01:59:55.2937498Z   ash 3.33.1 VULNERABLE!
Elixir tests (mix credo + mix test)	mix deps.get	2026-09-24T01:59:55.2937944Z     EEF-CVE-2026-86338 (MEDIUM)
Elixir tests (mix credo + mix test)	mix deps.get	2026-09-24T01:59:55.2938474Z     aka: CVE-2026-86338, GHSA-7qr8-wrvq-566q
Elixir tests (mix credo + mix test)	mix deps.get	2026-09-24T01:59:55.2939693Z     Ash field policies do not filter-nil forbidden calculations and aggregates, enabling an information-disclosure oracle
Elixir tests (mix credo + mix test)	mix deps.get	2026-09-24T01:59:55.2941066Z     https://osv.dev/vulnerability/EEF-CVE-2026-86338
Elixir tests (mix credo + mix test)	mix deps.get	2026-09-24T01:59:55.2941739Z   ash_a2a 26.9.17
Elixir tests (mix credo + mix test)	mix deps.get	2026-09-24T01:59:55.2942161Z   ash_ai 1.0.3
Elixir tests (mix credo + mix test)	mix deps.get	2026-09-24T01:59:55.2942587Z   ash_json_api 1.7.1
Elixir tests (mix credo + mix test)	mix deps.get	2026-09-24T01:59:55.2943036Z   ash_oban 0.8.14
Elixir tests (mix credo + mix test)	mix deps.get	2026-09-24T01:59:55.2943484Z   ash_postgres 2.13.1
Elixir tests (mix credo + mix test)	mix deps.get	2026-09-24T01:59:55.2943937Z   ash_r2rml 26.9.12
Elixir tests (mix credo + mix test)	mix deps.get	2026-09-24T01:59:55.2944602Z   ash_sql 0.7.3
Elixir tests (mix credo + mix test)	mix deps.get	2026-09-24T01:59:55.2945067Z   ash_state_machine 0.2.13
Elixir tests (mix credo + mix test)	mix deps.get	2026-09-24T01:59:55.2945550Z   bandit 1.12.5
Elixir tests (mix credo + mix test)	mix deps.get	2026-09-24T01:59:55.2945956Z   bunt 1.0.0
Elixir tests (mix credo + mix test)	mix deps.get	2026-09-24T01:59:55.2946748Z   cc_precompiler 0.1.11
Elixir tests (mix credo + mix test)	mix deps.get	2026-09-24T01:59:55.2947232Z   content_type 0.1.0
Elixir tests (mix credo + mix test)	mix deps.get	2026-09-24T01:59:55.2947681Z   conv_case 0.2.3
Elixir tests (mix credo + mix test)	mix deps.get	2026-09-24T01:59:55.2948113Z   credo 1.7.19
Elixir tests (mix credo + mix test)	mix deps.get	2026-09-24T01:59:55.2948455Z   crux 0.1.4
Elixir tests (mix credo + mix test)	mix deps.get	2026-09-24T01:59:55.2948787Z   db_connection 2.10.2
Elixir tests (mix credo + mix test)	mix deps.get	2026-09-24T01:59:55.2949151Z   dcat 0.1.1
Elixir tests (mix credo + mix test)	mix deps.get	2026-09-24T01:59:55.2949465Z   dcatr 0.1.0
Elixir tests (mix credo + mix test)	mix deps.get	2026-09-24T01:59:55.2949800Z   decimal 3.1.1
Elixir tests (mix credo + mix test)	mix deps.get	2026-09-24T01:59:55.2950136Z   dialyxir 1.4.7
Elixir tests (mix credo + mix test)	mix deps.get	2026-09-24T01:59:55.2950477Z   dotenvy 1.2.1
Elixir tests (mix credo + mix test)	mix deps.get	2026-09-24T01:59:55.2950828Z   durable_server 0.1.5
Elixir tests (mix credo + mix test)	mix deps.get	2026-09-24T01:59:55.2951209Z   earmark_parser 1.4.46
Elixir tests (mix credo + mix test)	mix deps.get	2026-09-24T01:59:55.2951575Z   ecto 3.14.2
Elixir tests (mix credo + mix test)	mix deps.get	2026-09-24T01:59:55.2951909Z   ecto_sql 3.14.0
Elixir tests (mix credo + mix test)	mix deps.get	2026-09-24T01:59:55.2952248Z   ekv 0.4.3
Elixir tests (mix credo + mix test)	mix deps.get	2026-09-24T01:59:55.2952575Z   elixir_make 0.10.0
Elixir tests (mix credo + mix test)	mix deps.get	2026-09-24T01:59:55.2952928Z   erlex 0.2.9
Elixir tests (mix credo + mix test)	mix deps.get	2026-09-24T01:59:55.2953248Z   ets 0.9.0
Elixir tests (mix credo + mix test)	mix deps.get	2026-09-24T01:59:55.2953564Z   ex_ast 0.13.1
Elixir tests (mix credo + mix test)	mix deps.get	2026-09-24T01:59:55.2953899Z   ex_doc 0.40.3
Elixir tests (mix credo + mix test)	mix deps.get	2026-09-24T01:59:55.2954239Z   excoveralls 0.18.5
Elixir tests (mix credo + mix test)	mix deps.get	2026-09-24T01:59:55.2954786Z   faker 0.18.0
Elixir tests (mix credo + mix test)	mix deps.get	2026-09-24T01:59:55.2955125Z   file_system 1.1.1
Elixir tests (mix credo + mix test)	mix deps.get	2026-09-24T01:59:55.2955470Z   finch 0.23.0
Elixir tests (mix credo + mix test)	mix deps.get	2026-09-24T01:59:55.2955890Z   flame 0.5.4
Elixir tests (mix credo + mix test)	mix deps.get	2026-09-24T01:59:55.2956209Z   foaf 0.1.1
Elixir tests (mix credo + mix test)	mix deps.get	2026-09-24T01:59:55.2956530Z   glob_ex 0.1.12
Elixir tests (mix credo + mix test)	mix deps.get	2026-09-24T01:59:55.2956889Z   gno 0.1.0
Elixir tests (mix credo + mix test)	mix deps.get	2026-09-24T01:59:55.2957197Z   grax 0.6.1
Elixir tests (mix credo + mix test)	mix deps.get	2026-09-24T01:59:55.2957528Z   group 0.2.1
Elixir tests (mix credo + mix test)	mix deps.get	2026-09-24T01:59:55.2957844Z   hpax 1.0.4
Elixir tests (mix credo + mix test)	mix deps.get	2026-09-24T01:59:55.2958172Z   idna 7.1.0
Elixir tests (mix credo + mix test)	mix deps.get	2026-09-24T01:59:55.2958514Z   igniter 0.8.3 VULNERABLE!
Elixir tests (mix credo + mix test)	mix deps.get	2026-09-24T01:59:55.2958926Z     EEF-CVE-2026-82584 (LOW)
Elixir tests (mix credo + mix test)	mix deps.get	2026-09-24T01:59:55.2959366Z     aka: CVE-2026-82584, GHSA-cj7w-j579-gc42
Elixir tests (mix credo + mix test)	mix deps.get	2026-09-24T01:59:55.2960247Z     Terminal escape sequence injection in the mix igniter.install confirmation prompt via package metadata
Elixir tests (mix credo + mix test)	mix deps.get	2026-09-24T01:59:55.2961184Z     https://osv.dev/vulnerability/EEF-CVE-2026-82584
Elixir tests (mix credo + mix test)	mix deps.get	2026-09-24T01:59:55.2961710Z   iterex 0.1.2
Elixir tests (mix credo + mix test)	mix deps.get	2026-09-24T01:59:55.2962047Z   jason 1.4.5
Elixir tests (mix credo + mix test)	mix deps.get	2026-09-24T01:59:55.2962367Z   jcs 0.2.0
Elixir tests (mix credo + mix test)	mix deps.get	2026-09-24T01:59:55.2962692Z   json_ld 1.0.1
Elixir tests (mix credo + mix test)	mix deps.get	2026-09-24T01:59:55.2963034Z   json_xema 0.6.5
Elixir tests (mix credo + mix test)	mix deps.get	2026-09-24T01:59:55.2963372Z   jsv 0.23.0
Elixir tests (mix credo + mix test)	mix deps.get	2026-09-24T01:59:55.2963702Z   llm_db 2026.9.4
Elixir tests (mix credo + mix test)	mix deps.get	2026-09-24T01:59:55.2964044Z   makeup 1.2.2
Elixir tests (mix credo + mix test)	mix deps.get	2026-09-24T01:59:55.2966648Z   makeup_elixir 1.0.1
Elixir tests (mix credo + mix test)	mix deps.get	2026-09-24T01:59:55.2969831Z   makeup_erlang 1.1.0
Elixir tests (mix credo + mix test)	mix deps.get	2026-09-24T01:59:55.2973696Z   mime 2.0.7
Elixir tests (mix credo + mix test)	mix deps.get	2026-09-24T01:59:55.2974672Z   mint 1.9.3 VULNERABLE!
Elixir tests (mix credo + mix test)	mix deps.get	2026-09-24T01:59:55.2975111Z     EEF-CVE-2026-82672 (MEDIUM)
Elixir tests (mix credo + mix test)	mix deps.get	2026-09-24T01:59:55.2975587Z     aka: CVE-2026-82672, GHSA-rj5m-69wp-cxq9
Elixir tests (mix credo + mix test)	mix deps.get	2026-09-24T01:59:55.2976660Z     Unvalidated chunk-size line tail in Mint HTTP/1 client enables response smuggling against strict intermediaries on pooled connections
Elixir tests (mix credo + mix test)	mix deps.get	2026-09-24T01:59:55.2977798Z     https://osv.dev/vulnerability/EEF-CVE-2026-82672
Elixir tests (mix credo + mix test)	mix deps.get	2026-09-24T01:59:55.2978197Z 
Elixir tests (mix credo + mix test)	mix deps.get	2026-09-24T01:59:55.2978365Z     EEF-CVE-2026-82729 (MEDIUM)
Elixir tests (mix credo + mix test)	mix deps.get	2026-09-24T01:59:55.2978747Z     aka: CVE-2026-82729, GHSA-7p8w-j234-7qc8
Elixir tests (mix credo + mix test)	mix deps.get	2026-09-24T01:59:55.2979194Z     Quadratic chunk-size parsing in Mint.HTTP1.Parse allows CPU-exhaustion DoS
Elixir tests (mix credo + mix test)	mix deps.get	2026-09-24T01:59:55.2979675Z     https://osv.dev/vulnerability/EEF-CVE-2026-82729
Elixir tests (mix credo + mix test)	mix deps.get	2026-09-24T01:59:55.2979900Z 
Elixir tests (mix credo + mix test)	mix deps.get	2026-09-24T01:59:55.2980008Z     EEF-CVE-2026-82728 (HIGH)
Elixir tests (mix credo + mix test)	mix deps.get	2026-09-24T01:59:55.2980275Z     aka: CVE-2026-82728, GHSA-g83f-2j6r-q6m4
Elixir tests (mix credo + mix test)	mix deps.get	2026-09-24T01:59:55.2980760Z     Unbounded HTTP/1 status-line and chunk-extension buffering in Mint causes memory-exhaustion DoS
Elixir tests (mix credo + mix test)	mix deps.get	2026-09-24T01:59:55.2981283Z     https://osv.dev/vulnerability/EEF-CVE-2026-82728
Elixir tests (mix credo + mix test)	mix deps.get	2026-09-24T01:59:55.2981720Z   multigraph 0.16.1-mg.4
Elixir tests (mix credo + mix test)	mix deps.get	2026-09-24T01:59:55.2981956Z   nimble_csv 1.3.0
Elixir tests (mix credo + mix test)	mix deps.get	2026-09-24T01:59:55.2982177Z   nimble_options 1.1.1
Elixir tests (mix credo + mix test)	mix deps.get	2026-09-24T01:59:55.2982415Z   nimble_parsec 1.4.2
Elixir tests (mix credo + mix test)	mix deps.get	2026-09-24T01:59:55.2982823Z   nimble_pool 1.1.0
Elixir tests (mix credo + mix test)	mix deps.get	2026-09-24T01:59:55.2983036Z   oban 2.24.1
Elixir tests (mix credo + mix test)	mix deps.get	2026-09-24T01:59:55.2983237Z   open_api_spex 3.22.4
Elixir tests (mix credo + mix test)	mix deps.get	2026-09-24T01:59:55.2983452Z   owl 0.13.1
Elixir tests (mix credo + mix test)	mix deps.get	2026-09-24T01:59:55.2983648Z   phoenix 1.8.14
Elixir tests (mix credo + mix test)	mix deps.get	2026-09-24T01:59:55.2983863Z   phoenix_pubsub 2.3.0
Elixir tests (mix credo + mix test)	mix deps.get	2026-09-24T01:59:55.2984305Z   phoenix_template 1.0.4
Elixir tests (mix credo + mix test)	mix deps.get	2026-09-24T01:59:55.2984724Z   plug 1.20.3
Elixir tests (mix credo + mix test)	mix deps.get	2026-09-24T01:59:55.2984938Z   plug_crypto 2.2.0
Elixir tests (mix credo + mix test)	mix deps.get	2026-09-24T01:59:55.2985152Z   postgrex 0.22.4
Elixir tests (mix credo + mix test)	mix deps.get	2026-09-24T01:59:55.2985360Z   protocol_ex 0.5.1
Elixir tests (mix credo + mix test)	mix deps.get	2026-09-24T01:59:55.2985558Z   prov 0.1.1
Elixir tests (mix credo + mix test)	mix deps.get	2026-09-24T01:59:55.2985746Z   rdf 3.0.1
Elixir tests (mix credo + mix test)	mix deps.get	2026-09-24T01:59:55.2985937Z   rdf_xml 1.2.1
Elixir tests (mix credo + mix test)	mix deps.get	2026-09-24T01:59:55.2986141Z   reactor 1.0.6
Elixir tests (mix credo + mix test)	mix deps.get	2026-09-24T01:59:55.2986343Z   req 0.7.4
Elixir tests (mix credo + mix test)	mix deps.get	2026-09-24T01:59:55.2986540Z   req_llm 1.24.0
Elixir tests (mix credo + mix test)	mix deps.get	2026-09-24T01:59:55.2986744Z   req_s3 0.2.5
Elixir tests (mix credo + mix test)	mix deps.get	2026-09-24T01:59:55.2986944Z   rewrite 1.3.0
Elixir tests (mix credo + mix test)	mix deps.get	2026-09-24T01:59:55.2987137Z   rustler 0.38.0
Elixir tests (mix credo + mix test)	mix deps.get	2026-09-24T01:59:55.2987350Z   rustler_precompiled 0.9.0
Elixir tests (mix credo + mix test)	mix deps.get	2026-09-24T01:59:55.2987608Z   saxy 1.6.1
Elixir tests (mix credo + mix test)	mix deps.get	2026-09-24T01:59:55.2987814Z   server_sent_events 1.1.0
Elixir tests (mix credo + mix test)	mix deps.get	2026-09-24T01:59:55.2988039Z   skos 0.1.1
Elixir tests (mix credo + mix test)	mix deps.get	2026-09-24T01:59:55.2988237Z   sourceror 1.12.2
Elixir tests (mix credo + mix test)	mix deps.get	2026-09-24T01:59:55.2988441Z   spark 2.7.2
Elixir tests (mix credo + mix test)	mix deps.get	2026-09-24T01:59:55.2988636Z   sparql 0.3.12
Elixir tests (mix credo + mix test)	mix deps.get	2026-09-24T01:59:55.2988841Z   sparql_client 0.5.1
Elixir tests (mix credo + mix test)	mix deps.get	2026-09-24T01:59:55.2989064Z   spitfire 0.4.0
Elixir tests (mix credo + mix test)	mix deps.get	2026-09-24T01:59:55.2989271Z   splode 0.3.2
Elixir tests (mix credo + mix test)	mix deps.get	2026-09-24T01:59:55.2989472Z   stream_data 1.4.0
Elixir tests (mix credo + mix test)	mix deps.get	2026-09-24T01:59:55.2989675Z   sweet_xml 0.7.5
Elixir tests (mix credo + mix test)	mix deps.get	2026-09-24T01:59:55.2989881Z   telemetry 1.4.2
Elixir tests (mix credo + mix test)	mix deps.get	2026-09-24T01:59:55.2990075Z   tesla 1.21.2
Elixir tests (mix credo + mix test)	mix deps.get	2026-09-24T01:59:55.2990265Z   text_diff 0.1.0
Elixir tests (mix credo + mix test)	mix deps.get	2026-09-24T01:59:55.2990463Z   texture 1.2.1
Elixir tests (mix credo + mix test)	mix deps.get	2026-09-24T01:59:55.2990669Z   thousand_island 1.5.0
Elixir tests (mix credo + mix test)	mix deps.get	2026-09-24T01:59:55.2990892Z   toml 0.7.0
Elixir tests (mix credo + mix test)	mix deps.get	2026-09-24T01:59:55.2991075Z   uniq 0.6.3
Elixir tests (mix credo + mix test)	mix deps.get	2026-09-24T01:59:55.2991259Z   wasmex 0.15.1
Elixir tests (mix credo + mix test)	mix deps.get	2026-09-24T01:59:55.2991450Z   websock 0.5.3
Elixir tests (mix credo + mix test)	mix deps.get	2026-09-24T01:59:55.2991650Z   websock_adapter 0.6.0
Elixir tests (mix credo + mix test)	mix deps.get	2026-09-24T01:59:55.2991869Z   websockex 0.5.1
Elixir tests (mix credo + mix test)	mix deps.get	2026-09-24T01:59:55.2992067Z   xema 0.17.9
Elixir tests (mix credo + mix test)	mix deps.get	2026-09-24T01:59:55.2992258Z   yamerl 0.10.0
Elixir tests (mix credo + mix test)	mix deps.get	2026-09-24T01:59:55.2993580Z   yaml_elixir 2.12.2
Elixir tests (mix credo + mix test)	mix deps.get	2026-09-24T01:59:55.2993987Z   ymlr 5.1.6
Elixir tests (mix credo + mix test)	mix deps.get	2026-09-24T01:59:55.3015279Z   yuri_template 1.1.0
Elixir tests (mix credo + mix test)	mix deps.get	2026-09-24T01:59:55.3016204Z   zoi 0.18.7
Elixir tests (mix credo + mix test)	mix deps.get	2026-09-24T01:59:55.3201986Z * Getting rdf (Hex package)
Elixir tests (mix credo + mix test)	mix deps.get	2026-09-24T01:59:55.8477783Z * Getting sparql (Hex package)
Elixir tests (mix credo + mix test)	mix deps.get	2026-09-24T01:59:55.8672257Z * Getting igniter (Hex package)
Elixir tests (mix credo + mix test)	mix deps.get	2026-09-24T01:59:55.9049360Z * Getting reactor (Hex package)
Elixir tests (mix credo + mix test)	mix deps.get	2026-09-24T01:59:55.9534565Z * Getting toml (Hex package)
Elixir tests (mix credo + mix test)	mix deps.get	2026-09-24T01:59:55.9588552Z * Getting yaml_elixir (Hex package)
Elixir tests (mix credo + mix test)	mix deps.get	2026-09-24T01:59:55.9666262Z * Getting rustler (Hex package)
Elixir tests (mix credo + mix test)	mix deps.get	2026-09-24T01:59:55.9786940Z * Getting tesla (Hex package)
Elixir tests (mix credo + mix test)	mix deps.get	2026-09-24T01:59:56.0000308Z * Getting gno (Hex package)
Elixir tests (mix credo + mix test)	mix deps.get	2026-09-24T01:59:56.0685083Z * Getting stream_data (Hex package)
Elixir tests (mix credo + mix test)	mix deps.get	2026-09-24T01:59:56.0869234Z * Getting faker (Hex package)
Elixir tests (mix credo + mix test)	mix deps.get	2026-09-24T01:59:56.1167202Z * Getting ash (Hex package)
Elixir tests (mix credo + mix test)	mix deps.get	2026-09-24T01:59:56.3044194Z * Getting ash_postgres (Hex package)
Elixir tests (mix credo + mix test)	mix deps.get	2026-09-24T01:59:56.3316046Z * Getting ash_a2a (Hex package)
Elixir tests (mix credo + mix test)	mix deps.get	2026-09-24T01:59:56.4783998Z * Getting plug (Hex package)
Elixir tests (mix credo + mix test)	mix deps.get	2026-09-24T01:59:56.4943680Z * Getting bandit (Hex package)
Elixir tests (mix credo + mix test)	mix deps.get	2026-09-24T01:59:56.5115376Z * Getting dialyxir (Hex package)
Elixir tests (mix credo + mix test)	mix deps.get	2026-09-24T01:59:56.5275876Z * Getting credo (Hex package)
Elixir tests (mix credo + mix test)	mix deps.get	2026-09-24T01:59:56.5902171Z * Getting excoveralls (Hex package)
Elixir tests (mix credo + mix test)	mix deps.get	2026-09-24T01:59:56.6005320Z * Getting ex_doc (Hex package)
Elixir tests (mix credo + mix test)	mix deps.get	2026-09-24T01:59:56.6264780Z * Getting jason (Hex package)
Elixir tests (mix credo + mix test)	mix deps.get	2026-09-24T01:59:56.6317551Z * Getting wasmex (Hex package)
Elixir tests (mix credo + mix test)	mix deps.get	2026-09-24T01:59:56.6473856Z * Getting rustler_precompiled (Hex package)
Elixir tests (mix credo + mix test)	mix deps.get	2026-09-24T01:59:56.6519063Z * Getting earmark_parser (Hex package)
Elixir tests (mix credo + mix test)	mix deps.get	2026-09-24T01:59:56.6629926Z * Getting makeup_elixir (Hex package)
Elixir tests (mix credo + mix test)	mix deps.get	2026-09-24T01:59:56.6685240Z * Getting makeup_erlang (Hex package)
Elixir tests (mix credo + mix test)	mix deps.get	2026-09-24T01:59:56.6726929Z * Getting makeup (Hex package)
Elixir tests (mix credo + mix test)	mix deps.get	2026-09-24T01:59:56.6798536Z * Getting nimble_parsec (Hex package)
Elixir tests (mix credo + mix test)	mix deps.get	2026-09-24T01:59:56.6840186Z * Getting bunt (Hex package)
Elixir tests (mix credo + mix test)	mix deps.get	2026-09-24T01:59:56.6870680Z * Getting file_system (Hex package)
Elixir tests (mix credo + mix test)	mix deps.get	2026-09-24T01:59:56.6933176Z * Getting erlex (Hex package)
Elixir tests (mix credo + mix test)	mix deps.get	2026-09-24T01:59:56.6975102Z * Getting hpax (Hex package)
Elixir tests (mix credo + mix test)	mix deps.get	2026-09-24T01:59:56.7018687Z * Getting telemetry (Hex package)
Elixir tests (mix credo + mix test)	mix deps.get	2026-09-24T01:59:56.7092691Z * Getting thousand_island (Hex package)
Elixir tests (mix credo + mix test)	mix deps.get	2026-09-24T01:59:56.7163207Z * Getting websock (Hex package)
Elixir tests (mix credo + mix test)	mix deps.get	2026-09-24T01:59:56.7193961Z * Getting mime (Hex package)
Elixir tests (mix credo + mix test)	mix deps.get	2026-09-24T01:59:56.7228177Z * Getting plug_crypto (Hex package)
Elixir tests (mix credo + mix test)	mix deps.get	2026-09-24T01:59:56.7271160Z * Getting a2a (Hex package)
Elixir tests (mix credo + mix test)	mix deps.get	2026-09-24T01:59:56.7389712Z * Getting ash_ai (Hex package)
Elixir tests (mix credo + mix test)	mix deps.get	2026-09-24T01:59:56.7580715Z * Getting ash_oban (Hex package)
Elixir tests (mix credo + mix test)	mix deps.get	2026-09-24T01:59:56.7709573Z * Getting ash_r2rml (Hex package)
Elixir tests (mix credo + mix test)	mix deps.get	2026-09-24T01:59:56.8150092Z * Getting ash_state_machine (Hex package)
Elixir tests (mix credo + mix test)	mix deps.get	2026-09-24T01:59:56.8249520Z * Getting durable_server (Hex package)
Elixir tests (mix credo + mix test)	mix deps.get	2026-09-24T01:59:56.8347418Z * Getting ekv (Hex package)
Elixir tests (mix credo + mix test)	mix deps.get	2026-09-24T01:59:56.8947517Z * Getting flame (Hex package)
Elixir tests (mix credo + mix test)	mix deps.get	2026-09-24T01:59:56.9027529Z * Getting oban (Hex package)
Elixir tests (mix credo + mix test)	mix deps.get	2026-09-24T01:59:56.9258249Z * Getting phoenix (Hex package)
Elixir tests (mix credo + mix test)	mix deps.get	2026-09-24T01:59:56.9794957Z * Getting phoenix_pubsub (Hex package)
Elixir tests (mix credo + mix test)	mix deps.get	2026-09-24T01:59:56.9856203Z * Getting postgrex (Hex package)
Elixir tests (mix credo + mix test)	mix deps.get	2026-09-24T01:59:57.0039504Z * Getting req (Hex package)
Elixir tests (mix credo + mix test)	mix deps.get	2026-09-24T01:59:57.0135894Z * Getting req_llm (Hex package)
Elixir tests (mix credo + mix test)	mix deps.get	2026-09-24T01:59:57.0896381Z * Getting dotenvy (Hex package)
Elixir tests (mix credo + mix test)	mix deps.get	2026-09-24T01:59:57.0946618Z * Getting jsv (Hex package)
Elixir tests (mix credo + mix test)	mix deps.get	2026-09-24T01:59:57.1184164Z * Getting llm_db (Hex package)
Elixir tests (mix credo + mix test)	mix deps.get	2026-09-24T01:59:57.1647947Z * Getting nimble_options (Hex package)
Elixir tests (mix credo + mix test)	mix deps.get	2026-09-24T01:59:57.1686408Z * Getting server_sent_events (Hex package)
Elixir tests (mix credo + mix test)	mix deps.get	2026-09-24T01:59:57.1720136Z * Getting splode (Hex package)
Elixir tests (mix credo + mix test)	mix deps.get	2026-09-24T01:59:57.1771857Z * Getting websockex (Hex package)
Elixir tests (mix credo + mix test)	mix deps.get	2026-09-24T01:59:57.1821724Z * Getting zoi (Hex package)
Elixir tests (mix credo + mix test)	mix deps.get	2026-09-24T01:59:57.2040860Z * Getting abnf_parsec (Hex package)
Elixir tests (mix credo + mix test)	mix deps.get	2026-09-24T01:59:57.2088048Z * Getting idna (Hex package)
Elixir tests (mix credo + mix test)	mix deps.get	2026-09-24T01:59:57.2188398Z * Getting texture (Hex package)
Elixir tests (mix credo + mix test)	mix deps.get	2026-09-24T01:59:57.2251877Z * Getting finch (Hex package)
Elixir tests (mix credo + mix test)	mix deps.get	2026-09-24T01:59:57.2350820Z * Getting mint (Hex package)
Elixir tests (mix credo + mix test)	mix deps.get	2026-09-24T01:59:57.2439045Z * Getting nimble_pool (Hex package)
Elixir tests (mix credo + mix test)	mix deps.get	2026-09-24T01:59:57.2473101Z * Getting db_connection (Hex package)
Elixir tests (mix credo + mix test)	mix deps.get	2026-09-24T01:59:57.2545828Z * Getting decimal (Hex package)
Elixir tests (mix credo + mix test)	mix deps.get	2026-09-24T01:59:57.2587529Z * Getting phoenix_template (Hex package)
Elixir tests (mix credo + mix test)	mix deps.get	2026-09-24T01:59:57.2628660Z * Getting websock_adapter (Hex package)
Elixir tests (mix credo + mix test)	mix deps.get	2026-09-24T01:59:57.2672224Z * Getting ecto_sql (Hex package)
Elixir tests (mix credo + mix test)	mix deps.get	2026-09-24T01:59:57.2824579Z * Getting ecto (Hex package)
Elixir tests (mix credo + mix test)	mix deps.get	2026-09-24T01:59:57.3061615Z * Getting cc_precompiler (Hex package)
Elixir tests (mix credo + mix test)	mix deps.get	2026-09-24T01:59:57.3102176Z * Getting elixir_make (Hex package)
Elixir tests (mix credo + mix test)	mix deps.get	2026-09-24T01:59:57.3151018Z * Getting group (Hex package)
Elixir tests (mix credo + mix test)	mix deps.get	2026-09-24T01:59:57.3205695Z * Getting req_s3 (Hex package)
Elixir tests (mix credo + mix test)	mix deps.get	2026-09-24T01:59:57.3240116Z * Getting sweet_xml (Hex package)
Elixir tests (mix credo + mix test)	mix deps.get	2026-09-24T01:59:57.3274769Z * Getting json_ld (Hex package)
Elixir tests (mix credo + mix test)	mix deps.get	2026-09-24T01:59:57.3354261Z * Getting spark (Hex package)
Elixir tests (mix credo + mix test)	mix deps.get	2026-09-24T01:59:57.3530573Z * Getting sparql_client (Hex package)
Elixir tests (mix credo + mix test)	mix deps.get	2026-09-24T01:59:57.3592016Z * Getting content_type (Hex package)
Elixir tests (mix credo + mix test)	mix deps.get	2026-09-24T01:59:57.3623408Z * Getting rdf_xml (Hex package)
Elixir tests (mix credo + mix test)	mix deps.get	2026-09-24T01:59:57.3696694Z * Getting saxy (Hex package)
Elixir tests (mix credo + mix test)	mix deps.get	2026-09-24T01:59:57.3767232Z * Getting ash_json_api (Hex package)
Elixir tests (mix credo + mix test)	mix deps.get	2026-09-24T01:59:57.4063400Z * Getting open_api_spex (Hex package)
Elixir tests (mix credo + mix test)	mix deps.get	2026-09-24T01:59:57.4276715Z * Getting json_xema (Hex package)
Elixir tests (mix credo + mix test)	mix deps.get	2026-09-24T01:59:57.4324812Z * Getting conv_case (Hex package)
Elixir tests (mix credo + mix test)	mix deps.get	2026-09-24T01:59:57.4355745Z * Getting xema (Hex package)
Elixir tests (mix credo + mix test)	mix deps.get	2026-09-24T01:59:57.4439255Z * Getting ash_sql (Hex package)
Elixir tests (mix credo + mix test)	mix deps.get	2026-09-24T01:59:57.4511360Z * Getting crux (Hex package)
Elixir tests (mix credo + mix test)	mix deps.get	2026-09-24T01:59:57.4597397Z * Getting ets (Hex package)
Elixir tests (mix credo + mix test)	mix deps.get	2026-09-24T01:59:57.4645490Z * Getting dcat (Hex package)
Elixir tests (mix credo + mix test)	mix deps.get	2026-09-24T01:59:57.5118264Z * Getting dcatr (Hex package)
Elixir tests (mix credo + mix test)	mix deps.get	2026-09-24T01:59:57.5835280Z * Getting grax (Hex package)
Elixir tests (mix credo + mix test)	mix deps.get	2026-09-24T01:59:57.6240877Z * Getting prov (Hex package)
Elixir tests (mix credo + mix test)	mix deps.get	2026-09-24T01:59:57.6725541Z * Getting uniq (Hex package)
Elixir tests (mix credo + mix test)	mix deps.get	2026-09-24T01:59:57.6775144Z * Getting yuri_template (Hex package)
Elixir tests (mix credo + mix test)	mix deps.get	2026-09-24T01:59:57.6853253Z * Getting foaf (Hex package)
Elixir tests (mix credo + mix test)	mix deps.get	2026-09-24T01:59:57.7194196Z * Getting skos (Hex package)
Elixir tests (mix credo + mix test)	mix deps.get	2026-09-24T01:59:57.7519061Z * Getting yamerl (Hex package)
Elixir tests (mix credo + mix test)	mix deps.get	2026-09-24T01:59:57.7672093Z * Getting iterex (Hex package)
Elixir tests (mix credo + mix test)	mix deps.get	2026-09-24T01:59:57.7844667Z * Getting multigraph (Hex package)
Elixir tests (mix credo + mix test)	mix deps.get	2026-09-24T01:59:57.7930078Z * Getting ymlr (Hex package)
Elixir tests (mix credo + mix test)	mix deps.get	2026-09-24T01:59:57.7977339Z * Getting ex_ast (Hex package)
Elixir tests (mix credo + mix test)	mix deps.get	2026-09-24T01:59:57.8124880Z * Getting glob_ex (Hex package)
Elixir tests (mix credo + mix test)	mix deps.get	2026-09-24T01:59:57.8173996Z * Getting owl (Hex package)
Elixir tests (mix credo + mix test)	mix deps.get	2026-09-24T01:59:57.8266801Z * Getting rewrite (Hex package)
Elixir tests (mix credo + mix test)	mix deps.get	2026-09-24T01:59:57.8349350Z * Getting sourceror (Hex package)
Elixir tests (mix credo + mix test)	mix deps.get	2026-09-24T01:59:57.8453566Z * Getting spitfire (Hex package)
Elixir tests (mix credo + mix test)	mix deps.get	2026-09-24T01:59:57.8521647Z * Getting text_diff (Hex package)
Elixir tests (mix credo + mix test)	mix deps.get	2026-09-24T01:59:57.8562234Z * Getting nimble_csv (Hex package)
Elixir tests (mix credo + mix test)	mix deps.get	2026-09-24T01:59:57.8601594Z * Getting protocol_ex (Hex package)
Elixir tests (mix credo + mix test)	mix deps.get	2026-09-24T01:59:57.8643158Z * Getting jcs (Hex package)
Elixir tests (mix credo + mix test)	mix deps.get	2026-09-24T01:59:57.8703626Z Found packages with security advisories, see above for details
Elixir tests (mix credo + mix test)	mix deps.get	2026-09-24T01:59:57.8705303Z You have added/upgraded packages you could sponsor, run `mix hex.sponsor` to learn more
Elixir tests (mix credo + mix test)	Force ggen_igniter app rebuild so the rustler NIF is always (re)built	﻿2026-09-24T01:59:58.0882688Z ##[group]Run set -euo pipefail
Elixir tests (mix credo + mix test)	Force ggen_igniter app rebuild so the rustler NIF is always (re)built	2026-09-24T01:59:58.0883034Z ^[[36;1mset -euo pipefail^[[0m
Elixir tests (mix credo + mix test)	Force ggen_igniter app rebuild so the rustler NIF is always (re)built	2026-09-24T01:59:58.0883405Z ^[[36;1mrm -rf _build/dev/lib/ggen_igniter _build/test/lib/ggen_igniter^[[0m
Elixir tests (mix credo + mix test)	Force ggen_igniter app rebuild so the rustler NIF is always (re)built	2026-09-24T01:59:58.0925681Z shell: /usr/bin/bash --noprofile --norc -e -o pipefail {0}
Elixir tests (mix credo + mix test)	Force ggen_igniter app rebuild so the rustler NIF is always (re)built	2026-09-24T01:59:58.0926041Z env:
Elixir tests (mix credo + mix test)	Force ggen_igniter app rebuild so the rustler NIF is always (re)built	2026-09-24T01:59:58.0926315Z   INSTALL_DIR_FOR_OTP: /home/runner/work/_temp/.setup-beam/otp
Elixir tests (mix credo + mix test)	Force ggen_igniter app rebuild so the rustler NIF is always (re)built	2026-09-24T01:59:58.0926752Z   INSTALL_DIR_FOR_ELIXIR: /home/runner/work/_temp/.setup-beam/elixir
Elixir tests (mix credo + mix test)	Force ggen_igniter app rebuild so the rustler NIF is always (re)built	2026-09-24T01:59:58.0927195Z   INSTALL_DIR_FOR_REBAR3: /home/runner/work/_temp/.setup-beam/rebar3
Elixir tests (mix credo + mix test)	Force ggen_igniter app rebuild so the rustler NIF is always (re)built	2026-09-24T01:59:58.0927529Z ##[endgroup]
Elixir tests (mix credo + mix test)	mix format --check-formatted	﻿2026-09-24T01:59:58.1020824Z ##[group]Run mix format --check-formatted
Elixir tests (mix credo + mix test)	mix format --check-formatted	2026-09-24T01:59:58.1021182Z ^[[36;1mmix format --check-formatted^[[0m
Elixir tests (mix credo + mix test)	mix format --check-formatted	2026-09-24T01:59:58.1054706Z shell: /usr/bin/bash --noprofile --norc -e -o pipefail {0}
Elixir tests (mix credo + mix test)	mix format --check-formatted	2026-09-24T01:59:58.1055063Z env:
Elixir tests (mix credo + mix test)	mix format --check-formatted	2026-09-24T01:59:58.1055337Z   INSTALL_DIR_FOR_OTP: /home/runner/work/_temp/.setup-beam/otp
Elixir tests (mix credo + mix test)	mix format --check-formatted	2026-09-24T01:59:58.1055782Z   INSTALL_DIR_FOR_ELIXIR: /home/runner/work/_temp/.setup-beam/elixir
Elixir tests (mix credo + mix test)	mix format --check-formatted	2026-09-24T01:59:58.1056240Z   INSTALL_DIR_FOR_REBAR3: /home/runner/work/_temp/.setup-beam/rebar3
Elixir tests (mix credo + mix test)	mix format --check-formatted	2026-09-24T01:59:58.1056593Z ##[endgroup]
Elixir tests (mix credo + mix test)	mix credo	﻿2026-09-24T01:59:59.1449654Z ##[group]Run mix credo
Elixir tests (mix credo + mix test)	mix credo	2026-09-24T01:59:59.1449947Z ^[[36;1mmix credo^[[0m
Elixir tests (mix credo + mix test)	mix credo	2026-09-24T01:59:59.1487036Z shell: /usr/bin/bash --noprofile --norc -e -o pipefail {0}
Elixir tests (mix credo + mix test)	mix credo	2026-09-24T01:59:59.1487403Z env:
Elixir tests (mix credo + mix test)	mix credo	2026-09-24T01:59:59.1487676Z   INSTALL_DIR_FOR_OTP: /home/runner/work/_temp/.setup-beam/otp
Elixir tests (mix credo + mix test)	mix credo	2026-09-24T01:59:59.1488109Z   INSTALL_DIR_FOR_ELIXIR: /home/runner/work/_temp/.setup-beam/elixir
Elixir tests (mix credo + mix test)	mix credo	2026-09-24T01:59:59.1488551Z   INSTALL_DIR_FOR_REBAR3: /home/runner/work/_temp/.setup-beam/rebar3
Elixir tests (mix credo + mix test)	mix credo	2026-09-24T01:59:59.1488899Z ##[endgroup]
Elixir tests (mix credo + mix test)	mix credo	2026-09-24T01:59:59.8192972Z ==> earmark_parser
Elixir tests (mix credo + mix test)	mix credo	2026-09-24T01:59:59.8194647Z Compiling 2 files (.xrl)
Elixir tests (mix credo + mix test)	mix credo	2026-09-24T01:59:59.8470012Z Compiling 1 file (.yrl)
Elixir tests (mix credo + mix test)	mix credo	2026-09-24T01:59:59.8765572Z Compiling 3 files (.erl)
Elixir tests (mix credo + mix test)	mix credo	2026-09-24T02:00:00.0777465Z Compiling 32 files (.ex)
Elixir tests (mix credo + mix test)	mix credo	2026-09-24T02:00:00.7826773Z Generated earmark_parser app
Elixir tests (mix credo + mix test)	mix credo	2026-09-24T02:00:00.9199950Z ==> sourceror
Elixir tests (mix credo + mix test)	mix credo	2026-09-24T02:00:00.9201291Z Compiling 20 files (.ex)
Elixir tests (mix credo + mix test)	mix credo	2026-09-24T02:00:01.9397970Z Generated sourceror app
Elixir tests (mix credo + mix test)	mix credo	2026-09-24T02:00:02.0020376Z ==> text_diff
Elixir tests (mix credo + mix test)	mix credo	2026-09-24T02:00:02.0021330Z Compiling 1 file (.ex)
Elixir tests (mix credo + mix test)	mix credo	2026-09-24T02:00:02.0885747Z Generated text_diff app
Elixir tests (mix credo + mix test)	mix credo	2026-09-24T02:00:02.1170231Z ==> file_system
Elixir tests (mix credo + mix test)	mix credo	2026-09-24T02:00:02.1170776Z Compiling 7 files (.ex)
Elixir tests (mix credo + mix test)	mix credo	2026-09-24T02:00:02.2566349Z Generated file_system app
Elixir tests (mix credo + mix test)	mix credo	2026-09-24T02:00:02.3146593Z ==> stream_data
Elixir tests (mix credo + mix test)	mix credo	2026-09-24T02:00:02.3147198Z Compiling 3 files (.ex)
Elixir tests (mix credo + mix test)	mix credo	2026-09-24T02:00:02.8917523Z Generated stream_data app
Elixir tests (mix credo + mix test)	mix credo	2026-09-24T02:00:02.9121650Z ==> decimal
Elixir tests (mix credo + mix test)	mix credo	2026-09-24T02:00:02.9122113Z Compiling 4 files (.ex)
Elixir tests (mix credo + mix test)	mix credo	2026-09-24T02:00:03.5239646Z Generated decimal app
Elixir tests (mix credo + mix test)	mix credo	2026-09-24T02:00:03.5498494Z ==> spitfire
Elixir tests (mix credo + mix test)	mix credo	2026-09-24T02:00:03.5499009Z Compiling 2 files (.erl)
Elixir tests (mix credo + mix test)	mix credo	2026-09-24T02:00:04.2288421Z Compiling 5 files (.ex)
Elixir tests (mix credo + mix test)	mix credo	2026-09-24T02:00:05.3383402Z Generated spitfire app
Elixir tests (mix credo + mix test)	mix credo	2026-09-24T02:00:05.3628964Z ==> ymlr
Elixir tests (mix credo + mix test)	mix credo	2026-09-24T02:00:05.3629502Z Compiling 3 files (.ex)
Elixir tests (mix credo + mix test)	mix credo	2026-09-24T02:00:05.6019511Z Generated ymlr app
Elixir tests (mix credo + mix test)	mix credo	2026-09-24T02:00:05.6510501Z ==> mime
Elixir tests (mix credo + mix test)	mix credo	2026-09-24T02:00:05.6511424Z Compiling 1 file (.ex)
Elixir tests (mix credo + mix test)	mix credo	2026-09-24T02:00:05.7432168Z Generated mime app
Elixir tests (mix credo + mix test)	mix credo	2026-09-24T02:00:05.7742293Z ==> toml
Elixir tests (mix credo + mix test)	mix credo	2026-09-24T02:00:05.7742862Z Compiling 10 files (.ex)
Elixir tests (mix credo + mix test)	mix credo	2026-09-24T02:00:05.7886546Z      warning: using single-quoted strings to represent charlists is deprecated.
Elixir tests (mix credo + mix test)	mix credo	2026-09-24T02:00:05.7888067Z      Use ~c"" if you indeed want a charlist or use "" instead.
Elixir tests (mix credo + mix test)	mix credo	2026-09-24T02:00:05.7889086Z      You may run "mix format --migrate" to change all single-quoted
Elixir tests (mix credo + mix test)	mix credo	2026-09-24T02:00:05.7889984Z      strings to use the ~c sigil and fix this warning.
Elixir tests (mix credo + mix test)	mix credo	2026-09-24T02:00:05.7890995Z      │
Elixir tests (mix credo + mix test)	mix credo	2026-09-24T02:00:05.7892038Z  264 │   defp handle_token(lexer, original, doc, type, skip, _data, lines) when type in '-_' do
Elixir tests (mix credo + mix test)	mix credo	2026-09-24T02:00:05.7893277Z      │                                                                                  ~
Elixir tests (mix credo + mix test)	mix credo	2026-09-24T02:00:05.7894119Z      │
Elixir tests (mix credo + mix test)	mix credo	2026-09-24T02:00:05.7895018Z      └─ lib/decoder.ex:264:82
Elixir tests (mix credo + mix test)	mix credo	2026-09-24T02:00:05.7895561Z 
Elixir tests (mix credo + mix test)	mix credo	2026-09-24T02:00:05.7933611Z      warning: using single-quoted strings to represent charlists is deprecated.
Elixir tests (mix credo + mix test)	mix credo	2026-09-24T02:00:05.7938143Z      Use ~c"" if you indeed want a charlist or use "" instead.
Elixir tests (mix credo + mix test)	mix credo	2026-09-24T02:00:05.7943919Z      You may run "mix format --migrate" to change all single-quoted
Elixir tests (mix credo + mix test)	mix credo	2026-09-24T02:00:05.7960579Z      strings to use the ~c sigil and fix this warning.
Elixir tests (mix credo + mix test)	mix credo	2026-09-24T02:00:05.7963061Z      │
Elixir tests (mix credo + mix test)	mix credo	2026-09-24T02:00:05.7963698Z  371 │       {:ok, {type, _skip, _data, _lines}} when type in '-+' ->
Elixir tests (mix credo + mix test)	mix credo	2026-09-24T02:00:05.7964690Z      │                                                        ~
Elixir tests (mix credo + mix test)	mix credo	2026-09-24T02:00:05.7965272Z      │
Elixir tests (mix credo + mix test)	mix credo	2026-09-24T02:00:05.7965698Z      └─ lib/decoder.ex:371:56
Elixir tests (mix credo + mix test)	mix credo	2026-09-24T02:00:05.7965992Z 
Elixir tests (mix credo + mix test)	mix credo	2026-09-24T02:00:05.7966383Z      warning: using single-quoted strings to represent charlists is deprecated.
Elixir tests (mix credo + mix test)	mix credo	2026-09-24T02:00:05.7967183Z      Use ~c"" if you indeed want a charlist or use "" instead.
Elixir tests (mix credo + mix test)	mix credo	2026-09-24T02:00:05.7967870Z      You may run "mix format --migrate" to change all single-quoted
Elixir tests (mix credo + mix test)	mix credo	2026-09-24T02:00:05.7968572Z      strings to use the ~c sigil and fix this warning.
Elixir tests (mix credo + mix test)	mix credo	2026-09-24T02:00:05.7969605Z      │
Elixir tests (mix credo + mix test)	mix credo	2026-09-24T02:00:05.7970294Z  419 │           {:ok, {:alpha, _, <<c::utf8>>, _}} when c in 'eE' ->
Elixir tests (mix credo + mix test)	mix credo	2026-09-24T02:00:05.7971007Z      │                                                        ~
Elixir tests (mix credo + mix test)	mix credo	2026-09-24T02:00:05.7971527Z      │
Elixir tests (mix credo + mix test)	mix credo	2026-09-24T02:00:05.7971931Z      └─ lib/decoder.ex:419:56
Elixir tests (mix credo + mix test)	mix credo	2026-09-24T02:00:05.7972213Z 
Elixir tests (mix credo + mix test)	mix credo	2026-09-24T02:00:05.8002257Z      warning: using single-quoted strings to represent charlists is deprecated.
Elixir tests (mix credo + mix test)	mix credo	2026-09-24T02:00:05.8003163Z      Use ~c"" if you indeed want a charlist or use "" instead.
Elixir tests (mix credo + mix test)	mix credo	2026-09-24T02:00:05.8003925Z      You may run "mix format --migrate" to change all single-quoted
Elixir tests (mix credo + mix test)	mix credo	2026-09-24T02:00:05.8004925Z      strings to use the ~c sigil and fix this warning.
Elixir tests (mix credo + mix test)	mix credo	2026-09-24T02:00:05.8005567Z      │
Elixir tests (mix credo + mix test)	mix credo	2026-09-24T02:00:05.8006238Z  474 │       {:ok, {:alpha, _, <<c::utf8>>, _}} when c in 'eE' ->
Elixir tests (mix credo + mix test)	mix credo	2026-09-24T02:00:05.8006991Z      │                                                    ~
Elixir tests (mix credo + mix test)	mix credo	2026-09-24T02:00:05.8007551Z      │
Elixir tests (mix credo + mix test)	mix credo	2026-09-24T02:00:05.8008015Z      └─ lib/decoder.ex:474:52
Elixir tests (mix credo + mix test)	mix credo	2026-09-24T02:00:05.8008329Z 
Elixir tests (mix credo + mix test)	mix credo	2026-09-24T02:00:05.8053693Z      warning: using single-quoted strings to represent charlists is deprecated.
Elixir tests (mix credo + mix test)	mix credo	2026-09-24T02:00:05.8055479Z      Use ~c"" if you indeed want a charlist or use "" instead.
Elixir tests (mix credo + mix test)	mix credo	2026-09-24T02:00:05.8056478Z      You may run "mix format --migrate" to change all single-quoted
Elixir tests (mix credo + mix test)	mix credo	2026-09-24T02:00:05.8057696Z      strings to use the ~c sigil and fix this warning.
Elixir tests (mix credo + mix test)	mix credo	2026-09-24T02:00:05.8058526Z      │
Elixir tests (mix credo + mix test)	mix credo	2026-09-24T02:00:05.8059534Z  514 │       {:ok, {sign, _, _, _}} when sign in '-+' and last == ?e ->
Elixir tests (mix credo + mix test)	mix credo	2026-09-24T02:00:05.8060586Z      │                                           ~
Elixir tests (mix credo + mix test)	mix credo	2026-09-24T02:00:05.8061328Z      │
Elixir tests (mix credo + mix test)	mix credo	2026-09-24T02:00:05.8061971Z      └─ lib/decoder.ex:514:43
Elixir tests (mix credo + mix test)	mix credo	2026-09-24T02:00:05.8062588Z 
Elixir tests (mix credo + mix test)	mix credo	2026-09-24T02:00:05.8077207Z      warning: using single-quoted strings to represent charlists is deprecated.
Elixir tests (mix credo + mix test)	mix credo	2026-09-24T02:00:05.8078562Z      Use ~c"" if you indeed want a charlist or use "" instead.
Elixir tests (mix credo + mix test)	mix credo	2026-09-24T02:00:05.8079825Z      You may run "mix format --migrate" to change all single-quoted
Elixir tests (mix credo + mix test)	mix credo	2026-09-24T02:00:05.8080912Z      strings to use the ~c sigil and fix this warning.
Elixir tests (mix credo + mix test)	mix credo	2026-09-24T02:00:05.8081688Z      │
Elixir tests (mix credo + mix test)	mix credo	2026-09-24T02:00:05.8082633Z  518 │       {:ok, {:alpha, _, <<c::utf8>>, _}} when c in 'eE' and signal == ?. ->
Elixir tests (mix credo + mix test)	mix credo	2026-09-24T02:00:05.8083637Z      │                                                    ~
Elixir tests (mix credo + mix test)	mix credo	2026-09-24T02:00:05.8084339Z      │
Elixir tests (mix credo + mix test)	mix credo	2026-09-24T02:00:05.8085209Z      └─ lib/decoder.ex:518:52
Elixir tests (mix credo + mix test)	mix credo	2026-09-24T02:00:05.8085648Z 
Elixir tests (mix credo + mix test)	mix credo	2026-09-24T02:00:05.8101819Z      warning: using single-quoted strings to represent charlists is deprecated.
Elixir tests (mix credo + mix test)	mix credo	2026-09-24T02:00:05.8103118Z      Use ~c"" if you indeed want a charlist or use "" instead.
Elixir tests (mix credo + mix test)	mix credo	2026-09-24T02:00:05.8104329Z      You may run "mix format --migrate" to change all single-quoted
Elixir tests (mix credo + mix test)	mix credo	2026-09-24T02:00:05.8105981Z      strings to use the ~c sigil and fix this warning.
Elixir tests (mix credo + mix test)	mix credo	2026-09-24T02:00:05.8106948Z      │
Elixir tests (mix credo + mix test)	mix credo	2026-09-24T02:00:05.8108058Z  522 │       {:ok, {?_, skip, _, lines}} when last not in '_e.' ->
Elixir tests (mix credo + mix test)	mix credo	2026-09-24T02:00:05.8109288Z      │                                                    ~
Elixir tests (mix credo + mix test)	mix credo	2026-09-24T02:00:05.8110186Z      │
Elixir tests (mix credo + mix test)	mix credo	2026-09-24T02:00:05.8110961Z      └─ lib/decoder.ex:522:52
Elixir tests (mix credo + mix test)	mix credo	2026-09-24T02:00:05.8111584Z 
Elixir tests (mix credo + mix test)	mix credo	2026-09-24T02:00:05.8124855Z      warning: using single-quoted strings to represent charlists is deprecated.
Elixir tests (mix credo + mix test)	mix credo	2026-09-24T02:00:05.8125860Z      Use ~c"" if you indeed want a charlist or use "" instead.
Elixir tests (mix credo + mix test)	mix credo	2026-09-24T02:00:05.8127274Z      You may run "mix format --migrate" to change all single-quoted
Elixir tests (mix credo + mix test)	mix credo	2026-09-24T02:00:05.8128436Z      strings to use the ~c sigil and fix this warning.
Elixir tests (mix credo + mix test)	mix credo	2026-09-24T02:00:05.8129426Z      │
Elixir tests (mix credo + mix test)	mix credo	2026-09-24T02:00:05.8130322Z  538 │       {:ok, {type, skip, data, lines}} when last in 'e.' ->
Elixir tests (mix credo + mix test)	mix credo	2026-09-24T02:00:05.8131378Z      │                                                     ~
Elixir tests (mix credo + mix test)	mix credo	2026-09-24T02:00:05.8132202Z      │
Elixir tests (mix credo + mix test)	mix credo	2026-09-24T02:00:05.8133130Z      └─ lib/decoder.ex:538:53
Elixir tests (mix credo + mix test)	mix credo	2026-09-24T02:00:05.8133710Z 
Elixir tests (mix credo + mix test)	mix credo	2026-09-24T02:00:05.8149515Z      warning: using single-quoted strings to represent charlists is deprecated.
Elixir tests (mix credo + mix test)	mix credo	2026-09-24T02:00:05.8151188Z      Use ~c"" if you indeed want a charlist or use "" instead.
Elixir tests (mix credo + mix test)	mix credo	2026-09-24T02:00:05.8152567Z      You may run "mix format --migrate" to change all single-quoted
Elixir tests (mix credo + mix test)	mix credo	2026-09-24T02:00:05.8153691Z      strings to use the ~c sigil and fix this warning.
Elixir tests (mix credo + mix test)	mix credo	2026-09-24T02:00:05.8154998Z      │
Elixir tests (mix credo + mix test)	mix credo	2026-09-24T02:00:05.8155989Z  542 │       {:ok, {_type, skip, _data, lines} = token} when last not in '_e.' ->
Elixir tests (mix credo + mix test)	mix credo	2026-09-24T02:00:05.8157339Z      │                                                                   ~
Elixir tests (mix credo + mix test)	mix credo	2026-09-24T02:00:05.8158216Z      │
Elixir tests (mix credo + mix test)	mix credo	2026-09-24T02:00:05.8159131Z      └─ lib/decoder.ex:542:67
Elixir tests (mix credo + mix test)	mix credo	2026-09-24T02:00:05.8159694Z 
Elixir tests (mix credo + mix test)	mix credo	2026-09-24T02:00:05.8188356Z      warning: using single-quoted strings to represent charlists is deprecated.
Elixir tests (mix credo + mix test)	mix credo	2026-09-24T02:00:05.8189629Z      Use ~c"" if you indeed want a charlist or use "" instead.
Elixir tests (mix credo + mix test)	mix credo	2026-09-24T02:00:05.8190792Z      You may run "mix format --migrate" to change all single-quoted
Elixir tests (mix credo + mix test)	mix credo	2026-09-24T02:00:05.8192036Z      strings to use the ~c sigil and fix this warning.
Elixir tests (mix credo + mix test)	mix credo	2026-09-24T02:00:05.8193016Z      │
Elixir tests (mix credo + mix test)	mix credo	2026-09-24T02:00:05.8193980Z  682 │         {:ok, {sign, _, _, _}} when sign in '-+' ->
Elixir tests (mix credo + mix test)	mix credo	2026-09-24T02:00:05.8195291Z      │                                             ~
Elixir tests (mix credo + mix test)	mix credo	2026-09-24T02:00:05.8196230Z      │
Elixir tests (mix credo + mix test)	mix credo	2026-09-24T02:00:05.8196965Z      └─ lib/decoder.ex:682:45
Elixir tests (mix credo + mix test)	mix credo	2026-09-24T02:00:05.8197627Z 
Elixir tests (mix credo + mix test)	mix credo	2026-09-24T02:00:05.8224055Z      warning: using single-quoted strings to represent charlists is deprecated.
Elixir tests (mix credo + mix test)	mix credo	2026-09-24T02:00:05.8225443Z      Use ~c"" if you indeed want a charlist or use "" instead.
Elixir tests (mix credo + mix test)	mix credo	2026-09-24T02:00:05.8226548Z      You may run "mix format --migrate" to change all single-quoted
Elixir tests (mix credo + mix test)	mix credo	2026-09-24T02:00:05.8227682Z      strings to use the ~c sigil and fix this warning.
Elixir tests (mix credo + mix test)	mix credo	2026-09-24T02:00:05.8228676Z      │
Elixir tests (mix credo + mix test)	mix credo	2026-09-24T02:00:05.8229514Z  796 │       {:ok, {sign, _, _, _}} when sign in '-+' ->
Elixir tests (mix credo + mix test)	mix credo	2026-09-24T02:00:05.8230595Z      │                                           ~
Elixir tests (mix credo + mix test)	mix credo	2026-09-24T02:00:05.8231840Z      │
Elixir tests (mix credo + mix test)	mix credo	2026-09-24T02:00:05.8232572Z      └─ lib/decoder.ex:796:43
Elixir tests (mix credo + mix test)	mix credo	2026-09-24T02:00:05.8233261Z 
Elixir tests (mix credo + mix test)	mix credo	2026-09-24T02:00:05.8260607Z      warning: using single-quoted strings to represent charlists is deprecated.
Elixir tests (mix credo + mix test)	mix credo	2026-09-24T02:00:05.8261692Z      Use ~c"" if you indeed want a charlist or use "" instead.
Elixir tests (mix credo + mix test)	mix credo	2026-09-24T02:00:05.8263219Z      You may run "mix format --migrate" to change all single-quoted
Elixir tests (mix credo + mix test)	mix credo	2026-09-24T02:00:05.8264288Z      strings to use the ~c sigil and fix this warning.
Elixir tests (mix credo + mix test)	mix credo	2026-09-24T02:00:05.8265506Z      │
Elixir tests (mix credo + mix test)	mix credo	2026-09-24T02:00:05.8266394Z  916 │         {:ok, {type, skip, _, lines}} when type in '-_' ->
Elixir tests (mix credo + mix test)	mix credo	2026-09-24T02:00:05.8267579Z      │                                                    ~
Elixir tests (mix credo + mix test)	mix credo	2026-09-24T02:00:05.8268409Z      │
Elixir tests (mix credo + mix test)	mix credo	2026-09-24T02:00:05.8269144Z      └─ lib/decoder.ex:916:52
Elixir tests (mix credo + mix test)	mix credo	2026-09-24T02:00:05.8269828Z 
Elixir tests (mix credo + mix test)	mix credo	2026-09-24T02:00:05.8298453Z      warning: using single-quoted strings to represent charlists is deprecated.
Elixir tests (mix credo + mix test)	mix credo	2026-09-24T02:00:05.8299586Z      Use ~c"" if you indeed want a charlist or use "" instead.
Elixir tests (mix credo + mix test)	mix credo	2026-09-24T02:00:05.8300673Z      You may run "mix format --migrate" to change all single-quoted
Elixir tests (mix credo + mix test)	mix credo	2026-09-24T02:00:05.8301745Z      strings to use the ~c sigil and fix this warning.
Elixir tests (mix credo + mix test)	mix credo	2026-09-24T02:00:05.8302899Z      │
Elixir tests (mix credo + mix test)	mix credo	2026-09-24T02:00:05.8303762Z  954 │               {:ok, {type, _, _, _}} when type in '-_' ->
Elixir tests (mix credo + mix test)	mix credo	2026-09-24T02:00:05.8305185Z      │                                                   ~
Elixir tests (mix credo + mix test)	mix credo	2026-09-24T02:00:05.8306029Z      │
Elixir tests (mix credo + mix test)	mix credo	2026-09-24T02:00:05.8306861Z      └─ lib/decoder.ex:954:51
Elixir tests (mix credo + mix test)	mix credo	2026-09-24T02:00:05.8307431Z 
Elixir tests (mix credo + mix test)	mix credo	2026-09-24T02:00:05.8341199Z      warning: using single-quoted strings to represent charlists is deprecated.
Elixir tests (mix credo + mix test)	mix credo	2026-09-24T02:00:05.8342216Z      Use ~c"" if you indeed want a charlist or use "" instead.
Elixir tests (mix credo + mix test)	mix credo	2026-09-24T02:00:05.8343387Z      You may run "mix format --migrate" to change all single-quoted
Elixir tests (mix credo + mix test)	mix credo	2026-09-24T02:00:05.8344704Z      strings to use the ~c sigil and fix this warning.
Elixir tests (mix credo + mix test)	mix credo	2026-09-24T02:00:05.8345753Z      │
Elixir tests (mix credo + mix test)	mix credo	2026-09-24T02:00:05.8346774Z  969 │       {:ok, {type, _, _, _}} when type in '-_' ->
Elixir tests (mix credo + mix test)	mix credo	2026-09-24T02:00:05.8347760Z      │                                           ~
Elixir tests (mix credo + mix test)	mix credo	2026-09-24T02:00:05.8348971Z      │
Elixir tests (mix credo + mix test)	mix credo	2026-09-24T02:00:05.8349701Z      └─ lib/decoder.ex:969:43
Elixir tests (mix credo + mix test)	mix credo	2026-09-24T02:00:05.8350315Z 
Elixir tests (mix credo + mix test)	mix credo	2026-09-24T02:00:05.8384237Z      warning: using single-quoted strings to represent charlists is deprecated.
Elixir tests (mix credo + mix test)	mix credo	2026-09-24T02:00:05.8385849Z      Use ~c"" if you indeed want a charlist or use "" instead.
Elixir tests (mix credo + mix test)	mix credo	2026-09-24T02:00:05.8387258Z      You may run "mix format --migrate" to change all single-quoted
Elixir tests (mix credo + mix test)	mix credo	2026-09-24T02:00:05.8388268Z      strings to use the ~c sigil and fix this warning.
Elixir tests (mix credo + mix test)	mix credo	2026-09-24T02:00:05.8389136Z      │
Elixir tests (mix credo + mix test)	mix credo	2026-09-24T02:00:05.8389959Z  983 │           {:ok, {type, _, _, _}} when type in '-_' ->
Elixir tests (mix credo + mix test)	mix credo	2026-09-24T02:00:05.8390934Z      │                                               ~
Elixir tests (mix credo + mix test)	mix credo	2026-09-24T02:00:05.8391811Z      │
Elixir tests (mix credo + mix test)	mix credo	2026-09-24T02:00:05.8392664Z      └─ lib/decoder.ex:983:47
Elixir tests (mix credo + mix test)	mix credo	2026-09-24T02:00:05.8393219Z 
Elixir tests (mix credo + mix test)	mix credo	2026-09-24T02:00:06.3205778Z Generated toml app
Elixir tests (mix credo + mix test)	mix credo	2026-09-24T02:00:06.6737299Z ==> ggen_igniter
Elixir tests (mix credo + mix test)	mix credo	2026-09-24T02:00:06.6738726Z ===> Analyzing applications...
Elixir tests (mix credo + mix test)	mix credo	2026-09-24T02:00:06.9989343Z ===> Compiling idna
Elixir tests (mix credo + mix test)	mix credo	2026-09-24T02:00:12.2065334Z ==> nimble_options
Elixir tests (mix credo + mix test)	mix credo	2026-09-24T02:00:12.2065891Z Compiling 3 files (.ex)
Elixir tests (mix credo + mix test)	mix credo	2026-09-24T02:00:12.5013063Z Generated nimble_options app
Elixir tests (mix credo + mix test)	mix credo	2026-09-24T02:00:12.5234945Z ==> nimble_parsec
Elixir tests (mix credo + mix test)	mix credo	2026-09-24T02:00:12.5235500Z Compiling 4 files (.ex)
Elixir tests (mix credo + mix test)	mix credo	2026-09-24T02:00:12.8730829Z Generated nimble_parsec app
Elixir tests (mix credo + mix test)	mix credo	2026-09-24T02:00:12.8944707Z ==> bunt
Elixir tests (mix credo + mix test)	mix credo	2026-09-24T02:00:12.8945505Z Compiling 2 files (.ex)
Elixir tests (mix credo + mix test)	mix credo	2026-09-24T02:00:13.2425758Z Generated bunt app
Elixir tests (mix credo + mix test)	mix credo	2026-09-24T02:00:13.2636785Z ==> phoenix_template
Elixir tests (mix credo + mix test)	mix credo	2026-09-24T02:00:13.2637169Z Compiling 4 files (.ex)
Elixir tests (mix credo + mix test)	mix credo	2026-09-24T02:00:13.3622560Z Generated phoenix_template app
Elixir tests (mix credo + mix test)	mix credo	2026-09-24T02:00:13.3846238Z ==> multigraph
Elixir tests (mix credo + mix test)	mix credo	2026-09-24T02:00:13.3846766Z Compiling 16 files (.ex)
Elixir tests (mix credo + mix test)	mix credo	2026-09-24T02:00:13.9326483Z Generated multigraph app
Elixir tests (mix credo + mix test)	mix credo	2026-09-24T02:00:14.2982988Z ==> ggen_igniter
Elixir tests (mix credo + mix test)	mix credo	2026-09-24T02:00:14.2984202Z ===> Analyzing applications...
Elixir tests (mix credo + mix test)	mix credo	2026-09-24T02:00:14.3427577Z ===> Compiling telemetry
Elixir tests (mix credo + mix test)	mix credo	2026-09-24T02:00:14.6071322Z ==> thousand_island
Elixir tests (mix credo + mix test)	mix credo	2026-09-24T02:00:14.6071948Z Compiling 18 files (.ex)
Elixir tests (mix credo + mix test)	mix credo	2026-09-24T02:00:14.8828538Z Generated thousand_island app
Elixir tests (mix credo + mix test)	mix credo	2026-09-24T02:00:14.9317091Z ==> zoi
Elixir tests (mix credo + mix test)	mix credo	2026-09-24T02:00:14.9317894Z Compiling 85 files (.ex)
Elixir tests (mix credo + mix test)	mix credo	2026-09-24T02:00:17.3071846Z Generated zoi app
Elixir tests (mix credo + mix test)	mix credo	2026-09-24T02:00:17.4268092Z ==> jason
Elixir tests (mix credo + mix test)	mix credo	2026-09-24T02:00:17.4305657Z Compiling 10 files (.ex)
Elixir tests (mix credo + mix test)	mix credo	2026-09-24T02:00:20.5010821Z Generated jason app
Elixir tests (mix credo + mix test)	mix credo	2026-09-24T02:00:20.5803758Z ==> excoveralls
Elixir tests (mix credo + mix test)	mix credo	2026-09-24T02:00:20.5804838Z Compiling 29 files (.ex)
Elixir tests (mix credo + mix test)	mix credo	2026-09-24T02:00:21.0751550Z      warning: CAStore.file_path/0 is undefined (module CAStore is not available or is yet to be defined). Make sure the module name is correct and has been specified in full (or that an alias has been defined)
Elixir tests (mix credo + mix test)	mix credo	2026-09-24T02:00:21.0753360Z      │
Elixir tests (mix credo + mix test)	mix credo	2026-09-24T02:00:21.0754104Z  111 │         [cacertfile: String.to_charlist(CAStore.file_path())]
Elixir tests (mix credo + mix test)	mix credo	2026-09-24T02:00:21.0755351Z      │                                                 ~
Elixir tests (mix credo + mix test)	mix credo	2026-09-24T02:00:21.0756124Z      │
Elixir tests (mix credo + mix test)	mix credo	2026-09-24T02:00:21.0757118Z      └─ lib/excoveralls/poster.ex:111:49: ExCoveralls.Poster.cacert_option/0
Elixir tests (mix credo + mix test)	mix credo	2026-09-24T02:00:21.0757919Z 
Elixir tests (mix credo + mix test)	mix credo	2026-09-24T02:00:21.0855537Z Generated excoveralls app
Elixir tests (mix credo + mix test)	mix credo	2026-09-24T02:00:21.1688761Z ==> flame
Elixir tests (mix credo + mix test)	mix credo	2026-09-24T02:00:21.1689664Z Compiling 16 files (.ex)
Elixir tests (mix credo + mix test)	mix credo	2026-09-24T02:00:21.6806946Z Generated flame app
Elixir tests (mix credo + mix test)	mix credo	2026-09-24T02:00:21.7745254Z ==> db_connection
Elixir tests (mix credo + mix test)	mix credo	2026-09-24T02:00:21.7745797Z Compiling 18 files (.ex)
Elixir tests (mix credo + mix test)	mix credo	2026-09-24T02:00:22.4563405Z Generated db_connection app
Elixir tests (mix credo + mix test)	mix credo	2026-09-24T02:00:22.5540987Z ==> phoenix_pubsub
Elixir tests (mix credo + mix test)	mix credo	2026-09-24T02:00:22.5541562Z Compiling 12 files (.ex)
Elixir tests (mix credo + mix test)	mix credo	2026-09-24T02:00:22.9012715Z Generated phoenix_pubsub app
Elixir tests (mix credo + mix test)	mix credo	2026-09-24T02:00:22.9651212Z ==> abnf_parsec
Elixir tests (mix credo + mix test)	mix credo	2026-09-24T02:00:22.9652062Z Compiling 4 files (.ex)
Elixir tests (mix credo + mix test)	mix credo	2026-09-24T02:00:24.3313248Z Generated abnf_parsec app
Elixir tests (mix credo + mix test)	mix credo	2026-09-24T02:00:24.3590113Z ==> websockex
Elixir tests (mix credo + mix test)	mix credo	2026-09-24T02:00:24.3590669Z Compiling 6 files (.ex)
Elixir tests (mix credo + mix test)	mix credo	2026-09-24T02:00:24.8026558Z Generated websockex app
Elixir tests (mix credo + mix test)	mix credo	2026-09-24T02:00:24.8505388Z ==> protocol_ex
Elixir tests (mix credo + mix test)	mix credo	2026-09-24T02:00:24.8506490Z Compiling 2 files (.ex)
Elixir tests (mix credo + mix test)	mix credo	2026-09-24T02:00:25.3876076Z Generated protocol_ex app
Elixir tests (mix credo + mix test)	mix credo	2026-09-24T02:00:25.4122632Z ==> plug_crypto
Elixir tests (mix credo + mix test)	mix credo	2026-09-24T02:00:25.4123326Z Compiling 5 files (.ex)
Elixir tests (mix credo + mix test)	mix credo	2026-09-24T02:00:25.5314028Z Generated plug_crypto app
Elixir tests (mix credo + mix test)	mix credo	2026-09-24T02:00:25.5627386Z ==> yuri_template
Elixir tests (mix credo + mix test)	mix credo	2026-09-24T02:00:25.5627886Z Compiling 15 files (.ex)
Elixir tests (mix credo + mix test)	mix credo	2026-09-24T02:00:25.6060197Z     warning: using single-quoted strings to represent charlists is deprecated.
Elixir tests (mix credo + mix test)	mix credo	2026-09-24T02:00:25.6061198Z     Use ~c"" if you indeed want a charlist or use "" instead.
Elixir tests (mix credo + mix test)	mix credo	2026-09-24T02:00:25.6061946Z     You may run "mix format --migrate" to change all single-quoted
Elixir tests (mix credo + mix test)	mix credo	2026-09-24T02:00:25.6062785Z     strings to use the ~c sigil and fix this warning.
Elixir tests (mix credo + mix test)	mix credo	2026-09-24T02:00:25.6063610Z     │
Elixir tests (mix credo + mix test)	mix credo	2026-09-24T02:00:25.6075703Z   9 │   def operator_level_2(prev \\ empty()), do: prev |> choice(Enum.map('+#', &ascii_char([&1])))
Elixir tests (mix credo + mix test)	mix credo	2026-09-24T02:00:25.6097822Z     │                                                                      ~
Elixir tests (mix credo + mix test)	mix credo	2026-09-24T02:00:25.6100853Z     │
Elixir tests (mix credo + mix test)	mix credo	2026-09-24T02:00:25.6101785Z     └─ lib/yuri_template/parsec.ex:9:70
Elixir tests (mix credo + mix test)	mix credo	2026-09-24T02:00:25.6102406Z 
Elixir tests (mix credo + mix test)	mix credo	2026-09-24T02:00:25.6125957Z     warning: using single-quoted strings to represent charlists is deprecated.
Elixir tests (mix credo + mix test)	mix credo	2026-09-24T02:00:25.6127125Z     Use ~c"" if you indeed want a charlist or use "" instead.
Elixir tests (mix credo + mix test)	mix credo	2026-09-24T02:00:25.6128213Z     You may run "mix format --migrate" to change all single-quoted
Elixir tests (mix credo + mix test)	mix credo	2026-09-24T02:00:25.6129240Z     strings to use the ~c sigil and fix this warning.
Elixir tests (mix credo + mix test)	mix credo	2026-09-24T02:00:25.6130063Z     │
Elixir tests (mix credo + mix test)	mix credo	2026-09-24T02:00:25.6130883Z  12 │     do: prev |> choice(Enum.map('./;?&', &ascii_char([&1])))
Elixir tests (mix credo + mix test)	mix credo	2026-09-24T02:00:25.6131840Z     │                                 ~
Elixir tests (mix credo + mix test)	mix credo	2026-09-24T02:00:25.6132556Z     │
Elixir tests (mix credo + mix test)	mix credo	2026-09-24T02:00:25.6133253Z     └─ lib/yuri_template/parsec.ex:12:33
Elixir tests (mix credo + mix test)	mix credo	2026-09-24T02:00:25.6133895Z 
Elixir tests (mix credo + mix test)	mix credo	2026-09-24T02:00:25.6168592Z     warning: using single-quoted strings to represent charlists is deprecated.
Elixir tests (mix credo + mix test)	mix credo	2026-09-24T02:00:25.6169642Z     Use ~c"" if you indeed want a charlist or use "" instead.
Elixir tests (mix credo + mix test)	mix credo	2026-09-24T02:00:25.6170985Z     You may run "mix format --migrate" to change all single-quoted
Elixir tests (mix credo + mix test)	mix credo	2026-09-24T02:00:25.6171857Z     strings to use the ~c sigil and fix this warning.
Elixir tests (mix credo + mix test)	mix credo	2026-09-24T02:00:25.6172583Z     │
Elixir tests (mix credo + mix test)	mix credo	2026-09-24T02:00:25.6173459Z  15 │     do: prev |> choice(Enum.map('=,!@|', &ascii_char([&1])))
Elixir tests (mix credo + mix test)	mix credo	2026-09-24T02:00:25.6174228Z     │                                 ~
Elixir tests (mix credo + mix test)	mix credo	2026-09-24T02:00:25.6175088Z     │
Elixir tests (mix credo + mix test)	mix credo	2026-09-24T02:00:25.6175575Z     └─ lib/yuri_template/parsec.ex:15:33
Elixir tests (mix credo + mix test)	mix credo	2026-09-24T02:00:25.6175929Z 
Elixir tests (mix credo + mix test)	mix credo	2026-09-24T02:00:25.6539951Z     warning: using single-quoted strings to represent charlists is deprecated.
Elixir tests (mix credo + mix test)	mix credo	2026-09-24T02:00:25.6541273Z     Use ~c"" if you indeed want a charlist or use "" instead.
Elixir tests (mix credo + mix test)	mix credo	2026-09-24T02:00:25.6542286Z     You may run "mix format --migrate" to change all single-quoted
Elixir tests (mix credo + mix test)	mix credo	2026-09-24T02:00:25.6543242Z     strings to use the ~c sigil and fix this warning.
Elixir tests (mix credo + mix test)	mix credo	2026-09-24T02:00:25.6544119Z     │
Elixir tests (mix credo + mix test)	mix credo	2026-09-24T02:00:25.6545170Z  15 │   defguardp is_op(op) when op in '+#?./;?&'
Elixir tests (mix credo + mix test)	mix credo	2026-09-24T02:00:25.6546275Z     │                                  ~
Elixir tests (mix credo + mix test)	mix credo	2026-09-24T02:00:25.6547007Z     │
Elixir tests (mix credo + mix test)	mix credo	2026-09-24T02:00:25.6547690Z     └─ lib/yuri_template/rfc6570.ex:15:34
Elixir tests (mix credo + mix test)	mix credo	2026-09-24T02:00:25.6548259Z 
Elixir tests (mix credo + mix test)	mix credo	2026-09-24T02:00:26.6731865Z Generated yuri_template app
Elixir tests (mix credo + mix test)	mix credo	2026-09-24T02:00:26.7052063Z ==> hpax
Elixir tests (mix credo + mix test)	mix credo	2026-09-24T02:00:26.7052800Z Compiling 4 files (.ex)
Elixir tests (mix credo + mix test)	mix credo	2026-09-24T02:00:27.0781371Z Generated hpax app
Elixir tests (mix credo + mix test)	mix credo	2026-09-24T02:00:27.1005817Z ==> mint
Elixir tests (mix credo + mix test)	mix credo	2026-09-24T02:00:27.1006469Z Compiling 1 file (.erl)
Elixir tests (mix credo + mix test)	mix credo	2026-09-24T02:00:27.1728810Z Compiling 19 files (.ex)
Elixir tests (mix credo + mix test)	mix credo	2026-09-24T02:00:28.1309444Z Generated mint app
Elixir tests (mix credo + mix test)	mix credo	2026-09-24T02:00:28.5994908Z ==> ggen_igniter
Elixir tests (mix credo + mix test)	mix credo	2026-09-24T02:00:28.5995464Z ===> Analyzing applications...
Elixir tests (mix credo + mix test)	mix credo	2026-09-24T02:00:28.7382220Z ===> Compiling yamerl
Elixir tests (mix credo + mix test)	mix credo	2026-09-24T02:00:30.2159311Z ==> yaml_elixir
Elixir tests (mix credo + mix test)	mix credo	2026-09-24T02:00:30.2160429Z Compiling 6 files (.ex)
Elixir tests (mix credo + mix test)	mix credo	2026-09-24T02:00:30.3214336Z Generated yaml_elixir app
Elixir tests (mix credo + mix test)	mix credo	2026-09-24T02:00:30.3645385Z ==> nimble_csv
Elixir tests (mix credo + mix test)	mix credo	2026-09-24T02:00:30.3647229Z Compiling 1 file (.ex)
Elixir tests (mix credo + mix test)	mix credo	2026-09-24T02:00:30.5930429Z Generated nimble_csv app
Elixir tests (mix credo + mix test)	mix credo	2026-09-24T02:00:30.6190569Z ==> jcs
Elixir tests (mix credo + mix test)	mix credo	2026-09-24T02:00:30.6191685Z Compiling 1 file (.ex)
Elixir tests (mix credo + mix test)	mix credo	2026-09-24T02:00:30.6751305Z Generated jcs app
Elixir tests (mix credo + mix test)	mix credo	2026-09-24T02:00:30.7012257Z ==> ex_ast
Elixir tests (mix credo + mix test)	mix credo	2026-09-24T02:00:30.7012958Z Compiling 36 files (.ex)
Elixir tests (mix credo + mix test)	mix credo	2026-09-24T02:00:31.6622967Z Generated ex_ast app
Elixir tests (mix credo + mix test)	mix credo	2026-09-24T02:00:31.7766843Z ==> splode
Elixir tests (mix credo + mix test)	mix credo	2026-09-24T02:00:31.7767739Z Compiling 5 files (.ex)
Elixir tests (mix credo + mix test)	mix credo	2026-09-24T02:00:31.9521582Z Generated splode app
Elixir tests (mix credo + mix test)	mix credo	2026-09-24T02:00:31.9748031Z ==> content_type
Elixir tests (mix credo + mix test)	mix credo	2026-09-24T02:00:31.9749477Z Compiling 1 file (.ex)
Elixir tests (mix credo + mix test)	mix credo	2026-09-24T02:00:32.0297997Z Generated content_type app
Elixir tests (mix credo + mix test)	mix credo	2026-09-24T02:00:32.0543554Z ==> glob_ex
Elixir tests (mix credo + mix test)	mix credo	2026-09-24T02:00:32.0544021Z Compiling 4 files (.ex)
Elixir tests (mix credo + mix test)	mix credo	2026-09-24T02:00:32.1944314Z Generated glob_ex app
Elixir tests (mix credo + mix test)	mix credo	2026-09-24T02:00:32.2333652Z ==> credo
Elixir tests (mix credo + mix test)	mix credo	2026-09-24T02:00:32.2334300Z Compiling 257 files (.ex)
Elixir tests (mix credo + mix test)	mix credo	2026-09-24T02:00:37.5837452Z Generated credo app
Elixir tests (mix credo + mix test)	mix credo	2026-09-24T02:00:37.6950176Z ==> ecto
Elixir tests (mix credo + mix test)	mix credo	2026-09-24T02:00:37.6950695Z Compiling 56 files (.ex)
Elixir tests (mix credo + mix test)	mix credo	2026-09-24T02:00:41.8358621Z Generated ecto app
Elixir tests (mix credo + mix test)	mix credo	2026-09-24T02:00:41.9392764Z ==> uniq
Elixir tests (mix credo + mix test)	mix credo	2026-09-24T02:00:41.9394174Z Compiling 5 files (.ex)
Elixir tests (mix credo + mix test)	mix credo	2026-09-24T02:00:42.6941363Z Generated uniq app
Elixir tests (mix credo + mix test)	mix credo	2026-09-24T02:00:42.7160071Z ==> rdf
Elixir tests (mix credo + mix test)	mix credo	2026-09-24T02:00:42.7160981Z Compiling 2 files (.xrl)
Elixir tests (mix credo + mix test)	mix credo	2026-09-24T02:00:43.3849953Z Compiling 4 files (.yrl)
Elixir tests (mix credo + mix test)	mix credo	2026-09-24T02:00:43.4704054Z Compiling 6 files (.erl)
Elixir tests (mix credo + mix test)	mix credo	2026-09-24T02:00:44.8376962Z Compiling 140 files (.ex)
Elixir tests (mix credo + mix test)	mix credo	2026-09-24T02:00:49.6123582Z Generated rdf app
Elixir tests (mix credo + mix test)	mix credo	2026-09-24T02:00:50.4420531Z ==> grax
Elixir tests (mix credo + mix test)	mix credo	2026-09-24T02:00:50.4421565Z Compiling 35 files (.ex)
Elixir tests (mix credo + mix test)	mix credo	2026-09-24T02:00:51.3840128Z Generated grax app
Elixir tests (mix credo + mix test)	mix credo	2026-09-24T02:00:51.4918416Z ==> prov
Elixir tests (mix credo + mix test)	mix credo	2026-09-24T02:00:51.4951332Z Compiling 52 files (.ex)
Elixir tests (mix credo + mix test)	mix credo	2026-09-24T02:00:55.9485651Z Generated prov app
Elixir tests (mix credo + mix test)	mix credo	2026-09-24T02:00:56.0672629Z ==> foaf
Elixir tests (mix credo + mix test)	mix credo	2026-09-24T02:00:56.0673827Z Compiling 15 files (.ex)
Elixir tests (mix credo + mix test)	mix credo	2026-09-24T02:00:57.6915923Z Generated foaf app
Elixir tests (mix credo + mix test)	mix credo	2026-09-24T02:00:57.7803723Z ==> skos
Elixir tests (mix credo + mix test)	mix credo	2026-09-24T02:00:57.7804673Z Compiling 5 files (.ex)
Elixir tests (mix credo + mix test)	mix credo	2026-09-24T02:00:58.1965130Z Generated skos app
Elixir tests (mix credo + mix test)	mix credo	2026-09-24T02:00:58.2326662Z ==> dcat
Elixir tests (mix credo + mix test)	mix credo	2026-09-24T02:00:58.2327795Z Compiling 23 files (.ex)
Elixir tests (mix credo + mix test)	mix credo	2026-09-24T02:01:00.4976118Z Generated dcat app
Elixir tests (mix credo + mix test)	mix credo	2026-09-24T02:01:00.6608430Z ==> rustler
Elixir tests (mix credo + mix test)	mix credo	2026-09-24T02:01:00.6608969Z Compiling 7 files (.ex)
Elixir tests (mix credo + mix test)	mix credo	2026-09-24T02:01:00.8459083Z Generated rustler app
Elixir tests (mix credo + mix test)	mix credo	2026-09-24T02:01:00.8780622Z ==> rustler_precompiled
Elixir tests (mix credo + mix test)	mix credo	2026-09-24T02:01:00.8781499Z Compiling 4 files (.ex)
Elixir tests (mix credo + mix test)	mix credo	2026-09-24T02:01:01.1416163Z Generated rustler_precompiled app
Elixir tests (mix credo + mix test)	mix credo	2026-09-24T02:01:01.1778352Z ==> dcatr
Elixir tests (mix credo + mix test)	mix credo	2026-09-24T02:01:01.1779146Z Compiling 32 files (.ex)
Elixir tests (mix credo + mix test)	mix credo	2026-09-24T02:01:01.9319793Z Generated dcatr app
Elixir tests (mix credo + mix test)	mix credo	2026-09-24T02:01:02.0770045Z ==> ets
Elixir tests (mix credo + mix test)	mix credo	2026-09-24T02:01:02.0771093Z Compiling 7 files (.ex)
Elixir tests (mix credo + mix test)	mix credo	2026-09-24T02:01:03.1639855Z Generated ets app
Elixir tests (mix credo + mix test)	mix credo	2026-09-24T02:01:03.1955348Z ==> plug
Elixir tests (mix credo + mix test)	mix credo	2026-09-24T02:01:03.1956286Z Compiling 1 file (.erl)
Elixir tests (mix credo + mix test)	mix credo	2026-09-24T02:01:03.3212053Z Compiling 42 files (.ex)
Elixir tests (mix credo + mix test)	mix credo	2026-09-24T02:01:05.0145361Z Generated plug app
Elixir tests (mix credo + mix test)	mix credo	2026-09-24T02:01:05.1218367Z ==> open_api_spex
Elixir tests (mix credo + mix test)	mix credo	2026-09-24T02:01:05.1219115Z Compiling 80 files (.ex)
Elixir tests (mix credo + mix test)	mix credo	2026-09-24T02:01:06.6876964Z Generated open_api_spex app
Elixir tests (mix credo + mix test)	mix credo	2026-09-24T02:01:06.8047298Z ==> postgrex
Elixir tests (mix credo + mix test)	mix credo	2026-09-24T02:01:06.8048457Z Compiling 70 files (.ex)
Elixir tests (mix credo + mix test)	mix credo	2026-09-24T02:01:11.5258257Z Generated postgrex app
Elixir tests (mix credo + mix test)	mix credo	2026-09-24T02:01:11.6400670Z ==> dotenvy
Elixir tests (mix credo + mix test)	mix credo	2026-09-24T02:01:11.6401552Z Compiling 3 files (.ex)
Elixir tests (mix credo + mix test)	mix credo	2026-09-24T02:01:12.0902228Z Generated dotenvy app
Elixir tests (mix credo + mix test)	mix credo	2026-09-24T02:01:12.1366641Z ==> makeup
Elixir tests (mix credo + mix test)	mix credo	2026-09-24T02:01:12.1367445Z Compiling 15 files (.ex)
Elixir tests (mix credo + mix test)	mix credo	2026-09-24T02:01:12.5365845Z Generated makeup app
Elixir tests (mix credo + mix test)	mix credo	2026-09-24T02:01:12.6023647Z ==> makeup_elixir
Elixir tests (mix credo + mix test)	mix credo	2026-09-24T02:01:12.6024707Z Compiling 6 files (.ex)
Elixir tests (mix credo + mix test)	mix credo	2026-09-24T02:01:20.7191307Z Generated makeup_elixir app
Elixir tests (mix credo + mix test)	mix credo	2026-09-24T02:01:20.7514936Z ==> makeup_erlang
Elixir tests (mix credo + mix test)	mix credo	2026-09-24T02:01:20.7515309Z Compiling 4 files (.ex)
Elixir tests (mix credo + mix test)	mix credo	2026-09-24T02:01:31.9022527Z Compiling lib/makeup/lexers/erlang_lexer.ex (it's taking more than 10s)
Elixir tests (mix credo + mix test)	mix credo	2026-09-24T02:01:32.1880175Z Generated makeup_erlang app
Elixir tests (mix credo + mix test)	mix credo	2026-09-24T02:01:32.2317281Z ==> ex_doc
Elixir tests (mix credo + mix test)	mix credo	2026-09-24T02:01:32.2318107Z Compiling 30 files (.ex)
Elixir tests (mix credo + mix test)	mix credo	2026-09-24T02:01:33.4001592Z Generated ex_doc app
Elixir tests (mix credo + mix test)	mix credo	2026-09-24T02:01:33.4372306Z ==> group
Elixir tests (mix credo + mix test)	mix credo	2026-09-24T02:01:33.4383725Z warning: the dependency :group requires Elixir "~> 1.19" but you are running on v1.18.4
Elixir tests (mix credo + mix test)	mix credo	2026-09-24T02:01:33.4884827Z Compiling 9 files (.ex)
Elixir tests (mix credo + mix test)	mix credo	2026-09-24T02:01:34.1754312Z Generated group app
Elixir tests (mix credo + mix test)	mix credo	2026-09-24T02:01:34.2162058Z ==> faker
Elixir tests (mix credo + mix test)	mix credo	2026-09-24T02:01:34.2162887Z Compiling 111 files (.ex)
Elixir tests (mix credo + mix test)	mix credo	2026-09-24T02:01:34.2200565Z     warning: using single-quoted strings to represent charlists is deprecated.
Elixir tests (mix credo + mix test)	mix credo	2026-09-24T02:01:34.2201437Z     Use ~c"" if you indeed want a charlist or use "" instead.
Elixir tests (mix credo + mix test)	mix credo	2026-09-24T02:01:34.2202110Z     You may run "mix format --migrate" to change all single-quoted
Elixir tests (mix credo + mix test)	mix credo	2026-09-24T02:01:34.2202759Z     strings to use the ~c sigil and fix this warning.
Elixir tests (mix credo + mix test)	mix credo	2026-09-24T02:01:34.2203417Z     │
Elixir tests (mix credo + mix test)	mix credo	2026-09-24T02:01:34.2204097Z  50 │   @alphabet 'ABCDEFGHIJKLMNOPQRSTUVWXYZabcdefghijklmnopqrstuvwxyz'
Elixir tests (mix credo + mix test)	mix credo	2026-09-24T02:01:34.2205163Z     │             ~
Elixir tests (mix credo + mix test)	mix credo	2026-09-24T02:01:34.2205542Z     │
Elixir tests (mix credo + mix test)	mix credo	2026-09-24T02:01:34.2205975Z     └─ lib/faker.ex:50:13
Elixir tests (mix credo + mix test)	mix credo	2026-09-24T02:01:34.2206225Z 
Elixir tests (mix credo + mix test)	mix credo	2026-09-24T02:01:34.2206609Z     warning: using single-quoted strings to represent charlists is deprecated.
Elixir tests (mix credo + mix test)	mix credo	2026-09-24T02:01:34.2207409Z     Use ~c"" if you indeed want a charlist or use "" instead.
Elixir tests (mix credo + mix test)	mix credo	2026-09-24T02:01:34.2208076Z     You may run "mix format --migrate" to change all single-quoted
Elixir tests (mix credo + mix test)	mix credo	2026-09-24T02:01:34.2208765Z     strings to use the ~c sigil and fix this warning.
Elixir tests (mix credo + mix test)	mix credo	2026-09-24T02:01:34.2209271Z     │
Elixir tests (mix credo + mix test)	mix credo	2026-09-24T02:01:34.2209750Z   6 │   @geobase32 '0123456789bcdefghjkmnpqrstuvwxyz'
Elixir tests (mix credo + mix test)	mix credo	2026-09-24T02:01:34.2210298Z     │              ~
Elixir tests (mix credo + mix test)	mix credo	2026-09-24T02:01:34.2210639Z     │
Elixir tests (mix credo + mix test)	mix credo	2026-09-24T02:01:34.2211025Z     └─ lib/faker/address.ex:6:14
Elixir tests (mix credo + mix test)	mix credo	2026-09-24T02:01:34.2211298Z 
Elixir tests (mix credo + mix test)	mix credo	2026-09-24T02:01:34.7981655Z      warning: using single-quoted strings to represent charlists is deprecated.
Elixir tests (mix credo + mix test)	mix credo	2026-09-24T02:01:34.7983245Z      Use ~c"" if you indeed want a charlist or use "" instead.
Elixir tests (mix credo + mix test)	mix credo	2026-09-24T02:01:34.7984333Z      You may run "mix format --migrate" to change all single-quoted
Elixir tests (mix credo + mix test)	mix credo	2026-09-24T02:01:34.7988568Z      strings to use the ~c sigil and fix this warning.
Elixir tests (mix credo + mix test)	mix credo	2026-09-24T02:01:34.7990105Z      │
Elixir tests (mix credo + mix test)	mix credo	2026-09-24T02:01:34.7991354Z  501 │     alphabet = 'ABCDEFGHIJKLMNOPQRSTUVWXYZabcdefghijklmnopqrstuvwxyz0123456789'
Elixir tests (mix credo + mix test)	mix credo	2026-09-24T02:01:34.7992630Z      │                ~
Elixir tests (mix credo + mix test)	mix credo	2026-09-24T02:01:34.7993395Z      │
Elixir tests (mix credo + mix test)	mix credo	2026-09-24T02:01:34.7994227Z      └─ lib/faker/lorem.ex:501:16
Elixir tests (mix credo + mix test)	mix credo	2026-09-24T02:01:34.7995266Z 
Elixir tests (mix credo + mix test)	mix credo	2026-09-24T02:01:34.8113807Z warning: first..last inside match is deprecated, you must always match on the step: first..last//var or first..last//_ if you want to ignore it
Elixir tests (mix credo + mix test)	mix credo	2026-09-24T02:01:34.8159075Z ##[warning]  lib/faker/lorem.ex:299: Faker.Lorem.characters/1
Elixir tests (mix credo + mix test)	mix credo	2026-09-24T02:01:34.8171024Z 
Elixir tests (mix credo + mix test)	mix credo	2026-09-24T02:01:34.8171986Z warning: first..last inside match is deprecated, you must always match on the step: first..last//var or first..last//_ if you want to ignore it
Elixir tests (mix credo + mix test)	mix credo	2026-09-24T02:01:34.8174104Z ##[warning]  lib/faker/lorem.ex:333: Faker.Lorem.paragraph/1
Elixir tests (mix credo + mix test)	mix credo	2026-09-24T02:01:34.8175643Z 
Elixir tests (mix credo + mix test)	mix credo	2026-09-24T02:01:34.8176556Z warning: first..last inside match is deprecated, you must always match on the step: first..last//var or first..last//_ if you want to ignore it
Elixir tests (mix credo + mix test)	mix credo	2026-09-24T02:01:34.8178760Z ##[warning]  lib/faker/lorem.ex:363: Faker.Lorem.paragraphs/1
Elixir tests (mix credo + mix test)	mix credo	2026-09-24T02:01:34.8179987Z 
Elixir tests (mix credo + mix test)	mix credo	2026-09-24T02:01:34.8180935Z warning: first..last inside match is deprecated, you must always match on the step: first..last//var or first..last//_ if you want to ignore it
Elixir tests (mix credo + mix test)	mix credo	2026-09-24T02:01:34.8183078Z ##[warning]  lib/faker/lorem.ex:397: Faker.Lorem.sentence/1
Elixir tests (mix credo + mix test)	mix credo	2026-09-24T02:01:34.8184322Z 
Elixir tests (mix credo + mix test)	mix credo	2026-09-24T02:01:34.8185515Z warning: first..last inside match is deprecated, you must always match on the step: first..last//var or first..last//_ if you want to ignore it
Elixir tests (mix credo + mix test)	mix credo	2026-09-24T02:01:34.8187817Z ##[warning]  lib/faker/lorem.ex:454: Faker.Lorem.sentences/1
Elixir tests (mix credo + mix test)	mix credo	2026-09-24T02:01:34.8189159Z 
Elixir tests (mix credo + mix test)	mix credo	2026-09-24T02:01:34.8190107Z warning: first..last inside match is deprecated, you must always match on the step: first..last//var or first..last//_ if you want to ignore it
Elixir tests (mix credo + mix test)	mix credo	2026-09-24T02:01:34.8192169Z ##[warning]  lib/faker/lorem.ex:488: Faker.Lorem.words/1
Elixir tests (mix credo + mix test)	mix credo	2026-09-24T02:01:34.8193953Z 
Elixir tests (mix credo + mix test)	mix credo	2026-09-24T02:01:35.0170420Z warning: first..last inside match is deprecated, you must always match on the step: first..last//var or first..last//_ if you want to ignore it
Elixir tests (mix credo + mix test)	mix credo	2026-09-24T02:01:35.0186254Z ##[warning]  lib/faker/pizza.ex:50: Faker.Pizza.pizzas/1
Elixir tests (mix credo + mix test)	mix credo	2026-09-24T02:01:35.0194963Z 
Elixir tests (mix credo + mix test)	mix credo	2026-09-24T02:01:35.0218386Z warning: first..last inside match is deprecated, you must always match on the step: first..last//var or first..last//_ if you want to ignore it
Elixir tests (mix credo + mix test)	mix credo	2026-09-24T02:01:35.0220828Z ##[warning]  lib/faker/pizza.ex:105: Faker.Pizza.toppings/1
Elixir tests (mix credo + mix test)	mix credo	2026-09-24T02:01:35.0223057Z 
Elixir tests (mix credo + mix test)	mix credo	2026-09-24T02:01:35.3092334Z Generated faker app
Elixir tests (mix credo + mix test)	mix credo	2026-09-24T02:01:35.4186338Z ==> wasmex
Elixir tests (mix credo + mix test)	mix credo	2026-09-24T02:01:35.4187349Z Compiling 27 files (.ex)
Elixir tests (mix credo + mix test)	mix credo	2026-09-24T02:01:35.8666127Z 
Elixir tests (mix credo + mix test)	mix credo	2026-09-24T02:01:35.8667540Z 02:01:35.866 [debug] Downloading NIF from https://github.com/tessi/wasmex/releases/download/v0.15.1/libwasmex-v0.15.1-nif-2.15-x86_64-unknown-linux-gnu.so.tar.gz
Elixir tests (mix credo + mix test)	mix credo	2026-09-24T02:01:36.9414759Z 
Elixir tests (mix credo + mix test)	mix credo	2026-09-24T02:01:36.9417960Z 02:01:36.940 [debug] NIF cached at /home/runner/.cache/rustler_precompiled/precompiled_nifs/libwasmex-v0.15.1-nif-2.15-x86_64-unknown-linux-gnu.so.tar.gz and extracted to /home/runner/work/ggen_igniter/ggen_igniter/_build/dev/lib/wasmex/priv/native/libwasmex-v0.15.1-nif-2.15-x86_64-unknown-linux-gnu.so.tar.gz
Elixir tests (mix credo + mix test)	mix credo	2026-09-24T02:01:37.0036382Z Generated wasmex app
Elixir tests (mix credo + mix test)	mix credo	2026-09-24T02:01:37.1452749Z ==> erlex
Elixir tests (mix credo + mix test)	mix credo	2026-09-24T02:01:37.1453570Z Compiling 1 file (.xrl)
Elixir tests (mix credo + mix test)	mix credo	2026-09-24T02:01:37.1874604Z Compiling 1 file (.yrl)
Elixir tests (mix credo + mix test)	mix credo	2026-09-24T02:01:37.2453642Z Compiling 2 files (.erl)
Elixir tests (mix credo + mix test)	mix credo	2026-09-24T02:01:37.6482629Z Compiling 2 files (.ex)
Elixir tests (mix credo + mix test)	mix credo	2026-09-24T02:01:37.8100856Z Generated erlex app
Elixir tests (mix credo + mix test)	mix credo	2026-09-24T02:01:37.8405505Z ==> dialyxir
Elixir tests (mix credo + mix test)	mix credo	2026-09-24T02:01:37.8406417Z Compiling 67 files (.ex)
Elixir tests (mix credo + mix test)	mix credo	2026-09-24T02:01:38.5962907Z Generated dialyxir app
Elixir tests (mix credo + mix test)	mix credo	2026-09-24T02:01:38.7084982Z ==> crux
Elixir tests (mix credo + mix test)	mix credo	2026-09-24T02:01:38.7086050Z Compiling 20 files (.ex)
Elixir tests (mix credo + mix test)	mix credo	2026-09-24T02:01:39.2187529Z Generated crux app
Elixir tests (mix credo + mix test)	mix credo	2026-09-24T02:01:39.3149822Z ==> iterex
Elixir tests (mix credo + mix test)	mix credo	2026-09-24T02:01:39.3150605Z Compiling 48 files (.ex)
Elixir tests (mix credo + mix test)	mix credo	2026-09-24T02:01:42.5714785Z Generated iterex app
Elixir tests (mix credo + mix test)	mix credo	2026-09-24T02:01:42.6974954Z ==> nimble_pool
Elixir tests (mix credo + mix test)	mix credo	2026-09-24T02:01:42.6975485Z Compiling 2 files (.ex)
Elixir tests (mix credo + mix test)	mix credo	2026-09-24T02:01:43.0405423Z Generated nimble_pool app
Elixir tests (mix credo + mix test)	mix credo	2026-09-24T02:01:43.0696722Z ==> finch
Elixir tests (mix credo + mix test)	mix credo	2026-09-24T02:01:43.0697226Z Compiling 23 files (.ex)
Elixir tests (mix credo + mix test)	mix credo	2026-09-24T02:01:43.7478563Z Generated finch app
Elixir tests (mix credo + mix test)	mix credo	2026-09-24T02:01:43.8370631Z ==> tesla
Elixir tests (mix credo + mix test)	mix credo	2026-09-24T02:01:43.8371232Z Compiling 57 files (.ex)
Elixir tests (mix credo + mix test)	mix credo	2026-09-24T02:01:44.8948325Z Generated tesla app
Elixir tests (mix credo + mix test)	mix credo	2026-09-24T02:01:45.0249685Z ==> json_ld
Elixir tests (mix credo + mix test)	mix credo	2026-09-24T02:01:45.0280401Z Compiling 17 files (.ex)
Elixir tests (mix credo + mix test)	mix credo	2026-09-24T02:01:46.0860605Z Generated json_ld app
Elixir tests (mix credo + mix test)	mix credo	2026-09-24T02:01:46.1406329Z ==> req
Elixir tests (mix credo + mix test)	mix credo	2026-09-24T02:01:46.1407080Z Compiling 24 files (.ex)
Elixir tests (mix credo + mix test)	mix credo	2026-09-24T02:01:47.2269501Z Generated req app
Elixir tests (mix credo + mix test)	mix credo	2026-09-24T02:01:47.3237081Z ==> req_s3
Elixir tests (mix credo + mix test)	mix credo	2026-09-24T02:01:47.3237771Z Compiling 2 files (.ex)
Elixir tests (mix credo + mix test)	mix credo	2026-09-24T02:01:47.4376673Z Generated req_s3 app
Elixir tests (mix credo + mix test)	mix credo	2026-09-24T02:01:47.4881367Z ==> ecto_sql
Elixir tests (mix credo + mix test)	mix credo	2026-09-24T02:01:47.4882683Z Compiling 25 files (.ex)
Elixir tests (mix credo + mix test)	mix credo	2026-09-24T02:01:48.5736798Z Generated ecto_sql app
Elixir tests (mix credo + mix test)	mix credo	2026-09-24T02:01:48.6467186Z ==> server_sent_events
Elixir tests (mix credo + mix test)	mix credo	2026-09-24T02:01:48.6486724Z Compiling 2 files (.ex)
Elixir tests (mix credo + mix test)	mix credo	2026-09-24T02:01:48.7414859Z Generated server_sent_events app
Elixir tests (mix credo + mix test)	mix credo	2026-09-24T02:01:48.7727737Z ==> rewrite
Elixir tests (mix credo + mix test)	mix credo	2026-09-24T02:01:48.7728646Z Compiling 13 files (.ex)
Elixir tests (mix credo + mix test)	mix credo	2026-09-24T02:01:49.2224984Z Generated rewrite app
Elixir tests (mix credo + mix test)	mix credo	2026-09-24T02:01:49.3045069Z ==> owl
Elixir tests (mix credo + mix test)	mix credo	2026-09-24T02:01:49.3045571Z Compiling 19 files (.ex)
Elixir tests (mix credo + mix test)	mix credo	2026-09-24T02:01:49.8035147Z Generated owl app
Elixir tests (mix credo + mix test)	mix credo	2026-09-24T02:01:49.8819989Z ==> igniter
Elixir tests (mix credo + mix test)	mix credo	2026-09-24T02:01:49.8820514Z Compiling 62 files (.ex)
Elixir tests (mix credo + mix test)	mix credo	2026-09-24T02:01:52.2023780Z Generated igniter app
Elixir tests (mix credo + mix test)	mix credo	2026-09-24T02:01:52.3399549Z ==> oban
Elixir tests (mix credo + mix test)	mix credo	2026-09-24T02:01:52.3401019Z Compiling 70 files (.ex)
Elixir tests (mix credo + mix test)	mix credo	2026-09-24T02:01:54.0619376Z Generated oban app
Elixir tests (mix credo + mix test)	mix credo	2026-09-24T02:01:54.1715945Z ==> llm_db
Elixir tests (mix credo + mix test)	mix credo	2026-09-24T02:01:54.1716970Z Compiling 65 files (.ex)
Elixir tests (mix credo + mix test)	mix credo	2026-09-24T02:01:55.9235666Z Generated llm_db app
Elixir tests (mix credo + mix test)	mix credo	2026-09-24T02:01:56.0755137Z ==> spark
Elixir tests (mix credo + mix test)	mix credo	2026-09-24T02:01:56.0756078Z Compiling 46 files (.ex)
Elixir tests (mix credo + mix test)	mix credo	2026-09-24T02:01:58.2406288Z Generated spark app
Elixir tests (mix credo + mix test)	mix credo	2026-09-24T02:01:58.3658462Z ==> reactor
Elixir tests (mix credo + mix test)	mix credo	2026-09-24T02:01:58.3660548Z Compiling 113 files (.ex)
Elixir tests (mix credo + mix test)	mix credo	2026-09-24T02:02:07.1742466Z Generated reactor app
Elixir tests (mix credo + mix test)	mix credo	2026-09-24T02:02:07.3692717Z ==> ash
Elixir tests (mix credo + mix test)	mix credo	2026-09-24T02:02:07.3693050Z Compiling 617 files (.ex)
Elixir tests (mix credo + mix test)	mix credo	2026-09-24T02:02:27.3755827Z Compiling lib/ash/reactor/reactor.ex (it's taking more than 10s)
Elixir tests (mix credo + mix test)	mix credo	2026-09-24T02:02:38.7615162Z 
Elixir tests (mix credo + mix test)	mix credo	2026-09-24T02:02:38.7646380Z 02:02:38.759 [warning] Mix.Tasks.Ash.Set.Domains (/home/runner/work/ggen_igniter/ggen_igniter/deps/ash/lib/mix/tasks/ash.set.domains.ex):
Elixir tests (mix credo + mix test)	mix credo	2026-09-24T02:02:38.7664779Z 
Elixir tests (mix credo + mix test)	mix credo	2026-09-24T02:02:38.7675425Z     Module defines `igniter/2`, but `igniter/2` is deprecated.
Elixir tests (mix credo + mix test)	mix credo	2026-09-24T02:02:38.7682119Z     Please refactor to `igniter/1`. Use `igniter.args` to access `argv`, `positional` and `options`.
Elixir tests (mix credo + mix test)	mix credo	2026-09-24T02:02:38.7686091Z 
Elixir tests (mix credo + mix test)	mix credo	2026-09-24T02:02:54.7460785Z Compiling lib/ash/resource/dsl.ex (it's taking more than 10s)
Elixir tests (mix credo + mix test)	mix credo	2026-09-24T02:02:59.1518431Z Generated ash app
Elixir tests (mix credo + mix test)	mix credo	2026-09-24T02:02:59.3062461Z ==> ash_state_machine
Elixir tests (mix credo + mix test)	mix credo	2026-09-24T02:02:59.3062986Z Compiling 17 files (.ex)
Elixir tests (mix credo + mix test)	mix credo	2026-09-24T02:03:00.3468291Z Generated ash_state_machine app
Elixir tests (mix credo + mix test)	mix credo	2026-09-24T02:03:00.4991231Z ==> ash_sql
Elixir tests (mix credo + mix test)	mix credo	2026-09-24T02:03:00.4992247Z Compiling 14 files (.ex)
Elixir tests (mix credo + mix test)	mix credo	2026-09-24T02:03:05.5122167Z Generated ash_sql app
Elixir tests (mix credo + mix test)	mix credo	2026-09-24T02:03:05.7424107Z ==> ash_postgres
Elixir tests (mix credo + mix test)	mix credo	2026-09-24T02:03:05.7425979Z Compiling 65 files (.ex)
Elixir tests (mix credo + mix test)	mix credo	2026-09-24T02:03:12.1132018Z Generated ash_postgres app
Elixir tests (mix credo + mix test)	mix credo	2026-09-24T02:03:12.4233324Z ==> elixir_make
Elixir tests (mix credo + mix test)	mix credo	2026-09-24T02:03:12.4236667Z Compiling 8 files (.ex)
Elixir tests (mix credo + mix test)	mix credo	2026-09-24T02:03:12.6803936Z Generated elixir_make app
Elixir tests (mix credo + mix test)	mix credo	2026-09-24T02:03:12.7255132Z ==> cc_precompiler
Elixir tests (mix credo + mix test)	mix credo	2026-09-24T02:03:12.7256073Z Compiling 3 files (.ex)
Elixir tests (mix credo + mix test)	mix credo	2026-09-24T02:03:12.8920194Z Generated cc_precompiler app
Elixir tests (mix credo + mix test)	mix credo	2026-09-24T02:03:12.9220394Z ==> ekv
Elixir tests (mix credo + mix test)	mix credo	2026-09-24T02:03:12.9223528Z warning: the dependency :ekv requires Elixir "~> 1.19" but you are running on v1.18.4
Elixir tests (mix credo + mix test)	mix credo	2026-09-24T02:03:12.9256591Z Downloading precompiled NIF to /home/runner/.cache/elixir_make/ekv-nif-2.17-x86_64-linux-gnu-0.4.3.tar.gz
Elixir tests (mix credo + mix test)	mix credo	2026-09-24T02:03:13.2251671Z Error happened while installing ekv from precompiled binary: "precompiled \"ekv-nif-2.17-x86_64-linux-gnu-0.4.3.tar.gz\" does not exist in checksum.exs".
Elixir tests (mix credo + mix test)	mix credo	2026-09-24T02:03:13.2252801Z 
Elixir tests (mix credo + mix test)	mix credo	2026-09-24T02:03:13.2253084Z Attempting to compile ekv from source...
Elixir tests (mix credo + mix test)	mix credo	2026-09-24T02:03:13.2703711Z cc -O2 -fPIC -I/home/runner/work/_temp/.setup-beam/otp/erts-15.2.2/include -Ic_src -DSQLITE_THREADSAFE=1 -DSQLITE_USE_URI=1 -DSQLITE_DQS=0 -DHAVE_USLEEP=1 -DSQLITE_ENABLE_STAT4=1 -DSQLITE_LIKE_DOESNT_MATCH_BLOBS=1 -DNDEBUG=1 -shared -lpthread -ldl -lm -o /home/runner/work/ggen_igniter/ggen_igniter/_build/dev/lib/ekv/priv/ekv_sqlite3_nif.so c_src/ekv_sqlite3_nif.c c_src/sqlite3.c
Elixir tests (mix credo + mix test)	mix credo	2026-09-24T02:03:37.6816533Z Compiling 24 files (.ex)
Elixir tests (mix credo + mix test)	mix credo	2026-09-24T02:03:40.1369535Z Generated ekv app
Elixir tests (mix credo + mix test)	mix credo	2026-09-24T02:03:40.2290481Z ==> websock
Elixir tests (mix credo + mix test)	mix credo	2026-09-24T02:03:40.2290955Z Compiling 1 file (.ex)
Elixir tests (mix credo + mix test)	mix credo	2026-09-24T02:03:40.2604341Z Generated websock app
Elixir tests (mix credo + mix test)	mix credo	2026-09-24T02:03:40.3095204Z ==> bandit
Elixir tests (mix credo + mix test)	mix credo	2026-09-24T02:03:40.3095931Z Compiling 54 files (.ex)
Elixir tests (mix credo + mix test)	mix credo	2026-09-24T02:03:42.4490273Z Generated bandit app
Elixir tests (mix credo + mix test)	mix credo	2026-09-24T02:03:42.5630980Z ==> a2a
Elixir tests (mix credo + mix test)	mix credo	2026-09-24T02:03:42.5631583Z Compiling 30 files (.ex)
Elixir tests (mix credo + mix test)	mix credo	2026-09-24T02:03:43.9223015Z Generated a2a app
Elixir tests (mix credo + mix test)	mix credo	2026-09-24T02:03:44.0724182Z ==> websock_adapter
Elixir tests (mix credo + mix test)	mix credo	2026-09-24T02:03:44.0725515Z Compiling 4 files (.ex)
Elixir tests (mix credo + mix test)	mix credo	2026-09-24T02:03:44.2291489Z Generated websock_adapter app
Elixir tests (mix credo + mix test)	mix credo	2026-09-24T02:03:44.3025493Z ==> phoenix
Elixir tests (mix credo + mix test)	mix credo	2026-09-24T02:03:44.3026915Z Compiling 75 files (.ex)
Elixir tests (mix credo + mix test)	mix credo	2026-09-24T02:03:47.6007021Z Generated phoenix app
Elixir tests (mix credo + mix test)	mix credo	2026-09-24T02:03:47.7995426Z ==> sweet_xml
Elixir tests (mix credo + mix test)	mix credo	2026-09-24T02:03:47.7996184Z Compiling 2 files (.ex)
Elixir tests (mix credo + mix test)	mix credo	2026-09-24T02:03:48.1462920Z Generated sweet_xml app
Elixir tests (mix credo + mix test)	mix credo	2026-09-24T02:03:48.1926195Z ==> sparql
Elixir tests (mix credo + mix test)	mix credo	2026-09-24T02:03:48.1927343Z Compiling 1 file (.xrl)
Elixir tests (mix credo + mix test)	mix credo	2026-09-24T02:03:53.3999655Z Compiling 1 file (.yrl)
Elixir tests (mix credo + mix test)	mix credo	2026-09-24T02:03:54.1021257Z Compiling 2 files (.erl)
Elixir tests (mix credo + mix test)	mix credo	2026-09-24T02:04:12.7726482Z Compiling 43 files (.ex)
Elixir tests (mix credo + mix test)	mix credo	2026-09-24T02:04:15.0920955Z Generated sparql app
Elixir tests (mix credo + mix test)	mix credo	2026-09-24T02:04:15.6874254Z warning: the dependency :durable_server requires Elixir "~> 1.19" but you are running on v1.18.4
Elixir tests (mix credo + mix test)	mix credo	2026-09-24T02:04:15.6875932Z ==> durable_server
Elixir tests (mix credo + mix test)	mix credo	2026-09-24T02:04:15.7013103Z Compiling 18 files (.ex)
Elixir tests (mix credo + mix test)	mix credo	2026-09-24T02:04:17.8428812Z Generated durable_server app
Elixir tests (mix credo + mix test)	mix credo	2026-09-24T02:04:17.9241857Z ==> texture
Elixir tests (mix credo + mix test)	mix credo	2026-09-24T02:04:17.9242748Z Compiling 7 files (.ex)
Elixir tests (mix credo + mix test)	mix credo	2026-09-24T02:04:19.0555625Z Generated texture app
Elixir tests (mix credo + mix test)	mix credo	2026-09-24T02:04:19.1258786Z ==> jsv
Elixir tests (mix credo + mix test)	mix credo	2026-09-24T02:04:19.1259264Z Compiling 74 files (.ex)
Elixir tests (mix credo + mix test)	mix credo	2026-09-24T02:04:23.8376607Z Generated jsv app
Elixir tests (mix credo + mix test)	mix credo	2026-09-24T02:04:23.9773369Z ==> req_llm
Elixir tests (mix credo + mix test)	mix credo	2026-09-24T02:04:23.9775058Z Compiling 211 files (.ex)
Elixir tests (mix credo + mix test)	mix credo	2026-09-24T02:04:35.1291052Z Generated req_llm app
Elixir tests (mix credo + mix test)	mix credo	2026-09-24T02:04:35.3923364Z ==> conv_case
Elixir tests (mix credo + mix test)	mix credo	2026-09-24T02:04:35.3923893Z Compiling 1 file (.ex)
Elixir tests (mix credo + mix test)	mix credo	2026-09-24T02:04:35.5351775Z Generated conv_case app
Elixir tests (mix credo + mix test)	mix credo	2026-09-24T02:04:35.6684029Z ==> xema
Elixir tests (mix credo + mix test)	mix credo	2026-09-24T02:04:35.6684771Z Compiling 19 files (.ex)
Elixir tests (mix credo + mix test)	mix credo	2026-09-24T02:04:37.3656015Z Generated xema app
Elixir tests (mix credo + mix test)	mix credo	2026-09-24T02:04:37.4893059Z ==> json_xema
Elixir tests (mix credo + mix test)	mix credo	2026-09-24T02:04:37.4894736Z Compiling 4 files (.ex)
Elixir tests (mix credo + mix test)	mix credo	2026-09-24T02:04:37.7482052Z Generated json_xema app
Elixir tests (mix credo + mix test)	mix credo	2026-09-24T02:04:37.8086863Z ==> ash_json_api
Elixir tests (mix credo + mix test)	mix credo	2026-09-24T02:04:37.8087627Z Compiling 76 files (.ex)
Elixir tests (mix credo + mix test)	mix credo	2026-09-24T02:04:49.1136750Z Generated ash_json_api app
Elixir tests (mix credo + mix test)	mix credo	2026-09-24T02:04:49.5022830Z ==> saxy
Elixir tests (mix credo + mix test)	mix credo	2026-09-24T02:04:49.5025979Z Compiling 19 files (.ex)
Elixir tests (mix credo + mix test)	mix credo	2026-09-24T02:04:52.4163879Z Generated saxy app
Elixir tests (mix credo + mix test)	mix credo	2026-09-24T02:04:52.5618278Z ==> rdf_xml
Elixir tests (mix credo + mix test)	mix credo	2026-09-24T02:04:52.5619371Z Compiling 17 files (.ex)
Elixir tests (mix credo + mix test)	mix credo	2026-09-24T02:04:53.9459053Z Generated rdf_xml app
Elixir tests (mix credo + mix test)	mix credo	2026-09-24T02:04:54.0143365Z ==> sparql_client
Elixir tests (mix credo + mix test)	mix credo	2026-09-24T02:04:54.0144192Z Compiling 9 files (.ex)
Elixir tests (mix credo + mix test)	mix credo	2026-09-24T02:04:54.3716413Z Generated sparql_client app
Elixir tests (mix credo + mix test)	mix credo	2026-09-24T02:04:54.4445546Z ==> gno
Elixir tests (mix credo + mix test)	mix credo	2026-09-24T02:04:54.4446067Z Compiling 36 files (.ex)
Elixir tests (mix credo + mix test)	mix credo	2026-09-24T02:04:56.5748410Z Generated gno app
Elixir tests (mix credo + mix test)	mix credo	2026-09-24T02:04:56.7469080Z ==> ash_r2rml
Elixir tests (mix credo + mix test)	mix credo	2026-09-24T02:04:56.7469440Z Compiling 111 files (.ex)
Elixir tests (mix credo + mix test)	mix credo	2026-09-24T02:05:06.2381379Z Generated ash_r2rml app
Elixir tests (mix credo + mix test)	mix credo	2026-09-24T02:05:06.4497154Z ==> ash_oban
Elixir tests (mix credo + mix test)	mix credo	2026-09-24T02:05:06.4498383Z Compiling 22 files (.ex)
Elixir tests (mix credo + mix test)	mix credo	2026-09-24T02:05:09.9519028Z Generated ash_oban app
Elixir tests (mix credo + mix test)	mix credo	2026-09-24T02:05:10.0425275Z ==> ash_ai
Elixir tests (mix credo + mix test)	mix credo	2026-09-24T02:05:10.0425972Z Compiling 42 files (.ex)
Elixir tests (mix credo + mix test)	mix credo	2026-09-24T02:05:13.8642900Z Generated ash_ai app
Elixir tests (mix credo + mix test)	mix credo	2026-09-24T02:05:13.9296013Z ==> ash_a2a
Elixir tests (mix credo + mix test)	mix credo	2026-09-24T02:05:13.9299724Z warning: the dependency :ash_a2a requires Elixir "~> 1.19" but you are running on v1.18.4
Elixir tests (mix credo + mix test)	mix credo	2026-09-24T02:05:14.0126106Z Compiling 309 files (.ex)
Elixir tests (mix credo + mix test)	mix credo	2026-09-24T02:05:38.5302709Z Generated ash_a2a app
Elixir tests (mix credo + mix test)	mix credo	2026-09-24T02:05:39.2311139Z Checking 324 source files (this might take a while) ...
Elixir tests (mix credo + mix test)	mix credo	2026-09-24T02:05:45.0608277Z 
Elixir tests (mix credo + mix test)	mix credo	2026-09-24T02:05:45.0609372Z Please report incorrect results: https://github.com/rrrene/credo/issues
Elixir tests (mix credo + mix test)	mix credo	2026-09-24T02:05:45.0610043Z 
Elixir tests (mix credo + mix test)	mix credo	2026-09-24T02:05:45.0610564Z Analysis took 6.2 seconds (0.4s to load, 5.8s running 57 checks on 324 files)
Elixir tests (mix credo + mix test)	mix credo	2026-09-24T02:05:45.0913408Z 2951 mods/funs, found no issues.
Elixir tests (mix credo + mix test)	mix credo	2026-09-24T02:05:45.0914883Z 
Elixir tests (mix credo + mix test)	mix credo	2026-09-24T02:05:45.0916138Z Showing priority issues: ↑ ↗ →  (use `mix credo explain` to explain issues, `mix credo --help` for options).
Elixir tests (mix credo + mix test)	mix compile (dev env, so test subprocesses never pay the first compile)	﻿2026-09-24T02:05:45.1541972Z ##[group]Run mix compile
Elixir tests (mix credo + mix test)	mix compile (dev env, so test subprocesses never pay the first compile)	2026-09-24T02:05:45.1542275Z ^[[36;1mmix compile^[[0m
Elixir tests (mix credo + mix test)	mix compile (dev env, so test subprocesses never pay the first compile)	2026-09-24T02:05:45.1580039Z shell: /usr/bin/bash --noprofile --norc -e -o pipefail {0}
Elixir tests (mix credo + mix test)	mix compile (dev env, so test subprocesses never pay the first compile)	2026-09-24T02:05:45.1580412Z env:
Elixir tests (mix credo + mix test)	mix compile (dev env, so test subprocesses never pay the first compile)	2026-09-24T02:05:45.1580692Z   INSTALL_DIR_FOR_OTP: /home/runner/work/_temp/.setup-beam/otp
Elixir tests (mix credo + mix test)	mix compile (dev env, so test subprocesses never pay the first compile)	2026-09-24T02:05:45.1581144Z   INSTALL_DIR_FOR_ELIXIR: /home/runner/work/_temp/.setup-beam/elixir
Elixir tests (mix credo + mix test)	mix compile (dev env, so test subprocesses never pay the first compile)	2026-09-24T02:05:45.1581598Z   INSTALL_DIR_FOR_REBAR3: /home/runner/work/_temp/.setup-beam/rebar3
Elixir tests (mix credo + mix test)	mix compile (dev env, so test subprocesses never pay the first compile)	2026-09-24T02:05:45.1581943Z ##[endgroup]
Elixir tests (mix credo + mix test)	mix compile (dev env, so test subprocesses never pay the first compile)	2026-09-24T02:05:45.9233645Z Compiling 99 files (.ex)
Elixir tests (mix credo + mix test)	mix compile (dev env, so test subprocesses never pay the first compile)	2026-09-24T02:05:48.6258073Z     Updating crates.io index
Elixir tests (mix credo + mix test)	mix compile (dev env, so test subprocesses never pay the first compile)	2026-09-24T02:05:49.0979532Z  Downloading crates ...
Elixir tests (mix credo + mix test)	mix compile (dev env, so test subprocesses never pay the first compile)	2026-09-24T02:05:49.3679171Z   Downloaded crypto-common v0.1.7
Elixir tests (mix credo + mix test)	mix compile (dev env, so test subprocesses never pay the first compile)	2026-09-24T02:05:49.4130380Z   Downloaded inventory v0.3.24
Elixir tests (mix credo + mix test)	mix compile (dev env, so test subprocesses never pay the first compile)	2026-09-24T02:05:49.4157725Z   Downloaded rustc-hash v2.1.3
Elixir tests (mix credo + mix test)	mix compile (dev env, so test subprocesses never pay the first compile)	2026-09-24T02:05:49.4171072Z   Downloaded jobserver v0.1.35
Elixir tests (mix credo + mix test)	mix compile (dev env, so test subprocesses never pay the first compile)	2026-09-24T02:05:49.4190967Z   Downloaded md-5 v0.10.6
Elixir tests (mix credo + mix test)	mix compile (dev env, so test subprocesses never pay the first compile)	2026-09-24T02:05:49.4206293Z   Downloaded cfg-if v1.0.4
Elixir tests (mix credo + mix test)	mix compile (dev env, so test subprocesses never pay the first compile)	2026-09-24T02:05:49.4219691Z   Downloaded hex v0.4.3
Elixir tests (mix credo + mix test)	mix compile (dev env, so test subprocesses never pay the first compile)	2026-09-24T02:05:49.4239707Z   Downloaded sha1 v0.10.7
Elixir tests (mix credo + mix test)	mix compile (dev env, so test subprocesses never pay the first compile)	2026-09-24T02:05:49.4257660Z   Downloaded block-buffer v0.10.4
Elixir tests (mix credo + mix test)	mix compile (dev env, so test subprocesses never pay the first compile)	2026-09-24T02:05:49.4268488Z   Downloaded redox_syscall v0.5.18
Elixir tests (mix credo + mix test)	mix compile (dev env, so test subprocesses never pay the first compile)	2026-09-24T02:05:49.4295529Z   Downloaded heck v0.5.0
Elixir tests (mix credo + mix test)	mix compile (dev env, so test subprocesses never pay the first compile)	2026-09-24T02:05:49.4309084Z   Downloaded quote v1.0.47
Elixir tests (mix credo + mix test)	mix compile (dev env, so test subprocesses never pay the first compile)	2026-09-24T02:05:49.4338878Z   Downloaded cexpr v0.6.0
Elixir tests (mix credo + mix test)	mix compile (dev env, so test subprocesses never pay the first compile)	2026-09-24T02:05:49.4358304Z   Downloaded rustversion v1.0.23
Elixir tests (mix credo + mix test)	mix compile (dev env, so test subprocesses never pay the first compile)	2026-09-24T02:05:49.4389465Z   Downloaded serde v1.0.229
Elixir tests (mix credo + mix test)	mix compile (dev env, so test subprocesses never pay the first compile)	2026-09-24T02:05:49.4425056Z   Downloaded digest v0.10.7
Elixir tests (mix credo + mix test)	mix compile (dev env, so test subprocesses never pay the first compile)	2026-09-24T02:05:49.4452592Z   Downloaded libloading v0.8.9
Elixir tests (mix credo + mix test)	mix compile (dev env, so test subprocesses never pay the first compile)	2026-09-24T02:05:49.4540046Z   Downloaded clang-sys v1.9.1
Elixir tests (mix credo + mix test)	mix compile (dev env, so test subprocesses never pay the first compile)	2026-09-24T02:05:49.4566471Z   Downloaded getrandom v0.3.4
Elixir tests (mix credo + mix test)	mix compile (dev env, so test subprocesses never pay the first compile)	2026-09-24T02:05:49.4604615Z   Downloaded getrandom v0.4.3
Elixir tests (mix credo + mix test)	mix compile (dev env, so test subprocesses never pay the first compile)	2026-09-24T02:05:49.4653834Z   Downloaded oxrdf v0.3.3
Elixir tests (mix credo + mix test)	mix compile (dev env, so test subprocesses never pay the first compile)	2026-09-24T02:05:49.4810361Z   Downloaded bitflags v2.13.1
Elixir tests (mix credo + mix test)	mix compile (dev env, so test subprocesses never pay the first compile)	2026-09-24T02:05:49.4860286Z   Downloaded oxttl v0.2.3
Elixir tests (mix credo + mix test)	mix compile (dev env, so test subprocesses never pay the first compile)	2026-09-24T02:05:49.4885290Z   Downloaded rand v0.9.5
Elixir tests (mix credo + mix test)	mix compile (dev env, so test subprocesses never pay the first compile)	2026-09-24T02:05:49.4924687Z   Downloaded nom v7.1.3
Elixir tests (mix credo + mix test)	mix compile (dev env, so test subprocesses never pay the first compile)	2026-09-24T02:05:49.5053615Z   Downloaded sparesults v0.3.3
Elixir tests (mix credo + mix test)	mix compile (dev env, so test subprocesses never pay the first compile)	2026-09-24T02:05:49.5075200Z   Downloaded typenum v1.20.1
Elixir tests (mix credo + mix test)	mix compile (dev env, so test subprocesses never pay the first compile)	2026-09-24T02:05:49.5111685Z   Downloaded itertools v0.13.0
Elixir tests (mix credo + mix test)	mix compile (dev env, so test subprocesses never pay the first compile)	2026-09-24T02:05:49.5183759Z   Downloaded aho-corasick v1.1.5
Elixir tests (mix credo + mix test)	mix compile (dev env, so test subprocesses never pay the first compile)	2026-09-24T02:05:49.5238428Z   Downloaded bindgen v0.72.1
Elixir tests (mix credo + mix test)	mix compile (dev env, so test subprocesses never pay the first compile)	2026-09-24T02:05:49.5307070Z   Downloaded cc v1.4.4
Elixir tests (mix credo + mix test)	mix compile (dev env, so test subprocesses never pay the first compile)	2026-09-24T02:05:49.5338545Z   Downloaded hashbrown v0.14.5
Elixir tests (mix credo + mix test)	mix compile (dev env, so test subprocesses never pay the first compile)	2026-09-24T02:05:49.5386976Z   Downloaded serde_derive v1.0.229
Elixir tests (mix credo + mix test)	mix compile (dev env, so test subprocesses never pay the first compile)	2026-09-24T02:05:49.5419020Z   Downloaded sha2 v0.10.9
Elixir tests (mix credo + mix test)	mix compile (dev env, so test subprocesses never pay the first compile)	2026-09-24T02:05:49.5446125Z   Downloaded peg v0.8.6
Elixir tests (mix credo + mix test)	mix compile (dev env, so test subprocesses never pay the first compile)	2026-09-24T02:05:49.5501869Z   Downloaded prettyplease v0.2.37
Elixir tests (mix credo + mix test)	mix compile (dev env, so test subprocesses never pay the first compile)	2026-09-24T02:05:49.5538579Z   Downloaded thiserror v2.0.20
Elixir tests (mix credo + mix test)	mix compile (dev env, so test subprocesses never pay the first compile)	2026-09-24T02:05:49.5606886Z   Downloaded ppv-lite86 v0.2.21
Elixir tests (mix credo + mix test)	mix compile (dev env, so test subprocesses never pay the first compile)	2026-09-24T02:05:49.5621231Z   Downloaded shlex v1.3.0
Elixir tests (mix credo + mix test)	mix compile (dev env, so test subprocesses never pay the first compile)	2026-09-24T02:05:49.5634193Z   Downloaded windows-link v0.2.1
Elixir tests (mix credo + mix test)	mix compile (dev env, so test subprocesses never pay the first compile)	2026-09-24T02:05:49.5642706Z   Downloaded find-msvc-tools v0.1.11
Elixir tests (mix credo + mix test)	mix compile (dev env, so test subprocesses never pay the first compile)	2026-09-24T02:05:49.5659128Z   Downloaded r-efi v6.0.0
Elixir tests (mix credo + mix test)	mix compile (dev env, so test subprocesses never pay the first compile)	2026-09-24T02:05:49.5710827Z   Downloaded proc-macro2 v1.0.107
Elixir tests (mix credo + mix test)	mix compile (dev env, so test subprocesses never pay the first compile)	2026-09-24T02:05:49.5741277Z   Downloaded siphasher v1.0.3
Elixir tests (mix credo + mix test)	mix compile (dev env, so test subprocesses never pay the first compile)	2026-09-24T02:05:49.5755501Z   Downloaded version_check v0.9.5
Elixir tests (mix credo + mix test)	mix compile (dev env, so test subprocesses never pay the first compile)	2026-09-24T02:05:49.5768492Z   Downloaded ryu-js v1.0.3
Elixir tests (mix credo + mix test)	mix compile (dev env, so test subprocesses never pay the first compile)	2026-09-24T02:05:49.5814080Z   Downloaded generic-array v0.14.7
Elixir tests (mix credo + mix test)	mix compile (dev env, so test subprocesses never pay the first compile)	2026-09-24T02:05:49.5828938Z   Downloaded either v1.18.0
Elixir tests (mix credo + mix test)	mix compile (dev env, so test subprocesses never pay the first compile)	2026-09-24T02:05:49.5844388Z   Downloaded peg-runtime v0.8.6
Elixir tests (mix credo + mix test)	mix compile (dev env, so test subprocesses never pay the first compile)	2026-09-24T02:05:49.5853031Z   Downloaded json-event-parser v0.2.3
Elixir tests (mix credo + mix test)	mix compile (dev env, so test subprocesses never pay the first compile)	2026-09-24T02:05:49.5874574Z   Downloaded lock_api v0.4.14
Elixir tests (mix credo + mix test)	mix compile (dev env, so test subprocesses never pay the first compile)	2026-09-24T02:05:49.5888326Z   Downloaded r-efi v5.3.0
Elixir tests (mix credo + mix test)	mix compile (dev env, so test subprocesses never pay the first compile)	2026-09-24T02:05:49.5940787Z   Downloaded scopeguard v1.2.0
Elixir tests (mix credo + mix test)	mix compile (dev env, so test subprocesses never pay the first compile)	2026-09-24T02:05:49.5953268Z   Downloaded oxiri v0.2.11
Elixir tests (mix credo + mix test)	mix compile (dev env, so test subprocesses never pay the first compile)	2026-09-24T02:05:49.5970581Z   Downloaded rand_chacha v0.9.0
Elixir tests (mix credo + mix test)	mix compile (dev env, so test subprocesses never pay the first compile)	2026-09-24T02:05:49.5983246Z   Downloaded rustler_codegen v0.36.2
Elixir tests (mix credo + mix test)	mix compile (dev env, so test subprocesses never pay the first compile)	2026-09-24T02:05:49.6002757Z   Downloaded dashmap v6.2.1
Elixir tests (mix credo + mix test)	mix compile (dev env, so test subprocesses never pay the first compile)	2026-09-24T02:05:49.6029066Z   Downloaded sparopt v0.3.6
Elixir tests (mix credo + mix test)	mix compile (dev env, so test subprocesses never pay the first compile)	2026-09-24T02:05:49.6043735Z   Downloaded oxsdatatypes v0.2.2
Elixir tests (mix credo + mix test)	mix compile (dev env, so test subprocesses never pay the first compile)	2026-09-24T02:05:49.6061937Z   Downloaded serde_core v1.0.229
Elixir tests (mix credo + mix test)	mix compile (dev env, so test subprocesses never pay the first compile)	2026-09-24T02:05:49.6090548Z   Downloaded spargebra v0.4.6
Elixir tests (mix credo + mix test)	mix compile (dev env, so test subprocesses never pay the first compile)	2026-09-24T02:05:49.6108475Z   Downloaded unicode-ident v1.0.24
Elixir tests (mix credo + mix test)	mix compile (dev env, so test subprocesses never pay the first compile)	2026-09-24T02:05:49.6137459Z   Downloaded crossbeam-utils v0.8.22
Elixir tests (mix credo + mix test)	mix compile (dev env, so test subprocesses never pay the first compile)	2026-09-24T02:05:49.6165979Z   Downloaded glob v0.3.4
Elixir tests (mix credo + mix test)	mix compile (dev env, so test subprocesses never pay the first compile)	2026-09-24T02:05:49.6181788Z   Downloaded log v0.4.34
Elixir tests (mix credo + mix test)	mix compile (dev env, so test subprocesses never pay the first compile)	2026-09-24T02:05:49.6207689Z   Downloaded once_cell v1.21.4
Elixir tests (mix credo + mix test)	mix compile (dev env, so test subprocesses never pay the first compile)	2026-09-24T02:05:49.6234271Z   Downloaded oxrdfio v0.2.5
Elixir tests (mix credo + mix test)	mix compile (dev env, so test subprocesses never pay the first compile)	2026-09-24T02:05:49.6250394Z   Downloaded oxrdfxml v0.2.3
Elixir tests (mix credo + mix test)	mix compile (dev env, so test subprocesses never pay the first compile)	2026-09-24T02:05:49.6265656Z   Downloaded parking_lot_core v0.9.12
Elixir tests (mix credo + mix test)	mix compile (dev env, so test subprocesses never pay the first compile)	2026-09-24T02:05:49.6287776Z   Downloaded regex-lite v0.1.9
Elixir tests (mix credo + mix test)	mix compile (dev env, so test subprocesses never pay the first compile)	2026-09-24T02:05:49.6313902Z   Downloaded thiserror-impl v2.0.20
Elixir tests (mix credo + mix test)	mix compile (dev env, so test subprocesses never pay the first compile)	2026-09-24T02:05:49.6329441Z   Downloaded oxilangtag v0.1.6
Elixir tests (mix credo + mix test)	mix compile (dev env, so test subprocesses never pay the first compile)	2026-09-24T02:05:49.6345637Z   Downloaded oxjsonld v0.2.5
Elixir tests (mix credo + mix test)	mix compile (dev env, so test subprocesses never pay the first compile)	2026-09-24T02:05:49.6365124Z   Downloaded peg-macros v0.8.6
Elixir tests (mix credo + mix test)	mix compile (dev env, so test subprocesses never pay the first compile)	2026-09-24T02:05:49.6381913Z   Downloaded smallvec v1.15.2
Elixir tests (mix credo + mix test)	mix compile (dev env, so test subprocesses never pay the first compile)	2026-09-24T02:05:49.6396807Z   Downloaded spareval v0.2.6
Elixir tests (mix credo + mix test)	mix compile (dev env, so test subprocesses never pay the first compile)	2026-09-24T02:05:49.6418727Z   Downloaded wit-bindgen v0.57.1
Elixir tests (mix credo + mix test)	mix compile (dev env, so test subprocesses never pay the first compile)	2026-09-24T02:05:49.6456700Z   Downloaded minimal-lexical v0.2.1
Elixir tests (mix credo + mix test)	mix compile (dev env, so test subprocesses never pay the first compile)	2026-09-24T02:05:49.6503433Z   Downloaded zerocopy-derive v0.8.56
Elixir tests (mix credo + mix test)	mix compile (dev env, so test subprocesses never pay the first compile)	2026-09-24T02:05:49.6612081Z   Downloaded memchr v2.8.3
Elixir tests (mix credo + mix test)	mix compile (dev env, so test subprocesses never pay the first compile)	2026-09-24T02:05:49.6671068Z   Downloaded cpufeatures v0.2.17
Elixir tests (mix credo + mix test)	mix compile (dev env, so test subprocesses never pay the first compile)	2026-09-24T02:05:49.6685869Z   Downloaded oxigraph v0.5.9
Elixir tests (mix credo + mix test)	mix compile (dev env, so test subprocesses never pay the first compile)	2026-09-24T02:05:49.6738472Z   Downloaded rand_core v0.9.5
Elixir tests (mix credo + mix test)	mix compile (dev env, so test subprocesses never pay the first compile)	2026-09-24T02:05:49.6752116Z   Downloaded shlex v2.0.1
Elixir tests (mix credo + mix test)	mix compile (dev env, so test subprocesses never pay the first compile)	2026-09-24T02:05:49.6765413Z   Downloaded wasip2 v1.0.4+wasi-0.2.12
Elixir tests (mix credo + mix test)	mix compile (dev env, so test subprocesses never pay the first compile)	2026-09-24T02:05:49.6806333Z   Downloaded regex v1.13.1
Elixir tests (mix credo + mix test)	mix compile (dev env, so test subprocesses never pay the first compile)	2026-09-24T02:05:49.6861609Z   Downloaded rustler v0.36.2
Elixir tests (mix credo + mix test)	mix compile (dev env, so test subprocesses never pay the first compile)	2026-09-24T02:05:49.6909566Z   Downloaded quick-xml v0.37.5
Elixir tests (mix credo + mix test)	mix compile (dev env, so test subprocesses never pay the first compile)	2026-09-24T02:05:49.6963952Z   Downloaded zerocopy v0.8.56
Elixir tests (mix credo + mix test)	mix compile (dev env, so test subprocesses never pay the first compile)	2026-09-24T02:05:49.7188797Z   Downloaded syn v2.0.119
Elixir tests (mix credo + mix test)	mix compile (dev env, so test subprocesses never pay the first compile)	2026-09-24T02:05:49.7298677Z   Downloaded regex-syntax v0.8.11
Elixir tests (mix credo + mix test)	mix compile (dev env, so test subprocesses never pay the first compile)	2026-09-24T02:05:49.7367122Z   Downloaded syn v3.0.4
Elixir tests (mix credo + mix test)	mix compile (dev env, so test subprocesses never pay the first compile)	2026-09-24T02:05:49.7481791Z   Downloaded regex-automata v0.4.18
Elixir tests (mix credo + mix test)	mix compile (dev env, so test subprocesses never pay the first compile)	2026-09-24T02:05:49.7628172Z   Downloaded libc v0.2.189
Elixir tests (mix credo + mix test)	mix compile (dev env, so test subprocesses never pay the first compile)	2026-09-24T02:05:49.8081353Z   Downloaded oxrocksdb-sys v0.5.9
Elixir tests (mix credo + mix test)	mix compile (dev env, so test subprocesses never pay the first compile)	2026-09-24T02:05:50.0077850Z Compiling crate ggen_graph_nif in release mode (native/ggen_graph_nif)
Elixir tests (mix credo + mix test)	mix compile (dev env, so test subprocesses never pay the first compile)	2026-09-24T02:06:05.9326272Z Compiling lib/ggen_igniter/native/graph_nif.ex (it's taking more than 10s)
Elixir tests (mix credo + mix test)	mix compile (dev env, so test subprocesses never pay the first compile)	2026-09-24T02:14:36.7873638Z Copying /home/runner/work/ggen_igniter/ggen_igniter/native/ggen_graph_nif/target/release/libggen_graph_nif.so to priv/native/ggen_graph_nif.so
Elixir tests (mix credo + mix test)	mix compile (dev env, so test subprocesses never pay the first compile)	2026-09-24T02:14:38.4340230Z Generated ggen_igniter app
Elixir tests (mix credo + mix test)	mix ggen_igniter.verify (fail-CLOSED pack check)	﻿2026-09-24T02:14:40.2418848Z ##[group]Run mix ggen_igniter.verify --pack test/fixtures/ash_manufacture_pack --json
Elixir tests (mix credo + mix test)	mix ggen_igniter.verify (fail-CLOSED pack check)	2026-09-24T02:14:40.2419487Z ^[[36;1mmix ggen_igniter.verify --pack test/fixtures/ash_manufacture_pack --json^[[0m
Elixir tests (mix credo + mix test)	mix ggen_igniter.verify (fail-CLOSED pack check)	2026-09-24T02:14:40.2458480Z shell: /usr/bin/bash --noprofile --norc -e -o pipefail {0}
Elixir tests (mix credo + mix test)	mix ggen_igniter.verify (fail-CLOSED pack check)	2026-09-24T02:14:40.2458823Z env:
Elixir tests (mix credo + mix test)	mix ggen_igniter.verify (fail-CLOSED pack check)	2026-09-24T02:14:40.2459090Z   INSTALL_DIR_FOR_OTP: /home/runner/work/_temp/.setup-beam/otp
Elixir tests (mix credo + mix test)	mix ggen_igniter.verify (fail-CLOSED pack check)	2026-09-24T02:14:40.2459535Z   INSTALL_DIR_FOR_ELIXIR: /home/runner/work/_temp/.setup-beam/elixir
Elixir tests (mix credo + mix test)	mix ggen_igniter.verify (fail-CLOSED pack check)	2026-09-24T02:14:40.2459982Z   INSTALL_DIR_FOR_REBAR3: /home/runner/work/_temp/.setup-beam/rebar3
Elixir tests (mix credo + mix test)	mix ggen_igniter.verify (fail-CLOSED pack check)	2026-09-24T02:14:40.2460323Z ##[endgroup]
Elixir tests (mix credo + mix test)	mix ggen_igniter.verify (fail-CLOSED pack check)	2026-09-24T02:14:41.1503730Z {
Elixir tests (mix credo + mix test)	mix ggen_igniter.verify (fail-CLOSED pack check)	2026-09-24T02:14:41.1504808Z   "cardinality": {
Elixir tests (mix credo + mix test)	mix ggen_igniter.verify (fail-CLOSED pack check)	2026-09-24T02:14:41.1505478Z     "gates_under_contract": [
Elixir tests (mix credo + mix test)	mix ggen_igniter.verify (fail-CLOSED pack check)	2026-09-24T02:14:41.1505955Z       "attributes",
Elixir tests (mix credo + mix test)	mix ggen_igniter.verify (fail-CLOSED pack check)	2026-09-24T02:14:41.1506391Z       "capabilities",
Elixir tests (mix credo + mix test)	mix ggen_igniter.verify (fail-CLOSED pack check)	2026-09-24T02:14:41.1506872Z       "default_actions",
Elixir tests (mix credo + mix test)	mix ggen_igniter.verify (fail-CLOSED pack check)	2026-09-24T02:14:41.1507773Z       "domains",
Elixir tests (mix credo + mix test)	mix ggen_igniter.verify (fail-CLOSED pack check)	2026-09-24T02:14:41.1508423Z       "enum_values",
Elixir tests (mix credo + mix test)	mix ggen_igniter.verify (fail-CLOSED pack check)	2026-09-24T02:14:41.1509188Z       "extensions",
Elixir tests (mix credo + mix test)	mix ggen_igniter.verify (fail-CLOSED pack check)	2026-09-24T02:14:41.1509946Z       "project",
Elixir tests (mix credo + mix test)	mix ggen_igniter.verify (fail-CLOSED pack check)	2026-09-24T02:14:41.1511134Z       "refusals",
Elixir tests (mix credo + mix test)	mix ggen_igniter.verify (fail-CLOSED pack check)	2026-09-24T02:14:41.1511786Z       "relationships",
Elixir tests (mix credo + mix test)	mix ggen_igniter.verify (fail-CLOSED pack check)	2026-09-24T02:14:41.1512402Z       "resources",
Elixir tests (mix credo + mix test)	mix ggen_igniter.verify (fail-CLOSED pack check)	2026-09-24T02:14:41.1513026Z       "support_modules"
Elixir tests (mix credo + mix test)	mix ggen_igniter.verify (fail-CLOSED pack check)	2026-09-24T02:14:41.1513650Z     ],
Elixir tests (mix credo + mix test)	mix ggen_igniter.verify (fail-CLOSED pack check)	2026-09-24T02:14:41.1514822Z     "note": "loaded 11 gate contract(s) from test/fixtures/ash_manufacture_pack/verify/cardinality.json"
Elixir tests (mix credo + mix test)	mix ggen_igniter.verify (fail-CLOSED pack check)	2026-09-24T02:14:41.1517060Z   },
Elixir tests (mix credo + mix test)	mix ggen_igniter.verify (fail-CLOSED pack check)	2026-09-24T02:14:41.1517417Z   "gates": {
Elixir tests (mix credo + mix test)	mix ggen_igniter.verify (fail-CLOSED pack check)	2026-09-24T02:14:41.1517758Z     "passed": [
Elixir tests (mix credo + mix test)	mix ggen_igniter.verify (fail-CLOSED pack check)	2026-09-24T02:14:41.1518101Z       "project",
Elixir tests (mix credo + mix test)	mix ggen_igniter.verify (fail-CLOSED pack check)	2026-09-24T02:14:41.1518430Z       "domains",
Elixir tests (mix credo + mix test)	mix ggen_igniter.verify (fail-CLOSED pack check)	2026-09-24T02:14:41.1518757Z       "resources",
Elixir tests (mix credo + mix test)	mix ggen_igniter.verify (fail-CLOSED pack check)	2026-09-24T02:14:41.1519100Z       "default_actions",
Elixir tests (mix credo + mix test)	mix ggen_igniter.verify (fail-CLOSED pack check)	2026-09-24T02:14:41.1519458Z       "attributes",
Elixir tests (mix credo + mix test)	mix ggen_igniter.verify (fail-CLOSED pack check)	2026-09-24T02:14:41.1519800Z       "relationships",
Elixir tests (mix credo + mix test)	mix ggen_igniter.verify (fail-CLOSED pack check)	2026-09-24T02:14:41.1520149Z       "extensions",
Elixir tests (mix credo + mix test)	mix ggen_igniter.verify (fail-CLOSED pack check)	2026-09-24T02:14:41.1520493Z       "support_modules",
Elixir tests (mix credo + mix test)	mix ggen_igniter.verify (fail-CLOSED pack check)	2026-09-24T02:14:41.1520859Z       "enum_values",
Elixir tests (mix credo + mix test)	mix ggen_igniter.verify (fail-CLOSED pack check)	2026-09-24T02:14:41.1521210Z       "capabilities",
Elixir tests (mix credo + mix test)	mix ggen_igniter.verify (fail-CLOSED pack check)	2026-09-24T02:14:41.1521555Z       "refusals",
Elixir tests (mix credo + mix test)	mix ggen_igniter.verify (fail-CLOSED pack check)	2026-09-24T02:14:41.1521893Z       "citations",
Elixir tests (mix credo + mix test)	mix ggen_igniter.verify (fail-CLOSED pack check)	2026-09-24T02:14:41.1522239Z       "dependency_pins"
Elixir tests (mix credo + mix test)	mix ggen_igniter.verify (fail-CLOSED pack check)	2026-09-24T02:14:41.1522589Z     ],
Elixir tests (mix credo + mix test)	mix ggen_igniter.verify (fail-CLOSED pack check)	2026-09-24T02:14:41.1522913Z     "status": "pass"
Elixir tests (mix credo + mix test)	mix ggen_igniter.verify (fail-CLOSED pack check)	2026-09-24T02:14:41.1523247Z   },
Elixir tests (mix credo + mix test)	mix ggen_igniter.verify (fail-CLOSED pack check)	2026-09-24T02:14:41.1523569Z   "ok": true,
Elixir tests (mix credo + mix test)	mix ggen_igniter.verify (fail-CLOSED pack check)	2026-09-24T02:14:41.1523889Z   "verify": {
Elixir tests (mix credo + mix test)	mix ggen_igniter.verify (fail-CLOSED pack check)	2026-09-24T02:14:41.1524213Z     "findings": [],
Elixir tests (mix credo + mix test)	mix ggen_igniter.verify (fail-CLOSED pack check)	2026-09-24T02:14:41.1525022Z     "status": "pass"
Elixir tests (mix credo + mix test)	mix ggen_igniter.verify (fail-CLOSED pack check)	2026-09-24T02:14:41.1525367Z   }
Elixir tests (mix credo + mix test)	mix ggen_igniter.verify (fail-CLOSED pack check)	2026-09-24T02:14:41.1525655Z }
Elixir tests (mix credo + mix test)	mix test	﻿2026-09-24T02:14:41.1651589Z ##[group]Run # Cache-restore hardening (2026-09-15): a restored _build/test can
Elixir tests (mix credo + mix test)	mix test	2026-09-24T02:14:41.1652629Z ^[[36;1m# Cache-restore hardening (2026-09-15): a restored _build/test can^[[0m
Elixir tests (mix credo + mix test)	mix test	2026-09-24T02:14:41.1653543Z ^[[36;1m# carry current beams WITHOUT the rustler ggen_graph_nif.so (mix^[[0m
Elixir tests (mix credo + mix test)	mix test	2026-09-24T02:14:41.1654762Z ^[[36;1m# considers the app compiled and never rebuilds the artifact),^[[0m
Elixir tests (mix credo + mix test)	mix test	2026-09-24T02:14:41.1655654Z ^[[36;1m# which surfaces as NIF load_failed in every oxigraph/divergence^[[0m
Elixir tests (mix credo + mix test)	mix test	2026-09-24T02:14:41.1656557Z ^[[36;1m# test. Proven environmental, not diff-related: the base branch's^[[0m
Elixir tests (mix credo + mix test)	mix test	2026-09-24T02:14:41.1657457Z ^[[36;1m# own previously-green run (35004492197) fails identically on^[[0m
Elixir tests (mix credo + mix test)	mix test	2026-09-24T02:14:41.1658294Z ^[[36;1m# rerun after the exact-key mix.lock cache was evicted and the^[[0m
Elixir tests (mix credo + mix test)	mix test	2026-09-24T02:14:41.1659152Z ^[[36;1m# broad `restore-keys` prefix fallback restored a pre-NIF _build.^[[0m
Elixir tests (mix credo + mix test)	mix test	2026-09-24T02:14:41.1660010Z ^[[36;1m# Force a full test-env recompile only when the artifact is^[[0m
Elixir tests (mix credo + mix test)	mix test	2026-09-24T02:14:41.1660827Z ^[[36;1m# missing, so the NIF is always built before tests run.^[[0m
Elixir tests (mix credo + mix test)	mix test	2026-09-24T02:14:41.1661653Z ^[[36;1mif [ ! -f _build/test/lib/ggen_igniter/priv/native/ggen_graph_nif.so ]; then^[[0m
Elixir tests (mix credo + mix test)	mix test	2026-09-24T02:14:41.1662126Z ^[[36;1m  MIX_ENV=test mix compile --force^[[0m
Elixir tests (mix credo + mix test)	mix test	2026-09-24T02:14:41.1662419Z ^[[36;1mfi^[[0m
Elixir tests (mix credo + mix test)	mix test	2026-09-24T02:14:41.1662609Z ^[[36;1mmix test^[[0m
Elixir tests (mix credo + mix test)	mix test	2026-09-24T02:14:41.1700734Z shell: /usr/bin/bash --noprofile --norc -e -o pipefail {0}
Elixir tests (mix credo + mix test)	mix test	2026-09-24T02:14:41.1701345Z env:
Elixir tests (mix credo + mix test)	mix test	2026-09-24T02:14:41.1701827Z   INSTALL_DIR_FOR_OTP: /home/runner/work/_temp/.setup-beam/otp
Elixir tests (mix credo + mix test)	mix test	2026-09-24T02:14:41.1702899Z   INSTALL_DIR_FOR_ELIXIR: /home/runner/work/_temp/.setup-beam/elixir
Elixir tests (mix credo + mix test)	mix test	2026-09-24T02:14:41.1703729Z   INSTALL_DIR_FOR_REBAR3: /home/runner/work/_temp/.setup-beam/rebar3
Elixir tests (mix credo + mix test)	mix test	2026-09-24T02:14:41.1704645Z ##[endgroup]
Elixir tests (mix credo + mix test)	mix test	2026-09-24T02:14:41.8848690Z ==> sourceror
Elixir tests (mix credo + mix test)	mix test	2026-09-24T02:14:41.8849299Z Compiling 20 files (.ex)
Elixir tests (mix credo + mix test)	mix test	2026-09-24T02:14:42.8498364Z Generated sourceror app
Elixir tests (mix credo + mix test)	mix test	2026-09-24T02:14:42.9164234Z ==> text_diff
Elixir tests (mix credo + mix test)	mix test	2026-09-24T02:14:42.9165103Z Compiling 1 file (.ex)
Elixir tests (mix credo + mix test)	mix test	2026-09-24T02:14:43.0017308Z Generated text_diff app
Elixir tests (mix credo + mix test)	mix test	2026-09-24T02:14:43.0353187Z ==> file_system
Elixir tests (mix credo + mix test)	mix test	2026-09-24T02:14:43.0353707Z Compiling 7 files (.ex)
Elixir tests (mix credo + mix test)	mix test	2026-09-24T02:14:43.1741966Z Generated file_system app
Elixir tests (mix credo + mix test)	mix test	2026-09-24T02:14:43.2319568Z ==> stream_data
Elixir tests (mix credo + mix test)	mix test	2026-09-24T02:14:43.2320949Z Compiling 3 files (.ex)
Elixir tests (mix credo + mix test)	mix test	2026-09-24T02:14:43.8244899Z Generated stream_data app
Elixir tests (mix credo + mix test)	mix test	2026-09-24T02:14:43.8443789Z ==> decimal
Elixir tests (mix credo + mix test)	mix test	2026-09-24T02:14:43.8444729Z Compiling 4 files (.ex)
Elixir tests (mix credo + mix test)	mix test	2026-09-24T02:14:44.5032322Z Generated decimal app
Elixir tests (mix credo + mix test)	mix test	2026-09-24T02:14:44.5339788Z ==> spitfire
Elixir tests (mix credo + mix test)	mix test	2026-09-24T02:14:44.5340637Z Compiling 2 files (.erl)
Elixir tests (mix credo + mix test)	mix test	2026-09-24T02:14:45.2413609Z Compiling 5 files (.ex)
Elixir tests (mix credo + mix test)	mix test	2026-09-24T02:14:46.4409951Z Generated spitfire app
Elixir tests (mix credo + mix test)	mix test	2026-09-24T02:14:46.4736353Z ==> ymlr
Elixir tests (mix credo + mix test)	mix test	2026-09-24T02:14:46.4738593Z Compiling 3 files (.ex)
Elixir tests (mix credo + mix test)	mix test	2026-09-24T02:14:46.7430661Z Generated ymlr app
Elixir tests (mix credo + mix test)	mix test	2026-09-24T02:14:46.7916595Z ==> mime
Elixir tests (mix credo + mix test)	mix test	2026-09-24T02:14:46.7917259Z Compiling 1 file (.ex)
Elixir tests (mix credo + mix test)	mix test	2026-09-24T02:14:46.8893591Z Generated mime app
Elixir tests (mix credo + mix test)	mix test	2026-09-24T02:14:46.9240164Z ==> toml
Elixir tests (mix credo + mix test)	mix test	2026-09-24T02:14:46.9240809Z Compiling 10 files (.ex)
Elixir tests (mix credo + mix test)	mix test	2026-09-24T02:14:46.9402604Z      warning: using single-quoted strings to represent charlists is deprecated.
Elixir tests (mix credo + mix test)	mix test	2026-09-24T02:14:46.9425763Z      Use ~c"" if you indeed want a charlist or use "" instead.
Elixir tests (mix credo + mix test)	mix test	2026-09-24T02:14:46.9426592Z      You may run "mix format --migrate" to change all single-quoted
Elixir tests (mix credo + mix test)	mix test	2026-09-24T02:14:46.9427288Z      strings to use the ~c sigil and fix this warning.
Elixir tests (mix credo + mix test)	mix test	2026-09-24T02:14:46.9427993Z      │
Elixir tests (mix credo + mix test)	mix test	2026-09-24T02:14:46.9428792Z  264 │   defp handle_token(lexer, original, doc, type, skip, _data, lines) when type in '-_' do
Elixir tests (mix credo + mix test)	mix test	2026-09-24T02:14:46.9429555Z      │                                                                                  ~
Elixir tests (mix credo + mix test)	mix test	2026-09-24T02:14:46.9429916Z      │
Elixir tests (mix credo + mix test)	mix test	2026-09-24T02:14:46.9430171Z      └─ lib/decoder.ex:264:82
Elixir tests (mix credo + mix test)	mix test	2026-09-24T02:14:46.9430337Z 
Elixir tests (mix credo + mix test)	mix test	2026-09-24T02:14:46.9453018Z      warning: using single-quoted strings to represent charlists is deprecated.
Elixir tests (mix credo + mix test)	mix test	2026-09-24T02:14:46.9453859Z      Use ~c"" if you indeed want a charlist or use "" instead.
Elixir tests (mix credo + mix test)	mix test	2026-09-24T02:14:46.9455526Z      You may run "mix format --migrate" to change all single-quoted
Elixir tests (mix credo + mix test)	mix test	2026-09-24T02:14:46.9456225Z      strings to use the ~c sigil and fix this warning.
Elixir tests (mix credo + mix test)	mix test	2026-09-24T02:14:46.9456892Z      │
Elixir tests (mix credo + mix test)	mix test	2026-09-24T02:14:46.9457480Z  371 │       {:ok, {type, _skip, _data, _lines}} when type in '-+' ->
Elixir tests (mix credo + mix test)	mix test	2026-09-24T02:14:46.9458230Z      │                                                        ~
Elixir tests (mix credo + mix test)	mix test	2026-09-24T02:14:46.9458736Z      │
Elixir tests (mix credo + mix test)	mix test	2026-09-24T02:14:46.9459139Z      └─ lib/decoder.ex:371:56
Elixir tests (mix credo + mix test)	mix test	2026-09-24T02:14:46.9459442Z 
Elixir tests (mix credo + mix test)	mix test	2026-09-24T02:14:46.9509657Z      warning: using single-quoted strings to represent charlists is deprecated.
Elixir tests (mix credo + mix test)	mix test	2026-09-24T02:14:46.9535585Z      Use ~c"" if you indeed want a charlist or use "" instead.
Elixir tests (mix credo + mix test)	mix test	2026-09-24T02:14:46.9536661Z      You may run "mix format --migrate" to change all single-quoted
Elixir tests (mix credo + mix test)	mix test	2026-09-24T02:14:46.9569809Z      strings to use the ~c sigil and fix this warning.
Elixir tests (mix credo + mix test)	mix test	2026-09-24T02:14:46.9585528Z      │
Elixir tests (mix credo + mix test)	mix test	2026-09-24T02:14:46.9586876Z  419 │           {:ok, {:alpha, _, <<c::utf8>>, _}} when c in 'eE' ->
Elixir tests (mix credo + mix test)	mix test	2026-09-24T02:14:46.9587924Z      │                                                        ~
Elixir tests (mix credo + mix test)	mix test	2026-09-24T02:14:46.9588719Z      │
Elixir tests (mix credo + mix test)	mix test	2026-09-24T02:14:46.9589398Z      └─ lib/decoder.ex:419:56
Elixir tests (mix credo + mix test)	mix test	2026-09-24T02:14:46.9590159Z 
Elixir tests (mix credo + mix test)	mix test	2026-09-24T02:14:46.9590908Z      warning: using single-quoted strings to represent charlists is deprecated.
Elixir tests (mix credo + mix test)	mix test	2026-09-24T02:14:46.9592236Z      Use ~c"" if you indeed want a charlist or use "" instead.
Elixir tests (mix credo + mix test)	mix test	2026-09-24T02:14:46.9593244Z      You may run "mix format --migrate" to change all single-quoted
Elixir tests (mix credo + mix test)	mix test	2026-09-24T02:14:46.9595201Z      strings to use the ~c sigil and fix this warning.
Elixir tests (mix credo + mix test)	mix test	2026-09-24T02:14:46.9596070Z      │
Elixir tests (mix credo + mix test)	mix test	2026-09-24T02:14:46.9596958Z  474 │       {:ok, {:alpha, _, <<c::utf8>>, _}} when c in 'eE' ->
Elixir tests (mix credo + mix test)	mix test	2026-09-24T02:14:46.9598431Z      │                                                    ~
Elixir tests (mix credo + mix test)	mix test	2026-09-24T02:14:46.9599607Z      │
Elixir tests (mix credo + mix test)	mix test	2026-09-24T02:14:46.9600441Z      └─ lib/decoder.ex:474:52
Elixir tests (mix credo + mix test)	mix test	2026-09-24T02:14:46.9601050Z 
Elixir tests (mix credo + mix test)	mix test	2026-09-24T02:14:46.9601749Z      warning: using single-quoted strings to represent charlists is deprecated.
Elixir tests (mix credo + mix test)	mix test	2026-09-24T02:14:46.9602904Z      Use ~c"" if you indeed want a charlist or use "" instead.
Elixir tests (mix credo + mix test)	mix test	2026-09-24T02:14:46.9603877Z      You may run "mix format --migrate" to change all single-quoted
Elixir tests (mix credo + mix test)	mix test	2026-09-24T02:14:46.9605163Z      strings to use the ~c sigil and fix this warning.
Elixir tests (mix credo + mix test)	mix test	2026-09-24T02:14:46.9606142Z      │
Elixir tests (mix credo + mix test)	mix test	2026-09-24T02:14:46.9607018Z  514 │       {:ok, {sign, _, _, _}} when sign in '-+' and last == ?e ->
Elixir tests (mix credo + mix test)	mix test	2026-09-24T02:14:46.9608040Z      │                                           ~
Elixir tests (mix credo + mix test)	mix test	2026-09-24T02:14:46.9609257Z      │
Elixir tests (mix credo + mix test)	mix test	2026-09-24T02:14:46.9610147Z      └─ lib/decoder.ex:514:43
Elixir tests (mix credo + mix test)	mix test	2026-09-24T02:14:46.9610832Z 
Elixir tests (mix credo + mix test)	mix test	2026-09-24T02:14:46.9621655Z      warning: using single-quoted strings to represent charlists is deprecated.
Elixir tests (mix credo + mix test)	mix test	2026-09-24T02:14:46.9623441Z      Use ~c"" if you indeed want a charlist or use "" instead.
Elixir tests (mix credo + mix test)	mix test	2026-09-24T02:14:46.9625073Z      You may run "mix format --migrate" to change all single-quoted
Elixir tests (mix credo + mix test)	mix test	2026-09-24T02:14:46.9626096Z      strings to use the ~c sigil and fix this warning.
Elixir tests (mix credo + mix test)	mix test	2026-09-24T02:14:46.9627076Z      │
Elixir tests (mix credo + mix test)	mix test	2026-09-24T02:14:46.9628093Z  518 │       {:ok, {:alpha, _, <<c::utf8>>, _}} when c in 'eE' and signal == ?. ->
Elixir tests (mix credo + mix test)	mix test	2026-09-24T02:14:46.9629324Z      │                                                    ~
Elixir tests (mix credo + mix test)	mix test	2026-09-24T02:14:46.9630170Z      │
Elixir tests (mix credo + mix test)	mix test	2026-09-24T02:14:46.9631030Z      └─ lib/decoder.ex:518:52
Elixir tests (mix credo + mix test)	mix test	2026-09-24T02:14:46.9631618Z 
Elixir tests (mix credo + mix test)	mix test	2026-09-24T02:14:46.9645931Z      warning: using single-quoted strings to represent charlists is deprecated.
Elixir tests (mix credo + mix test)	mix test	2026-09-24T02:14:46.9648011Z      Use ~c"" if you indeed want a charlist or use "" instead.
Elixir tests (mix credo + mix test)	mix test	2026-09-24T02:14:46.9649140Z      You may run "mix format --migrate" to change all single-quoted
Elixir tests (mix credo + mix test)	mix test	2026-09-24T02:14:46.9650107Z      strings to use the ~c sigil and fix this warning.
Elixir tests (mix credo + mix test)	mix test	2026-09-24T02:14:46.9651159Z      │
Elixir tests (mix credo + mix test)	mix test	2026-09-24T02:14:46.9652093Z  522 │       {:ok, {?_, skip, _, lines}} when last not in '_e.' ->
Elixir tests (mix credo + mix test)	mix test	2026-09-24T02:14:46.9653099Z      │                                                    ~
Elixir tests (mix credo + mix test)	mix test	2026-09-24T02:14:46.9654803Z      │
Elixir tests (mix credo + mix test)	mix test	2026-09-24T02:14:46.9655568Z      └─ lib/decoder.ex:522:52
Elixir tests (mix credo + mix test)	mix test	2026-09-24T02:14:46.9656157Z 
Elixir tests (mix credo + mix test)	mix test	2026-09-24T02:14:46.9675150Z      warning: using single-quoted strings to represent charlists is deprecated.
Elixir tests (mix credo + mix test)	mix test	2026-09-24T02:14:46.9676220Z      Use ~c"" if you indeed want a charlist or use "" instead.
Elixir tests (mix credo + mix test)	mix test	2026-09-24T02:14:46.9677427Z      You may run "mix format --migrate" to change all single-quoted
Elixir tests (mix credo + mix test)	mix test	2026-09-24T02:14:46.9678311Z      strings to use the ~c sigil and fix this warning.
Elixir tests (mix credo + mix test)	mix test	2026-09-24T02:14:46.9678941Z      │
Elixir tests (mix credo + mix test)	mix test	2026-09-24T02:14:46.9679497Z  538 │       {:ok, {type, skip, data, lines}} when last in 'e.' ->
Elixir tests (mix credo + mix test)	mix test	2026-09-24T02:14:46.9680212Z      │                                                     ~
Elixir tests (mix credo + mix test)	mix test	2026-09-24T02:14:46.9680710Z      │
Elixir tests (mix credo + mix test)	mix test	2026-09-24T02:14:46.9681117Z      └─ lib/decoder.ex:538:53
Elixir tests (mix credo + mix test)	mix test	2026-09-24T02:14:46.9681393Z 
Elixir tests (mix credo + mix test)	mix test	2026-09-24T02:14:46.9735989Z      warning: using single-quoted strings to represent charlists is deprecated.
Elixir tests (mix credo + mix test)	mix test	2026-09-24T02:14:46.9737177Z      Use ~c"" if you indeed want a charlist or use "" instead.
Elixir tests (mix credo + mix test)	mix test	2026-09-24T02:14:46.9738202Z      You may run "mix format --migrate" to change all single-quoted
Elixir tests (mix credo + mix test)	mix test	2026-09-24T02:14:46.9739264Z      strings to use the ~c sigil and fix this warning.
Elixir tests (mix credo + mix test)	mix test	2026-09-24T02:14:46.9740150Z      │
Elixir tests (mix credo + mix test)	mix test	2026-09-24T02:14:46.9741017Z  542 │       {:ok, {_type, skip, _data, lines} = token} when last not in '_e.' ->
Elixir tests (mix credo + mix test)	mix test	2026-09-24T02:14:46.9742077Z      │                                                                   ~
Elixir tests (mix credo + mix test)	mix test	2026-09-24T02:14:46.9742865Z      │
Elixir tests (mix credo + mix test)	mix test	2026-09-24T02:14:46.9743688Z      └─ lib/decoder.ex:542:67
Elixir tests (mix credo + mix test)	mix test	2026-09-24T02:14:46.9745015Z 
Elixir tests (mix credo + mix test)	mix test	2026-09-24T02:14:46.9751141Z      warning: using single-quoted strings to represent charlists is deprecated.
Elixir tests (mix credo + mix test)	mix test	2026-09-24T02:14:46.9752062Z      Use ~c"" if you indeed want a charlist or use "" instead.
Elixir tests (mix credo + mix test)	mix test	2026-09-24T02:14:46.9775648Z      You may run "mix format --migrate" to change all single-quoted
Elixir tests (mix credo + mix test)	mix test	2026-09-24T02:14:46.9796885Z      strings to use the ~c sigil and fix this warning.
Elixir tests (mix credo + mix test)	mix test	2026-09-24T02:14:46.9797905Z      │
Elixir tests (mix credo + mix test)	mix test	2026-09-24T02:14:46.9798889Z  682 │         {:ok, {sign, _, _, _}} when sign in '-+' ->
Elixir tests (mix credo + mix test)	mix test	2026-09-24T02:14:46.9799892Z      │                                             ~
Elixir tests (mix credo + mix test)	mix test	2026-09-24T02:14:46.9800654Z      │
Elixir tests (mix credo + mix test)	mix test	2026-09-24T02:14:46.9801469Z      └─ lib/decoder.ex:682:45
Elixir tests (mix credo + mix test)	mix test	2026-09-24T02:14:46.9802018Z 
Elixir tests (mix credo + mix test)	mix test	2026-09-24T02:14:46.9802729Z      warning: using single-quoted strings to represent charlists is deprecated.
Elixir tests (mix credo + mix test)	mix test	2026-09-24T02:14:46.9803883Z      Use ~c"" if you indeed want a charlist or use "" instead.
Elixir tests (mix credo + mix test)	mix test	2026-09-24T02:14:46.9805278Z      You may run "mix format --migrate" to change all single-quoted
Elixir tests (mix credo + mix test)	mix test	2026-09-24T02:14:46.9806303Z      strings to use the ~c sigil and fix this warning.
Elixir tests (mix credo + mix test)	mix test	2026-09-24T02:14:46.9807143Z      │
Elixir tests (mix credo + mix test)	mix test	2026-09-24T02:14:46.9808092Z  796 │       {:ok, {sign, _, _, _}} when sign in '-+' ->
Elixir tests (mix credo + mix test)	mix test	2026-09-24T02:14:46.9809021Z      │                                           ~
Elixir tests (mix credo + mix test)	mix test	2026-09-24T02:14:46.9809867Z      │
Elixir tests (mix credo + mix test)	mix test	2026-09-24T02:14:46.9810547Z      └─ lib/decoder.ex:796:43
Elixir tests (mix credo + mix test)	mix test	2026-09-24T02:14:46.9811194Z 
Elixir tests (mix credo + mix test)	mix test	2026-09-24T02:14:46.9833637Z      warning: using single-quoted strings to represent charlists is deprecated.
Elixir tests (mix credo + mix test)	mix test	2026-09-24T02:14:46.9834766Z      Use ~c"" if you indeed want a charlist or use "" instead.
Elixir tests (mix credo + mix test)	mix test	2026-09-24T02:14:46.9835528Z      You may run "mix format --migrate" to change all single-quoted
Elixir tests (mix credo + mix test)	mix test	2026-09-24T02:14:46.9836256Z      strings to use the ~c sigil and fix this warning.
Elixir tests (mix credo + mix test)	mix test	2026-09-24T02:14:46.9837031Z      │
Elixir tests (mix credo + mix test)	mix test	2026-09-24T02:14:46.9837649Z  916 │         {:ok, {type, skip, _, lines}} when type in '-_' ->
Elixir tests (mix credo + mix test)	mix test	2026-09-24T02:14:46.9838391Z      │                                                    ~
Elixir tests (mix credo + mix test)	mix test	2026-09-24T02:14:46.9838949Z      │
Elixir tests (mix credo + mix test)	mix test	2026-09-24T02:14:46.9839381Z      └─ lib/decoder.ex:916:52
Elixir tests (mix credo + mix test)	mix test	2026-09-24T02:14:46.9839677Z 
Elixir tests (mix credo + mix test)	mix test	2026-09-24T02:14:46.9880431Z      warning: using single-quoted strings to represent charlists is deprecated.
Elixir tests (mix credo + mix test)	mix test	2026-09-24T02:14:46.9881369Z      Use ~c"" if you indeed want a charlist or use "" instead.
Elixir tests (mix credo + mix test)	mix test	2026-09-24T02:14:46.9882114Z      You may run "mix format --migrate" to change all single-quoted
Elixir tests (mix credo + mix test)	mix test	2026-09-24T02:14:46.9883266Z      strings to use the ~c sigil and fix this warning.
Elixir tests (mix credo + mix test)	mix test	2026-09-24T02:14:46.9883892Z      │
Elixir tests (mix credo + mix test)	mix test	2026-09-24T02:14:46.9884839Z  954 │               {:ok, {type, _, _, _}} when type in '-_' ->
Elixir tests (mix credo + mix test)	mix test	2026-09-24T02:14:46.9885633Z      │                                                   ~
Elixir tests (mix credo + mix test)	mix test	2026-09-24T02:14:46.9886179Z      │
Elixir tests (mix credo + mix test)	mix test	2026-09-24T02:14:46.9886613Z      └─ lib/decoder.ex:954:51
Elixir tests (mix credo + mix test)	mix test	2026-09-24T02:14:46.9886917Z 
Elixir tests (mix credo + mix test)	mix test	2026-09-24T02:14:46.9926965Z      warning: using single-quoted strings to represent charlists is deprecated.
Elixir tests (mix credo + mix test)	mix test	2026-09-24T02:14:46.9937925Z      Use ~c"" if you indeed want a charlist or use "" instead.
Elixir tests (mix credo + mix test)	mix test	2026-09-24T02:14:46.9938906Z      You may run "mix format --migrate" to change all single-quoted
Elixir tests (mix credo + mix test)	mix test	2026-09-24T02:14:46.9939918Z      strings to use the ~c sigil and fix this warning.
Elixir tests (mix credo + mix test)	mix test	2026-09-24T02:14:46.9940793Z      │
Elixir tests (mix credo + mix test)	mix test	2026-09-24T02:14:46.9941495Z  969 │       {:ok, {type, _, _, _}} when type in '-_' ->
Elixir tests (mix credo + mix test)	mix test	2026-09-24T02:14:46.9942318Z      │                                           ~
Elixir tests (mix credo + mix test)	mix test	2026-09-24T02:14:46.9942859Z      │
Elixir tests (mix credo + mix test)	mix test	2026-09-24T02:14:46.9943302Z      └─ lib/decoder.ex:969:43
Elixir tests (mix credo + mix test)	mix test	2026-09-24T02:14:46.9943721Z 
Elixir tests (mix credo + mix test)	mix test	2026-09-24T02:14:46.9970426Z      warning: using single-quoted strings to represent charlists is deprecated.
Elixir tests (mix credo + mix test)	mix test	2026-09-24T02:14:46.9971282Z      Use ~c"" if you indeed want a charlist or use "" instead.
Elixir tests (mix credo + mix test)	mix test	2026-09-24T02:14:46.9971974Z      You may run "mix format --migrate" to change all single-quoted
Elixir tests (mix credo + mix test)	mix test	2026-09-24T02:14:46.9972651Z      strings to use the ~c sigil and fix this warning.
Elixir tests (mix credo + mix test)	mix test	2026-09-24T02:14:46.9973225Z      │
Elixir tests (mix credo + mix test)	mix test	2026-09-24T02:14:46.9973738Z  983 │           {:ok, {type, _, _, _}} when type in '-_' ->
Elixir tests (mix credo + mix test)	mix test	2026-09-24T02:14:46.9975126Z      │                                               ~
Elixir tests (mix credo + mix test)	mix test	2026-09-24T02:14:46.9975642Z      │
Elixir tests (mix credo + mix test)	mix test	2026-09-24T02:14:46.9976057Z      └─ lib/decoder.ex:983:47
Elixir tests (mix credo + mix test)	mix test	2026-09-24T02:14:46.9976353Z 
Elixir tests (mix credo + mix test)	mix test	2026-09-24T02:14:47.4845172Z Generated toml app
Elixir tests (mix credo + mix test)	mix test	2026-09-24T02:14:47.8323404Z ==> ggen_igniter
Elixir tests (mix credo + mix test)	mix test	2026-09-24T02:14:47.8324662Z ===> Analyzing applications...
Elixir tests (mix credo + mix test)	mix test	2026-09-24T02:14:47.8574395Z ===> Compiling idna
Elixir tests (mix credo + mix test)	mix test	2026-09-24T02:14:53.4816486Z ==> nimble_options
Elixir tests (mix credo + mix test)	mix test	2026-09-24T02:14:53.4817590Z Compiling 3 files (.ex)
Elixir tests (mix credo + mix test)	mix test	2026-09-24T02:14:53.7857078Z Generated nimble_options app
Elixir tests (mix credo + mix test)	mix test	2026-09-24T02:14:53.8108994Z ==> nimble_parsec
Elixir tests (mix credo + mix test)	mix test	2026-09-24T02:14:53.8110013Z Compiling 4 files (.ex)
Elixir tests (mix credo + mix test)	mix test	2026-09-24T02:14:54.1644826Z Generated nimble_parsec app
Elixir tests (mix credo + mix test)	mix test	2026-09-24T02:14:54.1865416Z ==> bunt
Elixir tests (mix credo + mix test)	mix test	2026-09-24T02:14:54.1865971Z Compiling 2 files (.ex)
Elixir tests (mix credo + mix test)	mix test	2026-09-24T02:14:54.5557279Z Generated bunt app
Elixir tests (mix credo + mix test)	mix test	2026-09-24T02:14:54.5835064Z ==> phoenix_template
Elixir tests (mix credo + mix test)	mix test	2026-09-24T02:14:54.5836000Z Compiling 4 files (.ex)
Elixir tests (mix credo + mix test)	mix test	2026-09-24T02:14:54.6870306Z Generated phoenix_template app
Elixir tests (mix credo + mix test)	mix test	2026-09-24T02:14:54.7117707Z ==> multigraph
Elixir tests (mix credo + mix test)	mix test	2026-09-24T02:14:54.7118424Z Compiling 16 files (.ex)
Elixir tests (mix credo + mix test)	mix test	2026-09-24T02:14:55.2818263Z Generated multigraph app
Elixir tests (mix credo + mix test)	mix test	2026-09-24T02:14:55.6322988Z ==> ggen_igniter
Elixir tests (mix credo + mix test)	mix test	2026-09-24T02:14:55.6323522Z ===> Analyzing applications...
Elixir tests (mix credo + mix test)	mix test	2026-09-24T02:14:55.6683003Z ===> Compiling telemetry
Elixir tests (mix credo + mix test)	mix test	2026-09-24T02:14:55.9505584Z ==> thousand_island
Elixir tests (mix credo + mix test)	mix test	2026-09-24T02:14:55.9506159Z Compiling 18 files (.ex)
Elixir tests (mix credo + mix test)	mix test	2026-09-24T02:14:56.2440010Z Generated thousand_island app
Elixir tests (mix credo + mix test)	mix test	2026-09-24T02:14:56.2970389Z ==> zoi
Elixir tests (mix credo + mix test)	mix test	2026-09-24T02:14:56.2971191Z Compiling 85 files (.ex)
Elixir tests (mix credo + mix test)	mix test	2026-09-24T02:14:58.8219006Z Generated zoi app
Elixir tests (mix credo + mix test)	mix test	2026-09-24T02:14:58.9566208Z ==> jason
Elixir tests (mix credo + mix test)	mix test	2026-09-24T02:14:58.9566878Z Compiling 10 files (.ex)
Elixir tests (mix credo + mix test)	mix test	2026-09-24T02:15:02.1844881Z Generated jason app
Elixir tests (mix credo + mix test)	mix test	2026-09-24T02:15:02.2989510Z ==> excoveralls
Elixir tests (mix credo + mix test)	mix test	2026-09-24T02:15:02.2990656Z Compiling 29 files (.ex)
Elixir tests (mix credo + mix test)	mix test	2026-09-24T02:15:02.8156488Z      warning: CAStore.file_path/0 is undefined (module CAStore is not available or is yet to be defined). Make sure the module name is correct and has been specified in full (or that an alias has been defined)
Elixir tests (mix credo + mix test)	mix test	2026-09-24T02:15:02.8157918Z      │
Elixir tests (mix credo + mix test)	mix test	2026-09-24T02:15:02.8158311Z  111 │         [cacertfile: String.to_charlist(CAStore.file_path())]
Elixir tests (mix credo + mix test)	mix test	2026-09-24T02:15:02.8158756Z      │                                                 ~
Elixir tests (mix credo + mix test)	mix test	2026-09-24T02:15:02.8159318Z      │
Elixir tests (mix credo + mix test)	mix test	2026-09-24T02:15:02.8160024Z      └─ lib/excoveralls/poster.ex:111:49: ExCoveralls.Poster.cacert_option/0
Elixir tests (mix credo + mix test)	mix test	2026-09-24T02:15:02.8160996Z 
Elixir tests (mix credo + mix test)	mix test	2026-09-24T02:15:02.8213101Z Generated excoveralls app
Elixir tests (mix credo + mix test)	mix test	2026-09-24T02:15:02.9147698Z ==> flame
Elixir tests (mix credo + mix test)	mix test	2026-09-24T02:15:02.9148611Z Compiling 16 files (.ex)
Elixir tests (mix credo + mix test)	mix test	2026-09-24T02:15:03.4706820Z Generated flame app
Elixir tests (mix credo + mix test)	mix test	2026-09-24T02:15:03.5364887Z ==> db_connection
Elixir tests (mix credo + mix test)	mix test	2026-09-24T02:15:03.5365804Z Compiling 18 files (.ex)
Elixir tests (mix credo + mix test)	mix test	2026-09-24T02:15:04.2368677Z Generated db_connection app
Elixir tests (mix credo + mix test)	mix test	2026-09-24T02:15:04.3292727Z ==> phoenix_pubsub
Elixir tests (mix credo + mix test)	mix test	2026-09-24T02:15:04.3293392Z Compiling 12 files (.ex)
Elixir tests (mix credo + mix test)	mix test	2026-09-24T02:15:04.7023758Z Generated phoenix_pubsub app
Elixir tests (mix credo + mix test)	mix test	2026-09-24T02:15:04.7547923Z ==> abnf_parsec
Elixir tests (mix credo + mix test)	mix test	2026-09-24T02:15:04.7548951Z Compiling 4 files (.ex)
Elixir tests (mix credo + mix test)	mix test	2026-09-24T02:15:06.2293729Z Generated abnf_parsec app
Elixir tests (mix credo + mix test)	mix test	2026-09-24T02:15:06.2600901Z ==> websockex
Elixir tests (mix credo + mix test)	mix test	2026-09-24T02:15:06.2601603Z Compiling 6 files (.ex)
Elixir tests (mix credo + mix test)	mix test	2026-09-24T02:15:06.7481979Z Generated websockex app
Elixir tests (mix credo + mix test)	mix test	2026-09-24T02:15:06.7889095Z ==> protocol_ex
Elixir tests (mix credo + mix test)	mix test	2026-09-24T02:15:06.7890027Z Compiling 2 files (.ex)
Elixir tests (mix credo + mix test)	mix test	2026-09-24T02:15:07.3327225Z Generated protocol_ex app
Elixir tests (mix credo + mix test)	mix test	2026-09-24T02:15:07.3606846Z ==> plug_crypto
Elixir tests (mix credo + mix test)	mix test	2026-09-24T02:15:07.3607552Z Compiling 5 files (.ex)
Elixir tests (mix credo + mix test)	mix test	2026-09-24T02:15:07.4900377Z Generated plug_crypto app
Elixir tests (mix credo + mix test)	mix test	2026-09-24T02:15:07.5187660Z ==> yuri_template
Elixir tests (mix credo + mix test)	mix test	2026-09-24T02:15:07.5188713Z Compiling 15 files (.ex)
Elixir tests (mix credo + mix test)	mix test	2026-09-24T02:15:07.5571989Z     warning: using single-quoted strings to represent charlists is deprecated.
Elixir tests (mix credo + mix test)	mix test	2026-09-24T02:15:07.5603627Z     Use ~c"" if you indeed want a charlist or use "" instead.
Elixir tests (mix credo + mix test)	mix test	2026-09-24T02:15:07.5610090Z     You may run "mix format --migrate" to change all single-quoted
Elixir tests (mix credo + mix test)	mix test	2026-09-24T02:15:07.5611484Z     strings to use the ~c sigil and fix this warning.
Elixir tests (mix credo + mix test)	mix test	2026-09-24T02:15:07.5612499Z     │
Elixir tests (mix credo + mix test)	mix test	2026-09-24T02:15:07.5613659Z   9 │   def operator_level_2(prev \\ empty()), do: prev |> choice(Enum.map('+#', &ascii_char([&1])))
Elixir tests (mix credo + mix test)	mix test	2026-09-24T02:15:07.5615214Z     │                                                                      ~
Elixir tests (mix credo + mix test)	mix test	2026-09-24T02:15:07.5616018Z     │
Elixir tests (mix credo + mix test)	mix test	2026-09-24T02:15:07.5616690Z     └─ lib/yuri_template/parsec.ex:9:70
Elixir tests (mix credo + mix test)	mix test	2026-09-24T02:15:07.5617264Z 
Elixir tests (mix credo + mix test)	mix test	2026-09-24T02:15:07.5617907Z     warning: using single-quoted strings to represent charlists is deprecated.
Elixir tests (mix credo + mix test)	mix test	2026-09-24T02:15:07.5618930Z     Use ~c"" if you indeed want a charlist or use "" instead.
Elixir tests (mix credo + mix test)	mix test	2026-09-24T02:15:07.5619850Z     You may run "mix format --migrate" to change all single-quoted
Elixir tests (mix credo + mix test)	mix test	2026-09-24T02:15:07.5620751Z     strings to use the ~c sigil and fix this warning.
Elixir tests (mix credo + mix test)	mix test	2026-09-24T02:15:07.5621509Z     │
Elixir tests (mix credo + mix test)	mix test	2026-09-24T02:15:07.5622247Z  12 │     do: prev |> choice(Enum.map('./;?&', &ascii_char([&1])))
Elixir tests (mix credo + mix test)	mix test	2026-09-24T02:15:07.5623096Z     │                                 ~
Elixir tests (mix credo + mix test)	mix test	2026-09-24T02:15:07.5623755Z     │
Elixir tests (mix credo + mix test)	mix test	2026-09-24T02:15:07.5624638Z     └─ lib/yuri_template/parsec.ex:12:33
Elixir tests (mix credo + mix test)	mix test	2026-09-24T02:15:07.5625303Z 
Elixir tests (mix credo + mix test)	mix test	2026-09-24T02:15:07.5759735Z     warning: using single-quoted strings to represent charlists is deprecated.
Elixir tests (mix credo + mix test)	mix test	2026-09-24T02:15:07.5760786Z     Use ~c"" if you indeed want a charlist or use "" instead.
Elixir tests (mix credo + mix test)	mix test	2026-09-24T02:15:07.5761561Z     You may run "mix format --migrate" to change all single-quoted
Elixir tests (mix credo + mix test)	mix test	2026-09-24T02:15:07.5762316Z     strings to use the ~c sigil and fix this warning.
Elixir tests (mix credo + mix test)	mix test	2026-09-24T02:15:07.5762999Z     │
Elixir tests (mix credo + mix test)	mix test	2026-09-24T02:15:07.5763604Z  15 │     do: prev |> choice(Enum.map('=,!@|', &ascii_char([&1])))
Elixir tests (mix credo + mix test)	mix test	2026-09-24T02:15:07.5764291Z     │                                 ~
Elixir tests (mix credo + mix test)	mix test	2026-09-24T02:15:07.5765040Z     │
Elixir tests (mix credo + mix test)	mix test	2026-09-24T02:15:07.5765517Z     └─ lib/yuri_template/parsec.ex:15:33
Elixir tests (mix credo + mix test)	mix test	2026-09-24T02:15:07.5765862Z 
Elixir tests (mix credo + mix test)	mix test	2026-09-24T02:15:07.6210787Z     warning: using single-quoted strings to represent charlists is deprecated.
Elixir tests (mix credo + mix test)	mix test	2026-09-24T02:15:07.6212465Z     Use ~c"" if you indeed want a charlist or use "" instead.
Elixir tests (mix credo + mix test)	mix test	2026-09-24T02:15:07.6213686Z     You may run "mix format --migrate" to change all single-quoted
Elixir tests (mix credo + mix test)	mix test	2026-09-24T02:15:07.6214951Z     strings to use the ~c sigil and fix this warning.
Elixir tests (mix credo + mix test)	mix test	2026-09-24T02:15:07.6215963Z     │
Elixir tests (mix credo + mix test)	mix test	2026-09-24T02:15:07.6216753Z  15 │   defguardp is_op(op) when op in '+#?./;?&'
Elixir tests (mix credo + mix test)	mix test	2026-09-24T02:15:07.6217666Z     │                                  ~
Elixir tests (mix credo + mix test)	mix test	2026-09-24T02:15:07.6218381Z     │
Elixir tests (mix credo + mix test)	mix test	2026-09-24T02:15:07.6219552Z     └─ lib/yuri_template/rfc6570.ex:15:34
Elixir tests (mix credo + mix test)	mix test	2026-09-24T02:15:07.6220129Z 
Elixir tests (mix credo + mix test)	mix test	2026-09-24T02:15:08.7107083Z Generated yuri_template app
Elixir tests (mix credo + mix test)	mix test	2026-09-24T02:15:08.7480011Z ==> hpax
Elixir tests (mix credo + mix test)	mix test	2026-09-24T02:15:08.7480503Z Compiling 4 files (.ex)
Elixir tests (mix credo + mix test)	mix test	2026-09-24T02:15:09.1442146Z Generated hpax app
Elixir tests (mix credo + mix test)	mix test	2026-09-24T02:15:09.1674763Z ==> mint
Elixir tests (mix credo + mix test)	mix test	2026-09-24T02:15:09.1675292Z Compiling 1 file (.erl)
Elixir tests (mix credo + mix test)	mix test	2026-09-24T02:15:09.2428638Z Compiling 19 files (.ex)
Elixir tests (mix credo + mix test)	mix test	2026-09-24T02:15:10.2411833Z Generated mint app
Elixir tests (mix credo + mix test)	mix test	2026-09-24T02:15:10.7396989Z ==> ggen_igniter
Elixir tests (mix credo + mix test)	mix test	2026-09-24T02:15:10.7398568Z ===> Analyzing applications...
Elixir tests (mix credo + mix test)	mix test	2026-09-24T02:15:10.7810357Z ===> Compiling yamerl
Elixir tests (mix credo + mix test)	mix test	2026-09-24T02:15:12.3490864Z ==> yaml_elixir
Elixir tests (mix credo + mix test)	mix test	2026-09-24T02:15:12.3491577Z Compiling 6 files (.ex)
Elixir tests (mix credo + mix test)	mix test	2026-09-24T02:15:12.4511319Z Generated yaml_elixir app
Elixir tests (mix credo + mix test)	mix test	2026-09-24T02:15:12.4949048Z ==> nimble_csv
Elixir tests (mix credo + mix test)	mix test	2026-09-24T02:15:12.4950055Z Compiling 1 file (.ex)
Elixir tests (mix credo + mix test)	mix test	2026-09-24T02:15:12.7245322Z Generated nimble_csv app
Elixir tests (mix credo + mix test)	mix test	2026-09-24T02:15:12.7522861Z ==> jcs
Elixir tests (mix credo + mix test)	mix test	2026-09-24T02:15:12.7523415Z Compiling 1 file (.ex)
Elixir tests (mix credo + mix test)	mix test	2026-09-24T02:15:12.8128013Z Generated jcs app
Elixir tests (mix credo + mix test)	mix test	2026-09-24T02:15:12.8400737Z ==> ex_ast
Elixir tests (mix credo + mix test)	mix test	2026-09-24T02:15:12.8401569Z Compiling 36 files (.ex)
Elixir tests (mix credo + mix test)	mix test	2026-09-24T02:15:13.8353618Z Generated ex_ast app
Elixir tests (mix credo + mix test)	mix test	2026-09-24T02:15:13.9474614Z ==> splode
Elixir tests (mix credo + mix test)	mix test	2026-09-24T02:15:13.9475204Z Compiling 5 files (.ex)
Elixir tests (mix credo + mix test)	mix test	2026-09-24T02:15:14.1335170Z Generated splode app
Elixir tests (mix credo + mix test)	mix test	2026-09-24T02:15:14.1675984Z ==> content_type
Elixir tests (mix credo + mix test)	mix test	2026-09-24T02:15:14.1676589Z Compiling 1 file (.ex)
Elixir tests (mix credo + mix test)	mix test	2026-09-24T02:15:14.2279115Z Generated content_type app
Elixir tests (mix credo + mix test)	mix test	2026-09-24T02:15:14.2552960Z ==> glob_ex
Elixir tests (mix credo + mix test)	mix test	2026-09-24T02:15:14.2554645Z Compiling 4 files (.ex)
Elixir tests (mix credo + mix test)	mix test	2026-09-24T02:15:14.4054078Z Generated glob_ex app
Elixir tests (mix credo + mix test)	mix test	2026-09-24T02:15:14.4468872Z ==> credo
Elixir tests (mix credo + mix test)	mix test	2026-09-24T02:15:14.4469422Z Compiling 257 files (.ex)
Elixir tests (mix credo + mix test)	mix test	2026-09-24T02:15:20.0901208Z Generated credo app
Elixir tests (mix credo + mix test)	mix test	2026-09-24T02:15:20.2230117Z ==> ecto
Elixir tests (mix credo + mix test)	mix test	2026-09-24T02:15:20.2230699Z Compiling 56 files (.ex)
Elixir tests (mix credo + mix test)	mix test	2026-09-24T02:15:24.5107661Z Generated ecto app
Elixir tests (mix credo + mix test)	mix test	2026-09-24T02:15:24.6235298Z ==> uniq
Elixir tests (mix credo + mix test)	mix test	2026-09-24T02:15:24.6235705Z Compiling 5 files (.ex)
Elixir tests (mix credo + mix test)	mix test	2026-09-24T02:15:25.3942553Z Generated uniq app
Elixir tests (mix credo + mix test)	mix test	2026-09-24T02:15:25.4811847Z ==> rdf
Elixir tests (mix credo + mix test)	mix test	2026-09-24T02:15:25.4812467Z Compiling 6 files (.erl)
Elixir tests (mix credo + mix test)	mix test	2026-09-24T02:15:26.9946543Z Compiling 140 files (.ex)
Elixir tests (mix credo + mix test)	mix test	2026-09-24T02:15:32.0443694Z Generated rdf app
Elixir tests (mix credo + mix test)	mix test	2026-09-24T02:15:32.7498305Z ==> grax
Elixir tests (mix credo + mix test)	mix test	2026-09-24T02:15:32.7499385Z Compiling 35 files (.ex)
Elixir tests (mix credo + mix test)	mix test	2026-09-24T02:15:33.8111441Z Generated grax app
Elixir tests (mix credo + mix test)	mix test	2026-09-24T02:15:33.9394880Z ==> prov
Elixir tests (mix credo + mix test)	mix test	2026-09-24T02:15:33.9395998Z Compiling 52 files (.ex)
Elixir tests (mix credo + mix test)	mix test	2026-09-24T02:15:38.3820006Z Generated prov app
Elixir tests (mix credo + mix test)	mix test	2026-09-24T02:15:38.4964240Z ==> foaf
Elixir tests (mix credo + mix test)	mix test	2026-09-24T02:15:38.4965058Z Compiling 15 files (.ex)
Elixir tests (mix credo + mix test)	mix test	2026-09-24T02:15:40.1939414Z Generated foaf app
Elixir tests (mix credo + mix test)	mix test	2026-09-24T02:15:40.2868653Z ==> skos
Elixir tests (mix credo + mix test)	mix test	2026-09-24T02:15:40.2869406Z Compiling 5 files (.ex)
Elixir tests (mix credo + mix test)	mix test	2026-09-24T02:15:40.7287044Z Generated skos app
Elixir tests (mix credo + mix test)	mix test	2026-09-24T02:15:40.7702793Z ==> dcat
Elixir tests (mix credo + mix test)	mix test	2026-09-24T02:15:40.7703336Z Compiling 23 files (.ex)
Elixir tests (mix credo + mix test)	mix test	2026-09-24T02:15:43.0657390Z Generated dcat app
Elixir tests (mix credo + mix test)	mix test	2026-09-24T02:15:43.2224646Z ==> rustler
Elixir tests (mix credo + mix test)	mix test	2026-09-24T02:15:43.2225741Z Compiling 7 files (.ex)
Elixir tests (mix credo + mix test)	mix test	2026-09-24T02:15:43.3983578Z Generated rustler app
Elixir tests (mix credo + mix test)	mix test	2026-09-24T02:15:43.4359305Z ==> rustler_precompiled
Elixir tests (mix credo + mix test)	mix test	2026-09-24T02:15:43.4360310Z Compiling 4 files (.ex)
Elixir tests (mix credo + mix test)	mix test	2026-09-24T02:15:43.6949744Z Generated rustler_precompiled app
Elixir tests (mix credo + mix test)	mix test	2026-09-24T02:15:43.7312803Z ==> dcatr
Elixir tests (mix credo + mix test)	mix test	2026-09-24T02:15:43.7313654Z Compiling 32 files (.ex)
Elixir tests (mix credo + mix test)	mix test	2026-09-24T02:15:44.5037635Z Generated dcatr app
Elixir tests (mix credo + mix test)	mix test	2026-09-24T02:15:44.6478265Z ==> ets
Elixir tests (mix credo + mix test)	mix test	2026-09-24T02:15:44.6479447Z Compiling 7 files (.ex)
Elixir tests (mix credo + mix test)	mix test	2026-09-24T02:15:45.7578318Z Generated ets app
Elixir tests (mix credo + mix test)	mix test	2026-09-24T02:15:45.7820747Z ==> plug
Elixir tests (mix credo + mix test)	mix test	2026-09-24T02:15:45.7821259Z Compiling 1 file (.erl)
Elixir tests (mix credo + mix test)	mix test	2026-09-24T02:15:45.9066404Z Compiling 42 files (.ex)
Elixir tests (mix credo + mix test)	mix test	2026-09-24T02:15:47.5890552Z Generated plug app
Elixir tests (mix credo + mix test)	mix test	2026-09-24T02:15:47.6987918Z ==> open_api_spex
Elixir tests (mix credo + mix test)	mix test	2026-09-24T02:15:47.6988651Z Compiling 80 files (.ex)
Elixir tests (mix credo + mix test)	mix test	2026-09-24T02:15:49.3069192Z Generated open_api_spex app
Elixir tests (mix credo + mix test)	mix test	2026-09-24T02:15:49.4440311Z ==> postgrex
Elixir tests (mix credo + mix test)	mix test	2026-09-24T02:15:49.4441275Z Compiling 70 files (.ex)
Elixir tests (mix credo + mix test)	mix test	2026-09-24T02:15:54.2217877Z Generated postgrex app
Elixir tests (mix credo + mix test)	mix test	2026-09-24T02:15:54.3400035Z ==> dotenvy
Elixir tests (mix credo + mix test)	mix test	2026-09-24T02:15:54.3401011Z Compiling 3 files (.ex)
Elixir tests (mix credo + mix test)	mix test	2026-09-24T02:15:54.7760469Z Generated dotenvy app
Elixir tests (mix credo + mix test)	mix test	2026-09-24T02:15:54.7987779Z warning: the dependency :group requires Elixir "~> 1.19" but you are running on v1.18.4
Elixir tests (mix credo + mix test)	mix test	2026-09-24T02:15:54.7988611Z ==> group
Elixir tests (mix credo + mix test)	mix test	2026-09-24T02:15:54.8147200Z Compiling 9 files (.ex)
Elixir tests (mix credo + mix test)	mix test	2026-09-24T02:15:55.5003823Z Generated group app
Elixir tests (mix credo + mix test)	mix test	2026-09-24T02:15:55.5468202Z ==> faker
Elixir tests (mix credo + mix test)	mix test	2026-09-24T02:15:55.5469153Z Compiling 111 files (.ex)
Elixir tests (mix credo + mix test)	mix test	2026-09-24T02:15:55.5508869Z     warning: using single-quoted strings to represent charlists is deprecated.
Elixir tests (mix credo + mix test)	mix test	2026-09-24T02:15:55.5549038Z     Use ~c"" if you indeed want a charlist or use "" instead.
Elixir tests (mix credo + mix test)	mix test	2026-09-24T02:15:55.5561380Z     You may run "mix format --migrate" to change all single-quoted
Elixir tests (mix credo + mix test)	mix test	2026-09-24T02:15:55.5562200Z     strings to use the ~c sigil and fix this warning.
Elixir tests (mix credo + mix test)	mix test	2026-09-24T02:15:55.5562981Z     │
Elixir tests (mix credo + mix test)	mix test	2026-09-24T02:15:55.5581555Z  50 │   @alphabet 'ABCDEFGHIJKLMNOPQRSTUVWXYZabcdefghijklmnopqrstuvwxyz'
Elixir tests (mix credo + mix test)	mix test	2026-09-24T02:15:55.5582855Z     │             ~
Elixir tests (mix credo + mix test)	mix test	2026-09-24T02:15:55.5583701Z     │
Elixir tests (mix credo + mix test)	mix test	2026-09-24T02:15:55.5584720Z     └─ lib/faker.ex:50:13
Elixir tests (mix credo + mix test)	mix test	2026-09-24T02:15:55.5585428Z 
Elixir tests (mix credo + mix test)	mix test	2026-09-24T02:15:55.5586174Z     warning: using single-quoted strings to represent charlists is deprecated.
Elixir tests (mix credo + mix test)	mix test	2026-09-24T02:15:55.5587374Z     Use ~c"" if you indeed want a charlist or use "" instead.
Elixir tests (mix credo + mix test)	mix test	2026-09-24T02:15:55.5588427Z     You may run "mix format --migrate" to change all single-quoted
Elixir tests (mix credo + mix test)	mix test	2026-09-24T02:15:55.5589518Z     strings to use the ~c sigil and fix this warning.
Elixir tests (mix credo + mix test)	mix test	2026-09-24T02:15:55.5590408Z     │
Elixir tests (mix credo + mix test)	mix test	2026-09-24T02:15:55.5591744Z   6 │   @geobase32 '0123456789bcdefghjkmnpqrstuvwxyz'
Elixir tests (mix credo + mix test)	mix test	2026-09-24T02:15:55.5592675Z     │              ~
Elixir tests (mix credo + mix test)	mix test	2026-09-24T02:15:55.5593479Z     │
Elixir tests (mix credo + mix test)	mix test	2026-09-24T02:15:55.5594228Z     └─ lib/faker/address.ex:6:14
Elixir tests (mix credo + mix test)	mix test	2026-09-24T02:15:55.5595225Z 
Elixir tests (mix credo + mix test)	mix test	2026-09-24T02:15:56.1251478Z      warning: using single-quoted strings to represent charlists is deprecated.
Elixir tests (mix credo + mix test)	mix test	2026-09-24T02:15:56.1252987Z      Use ~c"" if you indeed want a charlist or use "" instead.
Elixir tests (mix credo + mix test)	mix test	2026-09-24T02:15:56.1254245Z      You may run "mix format --migrate" to change all single-quoted
Elixir tests (mix credo + mix test)	mix test	2026-09-24T02:15:56.1255599Z      strings to use the ~c sigil and fix this warning.
Elixir tests (mix credo + mix test)	mix test	2026-09-24T02:15:56.1256563Z      │
Elixir tests (mix credo + mix test)	mix test	2026-09-24T02:15:56.1257808Z  501 │     alphabet = 'ABCDEFGHIJKLMNOPQRSTUVWXYZabcdefghijklmnopqrstuvwxyz0123456789'
Elixir tests (mix credo + mix test)	mix test	2026-09-24T02:15:56.1258871Z      │                ~
Elixir tests (mix credo + mix test)	mix test	2026-09-24T02:15:56.1259657Z      │
Elixir tests (mix credo + mix test)	mix test	2026-09-24T02:15:56.1260904Z      └─ lib/faker/lorem.ex:501:16
Elixir tests (mix credo + mix test)	mix test	2026-09-24T02:15:56.1261366Z 
Elixir tests (mix credo + mix test)	mix test	2026-09-24T02:15:56.1403806Z warning: first..last inside match is deprecated, you must always match on the step: first..last//var or first..last//_ if you want to ignore it
Elixir tests (mix credo + mix test)	mix test	2026-09-24T02:15:56.1413687Z ##[warning]  lib/faker/lorem.ex:299: Faker.Lorem.characters/1
Elixir tests (mix credo + mix test)	mix test	2026-09-24T02:15:56.1415510Z 
Elixir tests (mix credo + mix test)	mix test	2026-09-24T02:15:56.1416625Z warning: first..last inside match is deprecated, you must always match on the step: first..last//var or first..last//_ if you want to ignore it
Elixir tests (mix credo + mix test)	mix test	2026-09-24T02:15:56.1418759Z ##[warning]  lib/faker/lorem.ex:333: Faker.Lorem.paragraph/1
Elixir tests (mix credo + mix test)	mix test	2026-09-24T02:15:56.1419939Z 
Elixir tests (mix credo + mix test)	mix test	2026-09-24T02:15:56.1420778Z warning: first..last inside match is deprecated, you must always match on the step: first..last//var or first..last//_ if you want to ignore it
Elixir tests (mix credo + mix test)	mix test	2026-09-24T02:15:56.1422693Z ##[warning]  lib/faker/lorem.ex:363: Faker.Lorem.paragraphs/1
Elixir tests (mix credo + mix test)	mix test	2026-09-24T02:15:56.1423937Z 
Elixir tests (mix credo + mix test)	mix test	2026-09-24T02:15:56.1425074Z warning: first..last inside match is deprecated, you must always match on the step: first..last//var or first..last//_ if you want to ignore it
Elixir tests (mix credo + mix test)	mix test	2026-09-24T02:15:56.1427231Z ##[warning]  lib/faker/lorem.ex:397: Faker.Lorem.sentence/1
Elixir tests (mix credo + mix test)	mix test	2026-09-24T02:15:56.1428457Z 
Elixir tests (mix credo + mix test)	mix test	2026-09-24T02:15:56.1429328Z warning: first..last inside match is deprecated, you must always match on the step: first..last//var or first..last//_ if you want to ignore it
Elixir tests (mix credo + mix test)	mix test	2026-09-24T02:15:56.1431401Z ##[warning]  lib/faker/lorem.ex:454: Faker.Lorem.sentences/1
Elixir tests (mix credo + mix test)	mix test	2026-09-24T02:15:56.1432521Z 
Elixir tests (mix credo + mix test)	mix test	2026-09-24T02:15:56.1433365Z warning: first..last inside match is deprecated, you must always match on the step: first..last//var or first..last//_ if you want to ignore it
Elixir tests (mix credo + mix test)	mix test	2026-09-24T02:15:56.1435897Z ##[warning]  lib/faker/lorem.ex:488: Faker.Lorem.words/1
Elixir tests (mix credo + mix test)	mix test	2026-09-24T02:15:56.1436953Z 
Elixir tests (mix credo + mix test)	mix test	2026-09-24T02:15:56.3496418Z warning: first..last inside match is deprecated, you must always match on the step: first..last//var or first..last//_ if you want to ignore it
Elixir tests (mix credo + mix test)	mix test	2026-09-24T02:15:56.3498979Z ##[warning]  lib/faker/pizza.ex:50: Faker.Pizza.pizzas/1
Elixir tests (mix credo + mix test)	mix test	2026-09-24T02:15:56.3500184Z 
Elixir tests (mix credo + mix test)	mix test	2026-09-24T02:15:56.3506758Z warning: first..last inside match is deprecated, you must always match on the step: first..last//var or first..last//_ if you want to ignore it
Elixir tests (mix credo + mix test)	mix test	2026-09-24T02:15:56.3509030Z ##[warning]  lib/faker/pizza.ex:105: Faker.Pizza.toppings/1
Elixir tests (mix credo + mix test)	mix test	2026-09-24T02:15:56.3510186Z 
Elixir tests (mix credo + mix test)	mix test	2026-09-24T02:15:56.6319322Z Generated faker app
Elixir tests (mix credo + mix test)	mix test	2026-09-24T02:15:56.7389413Z ==> wasmex
Elixir tests (mix credo + mix test)	mix test	2026-09-24T02:15:56.7395308Z Compiling 27 files (.ex)
Elixir tests (mix credo + mix test)	mix test	2026-09-24T02:15:57.6192294Z 
Elixir tests (mix credo + mix test)	mix test	2026-09-24T02:15:57.6195784Z 02:15:57.619 [debug] Copying NIF from cache and extracting to /home/runner/work/ggen_igniter/ggen_igniter/_build/test/lib/wasmex/priv/native/libwasmex-v0.15.1-nif-2.15-x86_64-unknown-linux-gnu.so.tar.gz
Elixir tests (mix credo + mix test)	mix test	2026-09-24T02:15:57.6697548Z Generated wasmex app
Elixir tests (mix credo + mix test)	mix test	2026-09-24T02:15:57.8493351Z ==> erlex
Elixir tests (mix credo + mix test)	mix test	2026-09-24T02:15:57.8494246Z Compiling 2 files (.erl)
Elixir tests (mix credo + mix test)	mix test	2026-09-24T02:15:58.2539841Z Compiling 2 files (.ex)
Elixir tests (mix credo + mix test)	mix test	2026-09-24T02:15:58.4040059Z Generated erlex app
Elixir tests (mix credo + mix test)	mix test	2026-09-24T02:15:58.4336292Z ==> dialyxir
Elixir tests (mix credo + mix test)	mix test	2026-09-24T02:15:59.2605515Z Compiling 67 files (.ex)
Elixir tests (mix credo + mix test)	mix test	2026-09-24T02:15:59.2606128Z Generated dialyxir app
Elixir tests (mix credo + mix test)	mix test	2026-09-24T02:15:59.3898651Z ==> crux
Elixir tests (mix credo + mix test)	mix test	2026-09-24T02:15:59.3899652Z Compiling 20 files (.ex)
Elixir tests (mix credo + mix test)	mix test	2026-09-24T02:15:59.9143051Z Generated crux app
Elixir tests (mix credo + mix test)	mix test	2026-09-24T02:16:00.0227518Z ==> iterex
Elixir tests (mix credo + mix test)	mix test	2026-09-24T02:16:00.0228847Z Compiling 48 files (.ex)
Elixir tests (mix credo + mix test)	mix test	2026-09-24T02:16:03.2807714Z Generated iterex app
Elixir tests (mix credo + mix test)	mix test	2026-09-24T02:16:03.3903928Z ==> nimble_pool
Elixir tests (mix credo + mix test)	mix test	2026-09-24T02:16:03.3905033Z Compiling 2 files (.ex)
Elixir tests (mix credo + mix test)	mix test	2026-09-24T02:16:03.7405831Z Generated nimble_pool app
Elixir tests (mix credo + mix test)	mix test	2026-09-24T02:16:03.7722476Z ==> finch
Elixir tests (mix credo + mix test)	mix test	2026-09-24T02:16:03.7723045Z Compiling 23 files (.ex)
Elixir tests (mix credo + mix test)	mix test	2026-09-24T02:16:04.4213523Z Generated finch app
Elixir tests (mix credo + mix test)	mix test	2026-09-24T02:16:04.5067952Z ==> tesla
Elixir tests (mix credo + mix test)	mix test	2026-09-24T02:16:04.5069447Z Compiling 57 files (.ex)
Elixir tests (mix credo + mix test)	mix test	2026-09-24T02:16:05.5872062Z Generated tesla app
Elixir tests (mix credo + mix test)	mix test	2026-09-24T02:16:05.7073706Z ==> json_ld
Elixir tests (mix credo + mix test)	mix test	2026-09-24T02:16:05.7075117Z Compiling 17 files (.ex)
Elixir tests (mix credo + mix test)	mix test	2026-09-24T02:16:06.6875541Z Generated json_ld app
Elixir tests (mix credo + mix test)	mix test	2026-09-24T02:16:06.7551182Z ==> req
Elixir tests (mix credo + mix test)	mix test	2026-09-24T02:16:06.7552127Z Compiling 24 files (.ex)
Elixir tests (mix credo + mix test)	mix test	2026-09-24T02:16:07.8266305Z Generated req app
Elixir tests (mix credo + mix test)	mix test	2026-09-24T02:16:07.9173764Z ==> req_s3
Elixir tests (mix credo + mix test)	mix test	2026-09-24T02:16:07.9175225Z Compiling 2 files (.ex)
Elixir tests (mix credo + mix test)	mix test	2026-09-24T02:16:08.0373564Z Generated req_s3 app
Elixir tests (mix credo + mix test)	mix test	2026-09-24T02:16:08.0873469Z ==> ecto_sql
Elixir tests (mix credo + mix test)	mix test	2026-09-24T02:16:08.0873993Z Compiling 25 files (.ex)
Elixir tests (mix credo + mix test)	mix test	2026-09-24T02:16:09.2203387Z Generated ecto_sql app
Elixir tests (mix credo + mix test)	mix test	2026-09-24T02:16:09.2845522Z ==> server_sent_events
Elixir tests (mix credo + mix test)	mix test	2026-09-24T02:16:09.2846010Z Compiling 2 files (.ex)
Elixir tests (mix credo + mix test)	mix test	2026-09-24T02:16:09.3765052Z Generated server_sent_events app
Elixir tests (mix credo + mix test)	mix test	2026-09-24T02:16:09.4077787Z ==> rewrite
Elixir tests (mix credo + mix test)	mix test	2026-09-24T02:16:09.4078351Z Compiling 13 files (.ex)
Elixir tests (mix credo + mix test)	mix test	2026-09-24T02:16:09.8751992Z Generated rewrite app
Elixir tests (mix credo + mix test)	mix test	2026-09-24T02:16:09.9489414Z ==> owl
Elixir tests (mix credo + mix test)	mix test	2026-09-24T02:16:09.9490310Z Compiling 19 files (.ex)
Elixir tests (mix credo + mix test)	mix test	2026-09-24T02:16:10.4372410Z Generated owl app
Elixir tests (mix credo + mix test)	mix test	2026-09-24T02:16:10.5265542Z ==> igniter
Elixir tests (mix credo + mix test)	mix test	2026-09-24T02:16:10.5265886Z Compiling 62 files (.ex)
Elixir tests (mix credo + mix test)	mix test	2026-09-24T02:16:12.8407988Z Generated igniter app
Elixir tests (mix credo + mix test)	mix test	2026-09-24T02:16:12.9683381Z ==> oban
Elixir tests (mix credo + mix test)	mix test	2026-09-24T02:16:12.9684658Z Compiling 70 files (.ex)
Elixir tests (mix credo + mix test)	mix test	2026-09-24T02:16:14.7192993Z Generated oban app
Elixir tests (mix credo + mix test)	mix test	2026-09-24T02:16:14.8252515Z ==> llm_db
Elixir tests (mix credo + mix test)	mix test	2026-09-24T02:16:14.8253472Z Compiling 65 files (.ex)
Elixir tests (mix credo + mix test)	mix test	2026-09-24T02:16:16.6519550Z Generated llm_db app
Elixir tests (mix credo + mix test)	mix test	2026-09-24T02:16:16.7765684Z ==> spark
Elixir tests (mix credo + mix test)	mix test	2026-09-24T02:16:16.7773719Z Compiling 46 files (.ex)
Elixir tests (mix credo + mix test)	mix test	2026-09-24T02:16:18.9851861Z Generated spark app
Elixir tests (mix credo + mix test)	mix test	2026-09-24T02:16:19.1070192Z ==> reactor
Elixir tests (mix credo + mix test)	mix test	2026-09-24T02:16:19.1071956Z Compiling 113 files (.ex)
Elixir tests (mix credo + mix test)	mix test	2026-09-24T02:16:28.2508109Z Generated reactor app
Elixir tests (mix credo + mix test)	mix test	2026-09-24T02:16:28.4116701Z ==> ash
Elixir tests (mix credo + mix test)	mix test	2026-09-24T02:16:28.4118907Z Compiling 617 files (.ex)
Elixir tests (mix credo + mix test)	mix test	2026-09-24T02:16:48.4225783Z Compiling lib/ash/reactor/reactor.ex (it's taking more than 10s)
Elixir tests (mix credo + mix test)	mix test	2026-09-24T02:17:00.3115103Z 
Elixir tests (mix credo + mix test)	mix test	2026-09-24T02:17:00.3176119Z 02:17:00.309 [warning] Mix.Tasks.Ash.Set.Domains (/home/runner/work/ggen_igniter/ggen_igniter/deps/ash/lib/mix/tasks/ash.set.domains.ex):
Elixir tests (mix credo + mix test)	mix test	2026-09-24T02:17:00.3195151Z 
Elixir tests (mix credo + mix test)	mix test	2026-09-24T02:17:00.3201582Z     Module defines `igniter/2`, but `igniter/2` is deprecated.
Elixir tests (mix credo + mix test)	mix test	2026-09-24T02:17:00.3204837Z     Please refactor to `igniter/1`. Use `igniter.args` to access `argv`, `positional` and `options`.
Elixir tests (mix credo + mix test)	mix test	2026-09-24T02:17:00.3205877Z 
Elixir tests (mix credo + mix test)	mix test	2026-09-24T02:17:16.2428577Z Compiling lib/ash/resource/dsl.ex (it's taking more than 10s)
Elixir tests (mix credo + mix test)	mix test	2026-09-24T02:17:20.6126003Z Generated ash app
Elixir tests (mix credo + mix test)	mix test	2026-09-24T02:17:20.7775562Z ==> ash_state_machine
Elixir tests (mix credo + mix test)	mix test	2026-09-24T02:17:20.7776709Z Compiling 17 files (.ex)
Elixir tests (mix credo + mix test)	mix test	2026-09-24T02:17:21.8250935Z Generated ash_state_machine app
Elixir tests (mix credo + mix test)	mix test	2026-09-24T02:17:21.9888139Z ==> ash_sql
Elixir tests (mix credo + mix test)	mix test	2026-09-24T02:17:21.9889283Z Compiling 14 files (.ex)
Elixir tests (mix credo + mix test)	mix test	2026-09-24T02:17:26.9000433Z Generated ash_sql app
Elixir tests (mix credo + mix test)	mix test	2026-09-24T02:17:27.1226435Z ==> ash_postgres
Elixir tests (mix credo + mix test)	mix test	2026-09-24T02:17:27.1227055Z Compiling 65 files (.ex)
Elixir tests (mix credo + mix test)	mix test	2026-09-24T02:17:33.1501409Z Generated ash_postgres app
Elixir tests (mix credo + mix test)	mix test	2026-09-24T02:17:33.4303252Z ==> elixir_make
Elixir tests (mix credo + mix test)	mix test	2026-09-24T02:17:33.4304053Z Compiling 8 files (.ex)
Elixir tests (mix credo + mix test)	mix test	2026-09-24T02:17:33.6624993Z Generated elixir_make app
Elixir tests (mix credo + mix test)	mix test	2026-09-24T02:17:33.7040570Z ==> cc_precompiler
Elixir tests (mix credo + mix test)	mix test	2026-09-24T02:17:33.7041090Z Compiling 3 files (.ex)
Elixir tests (mix credo + mix test)	mix test	2026-09-24T02:17:33.8655040Z Generated cc_precompiler app
Elixir tests (mix credo + mix test)	mix test	2026-09-24T02:17:33.8941559Z ==> ekv
Elixir tests (mix credo + mix test)	mix test	2026-09-24T02:17:33.8943029Z warning: the dependency :ekv requires Elixir "~> 1.19" but you are running on v1.18.4
Elixir tests (mix credo + mix test)	mix test	2026-09-24T02:17:33.8975119Z Error happened while installing ekv from precompiled binary: "precompiled \"ekv-nif-2.17-x86_64-linux-gnu-0.4.3.tar.gz\" does not exist in checksum.exs".
Elixir tests (mix credo + mix test)	mix test	2026-09-24T02:17:33.8977306Z 
Elixir tests (mix credo + mix test)	mix test	2026-09-24T02:17:33.8977726Z Attempting to compile ekv from source...
Elixir tests (mix credo + mix test)	mix test	2026-09-24T02:17:33.9086741Z cc -O2 -fPIC -I/home/runner/work/_temp/.setup-beam/otp/erts-15.2.2/include -Ic_src -DSQLITE_THREADSAFE=1 -DSQLITE_USE_URI=1 -DSQLITE_DQS=0 -DHAVE_USLEEP=1 -DSQLITE_ENABLE_STAT4=1 -DSQLITE_LIKE_DOESNT_MATCH_BLOBS=1 -DNDEBUG=1 -shared -lpthread -ldl -lm -o /home/runner/work/ggen_igniter/ggen_igniter/_build/test/lib/ekv/priv/ekv_sqlite3_nif.so c_src/ekv_sqlite3_nif.c c_src/sqlite3.c
Elixir tests (mix credo + mix test)	mix test	2026-09-24T02:17:55.8733568Z Compiling 24 files (.ex)
Elixir tests (mix credo + mix test)	mix test	2026-09-24T02:17:58.2040246Z Generated ekv app
Elixir tests (mix credo + mix test)	mix test	2026-09-24T02:17:58.2840222Z ==> websock
Elixir tests (mix credo + mix test)	mix test	2026-09-24T02:17:58.2840848Z Compiling 1 file (.ex)
Elixir tests (mix credo + mix test)	mix test	2026-09-24T02:17:58.3130051Z Generated websock app
Elixir tests (mix credo + mix test)	mix test	2026-09-24T02:17:58.3645001Z ==> bandit
Elixir tests (mix credo + mix test)	mix test	2026-09-24T02:17:58.3645563Z Compiling 54 files (.ex)
Elixir tests (mix credo + mix test)	mix test	2026-09-24T02:18:00.3122093Z Generated bandit app
Elixir tests (mix credo + mix test)	mix test	2026-09-24T02:18:00.4421519Z ==> a2a
Elixir tests (mix credo + mix test)	mix test	2026-09-24T02:18:00.4422729Z Compiling 30 files (.ex)
Elixir tests (mix credo + mix test)	mix test	2026-09-24T02:18:01.5856521Z Generated a2a app
Elixir tests (mix credo + mix test)	mix test	2026-09-24T02:18:01.7147044Z ==> websock_adapter
Elixir tests (mix credo + mix test)	mix test	2026-09-24T02:18:01.7148146Z Compiling 4 files (.ex)
Elixir tests (mix credo + mix test)	mix test	2026-09-24T02:18:01.8417717Z Generated websock_adapter app
Elixir tests (mix credo + mix test)	mix test	2026-09-24T02:18:01.9096134Z ==> phoenix
Elixir tests (mix credo + mix test)	mix test	2026-09-24T02:18:01.9096737Z Compiling 75 files (.ex)
Elixir tests (mix credo + mix test)	mix test	2026-09-24T02:18:04.9022660Z Generated phoenix app
Elixir tests (mix credo + mix test)	mix test	2026-09-24T02:18:05.0947726Z ==> sweet_xml
Elixir tests (mix credo + mix test)	mix test	2026-09-24T02:18:05.0949187Z Compiling 2 files (.ex)
Elixir tests (mix credo + mix test)	mix test	2026-09-24T02:18:05.3945342Z Generated sweet_xml app
Elixir tests (mix credo + mix test)	mix test	2026-09-24T02:18:05.8276143Z ==> sparql
Elixir tests (mix credo + mix test)	mix test	2026-09-24T02:18:05.8276642Z Compiling 2 files (.erl)
Elixir tests (mix credo + mix test)	mix test	2026-09-24T02:18:23.2571152Z Compiling 43 files (.ex)
Elixir tests (mix credo + mix test)	mix test	2026-09-24T02:18:25.0387340Z Generated sparql app
Elixir tests (mix credo + mix test)	mix test	2026-09-24T02:18:25.6113271Z warning: the dependency :durable_server requires Elixir "~> 1.19" but you are running on v1.18.4
Elixir tests (mix credo + mix test)	mix test	2026-09-24T02:18:25.6114253Z ==> durable_server
Elixir tests (mix credo + mix test)	mix test	2026-09-24T02:18:25.6238045Z Compiling 18 files (.ex)
Elixir tests (mix credo + mix test)	mix test	2026-09-24T02:18:27.6770565Z Generated durable_server app
Elixir tests (mix credo + mix test)	mix test	2026-09-24T02:18:27.7402214Z ==> texture
Elixir tests (mix credo + mix test)	mix test	2026-09-24T02:18:27.7403309Z Compiling 7 files (.ex)
Elixir tests (mix credo + mix test)	mix test	2026-09-24T02:18:28.7966703Z Generated texture app
Elixir tests (mix credo + mix test)	mix test	2026-09-24T02:18:28.8659559Z ==> jsv
Elixir tests (mix credo + mix test)	mix test	2026-09-24T02:18:28.8660605Z Compiling 74 files (.ex)
Elixir tests (mix credo + mix test)	mix test	2026-09-24T02:18:33.0601052Z Generated jsv app
Elixir tests (mix credo + mix test)	mix test	2026-09-24T02:18:33.1917118Z ==> req_llm
Elixir tests (mix credo + mix test)	mix test	2026-09-24T02:18:33.1918319Z Compiling 211 files (.ex)
Elixir tests (mix credo + mix test)	mix test	2026-09-24T02:18:42.7110591Z Generated req_llm app
Elixir tests (mix credo + mix test)	mix test	2026-09-24T02:18:42.9670330Z ==> conv_case
Elixir tests (mix credo + mix test)	mix test	2026-09-24T02:18:42.9671767Z Compiling 1 file (.ex)
Elixir tests (mix credo + mix test)	mix test	2026-09-24T02:18:43.0996082Z Generated conv_case app
Elixir tests (mix credo + mix test)	mix test	2026-09-24T02:18:43.2150177Z ==> xema
Elixir tests (mix credo + mix test)	mix test	2026-09-24T02:18:43.2150689Z Compiling 19 files (.ex)
Elixir tests (mix credo + mix test)	mix test	2026-09-24T02:18:44.6421510Z Generated xema app
Elixir tests (mix credo + mix test)	mix test	2026-09-24T02:18:44.7563202Z ==> json_xema
Elixir tests (mix credo + mix test)	mix test	2026-09-24T02:18:44.7564319Z Compiling 4 files (.ex)
Elixir tests (mix credo + mix test)	mix test	2026-09-24T02:18:44.9678852Z Generated json_xema app
Elixir tests (mix credo + mix test)	mix test	2026-09-24T02:18:45.0205220Z ==> ash_json_api
Elixir tests (mix credo + mix test)	mix test	2026-09-24T02:18:45.0206090Z Compiling 76 files (.ex)
Elixir tests (mix credo + mix test)	mix test	2026-09-24T02:18:54.9240097Z Generated ash_json_api app
Elixir tests (mix credo + mix test)	mix test	2026-09-24T02:18:55.2615900Z ==> saxy
Elixir tests (mix credo + mix test)	mix test	2026-09-24T02:18:55.2616750Z Compiling 19 files (.ex)
Elixir tests (mix credo + mix test)	mix test	2026-09-24T02:18:57.8868140Z Generated saxy app
Elixir tests (mix credo + mix test)	mix test	2026-09-24T02:18:58.0210751Z ==> rdf_xml
Elixir tests (mix credo + mix test)	mix test	2026-09-24T02:18:58.0211826Z Compiling 17 files (.ex)
Elixir tests (mix credo + mix test)	mix test	2026-09-24T02:18:59.2301610Z Generated rdf_xml app
Elixir tests (mix credo + mix test)	mix test	2026-09-24T02:18:59.2849565Z ==> sparql_client
Elixir tests (mix credo + mix test)	mix test	2026-09-24T02:18:59.2850633Z Compiling 9 files (.ex)
Elixir tests (mix credo + mix test)	mix test	2026-09-24T02:18:59.5767316Z Generated sparql_client app
Elixir tests (mix credo + mix test)	mix test	2026-09-24T02:18:59.6366659Z ==> gno
Elixir tests (mix credo + mix test)	mix test	2026-09-24T02:18:59.6367168Z Compiling 36 files (.ex)
Elixir tests (mix credo + mix test)	mix test	2026-09-24T02:19:01.3106638Z Generated gno app
Elixir tests (mix credo + mix test)	mix test	2026-09-24T02:19:01.4777762Z ==> ash_r2rml
Elixir tests (mix credo + mix test)	mix test	2026-09-24T02:19:01.4782205Z Compiling 111 files (.ex)
Elixir tests (mix credo + mix test)	mix test	2026-09-24T02:19:08.6781517Z Generated ash_r2rml app
Elixir tests (mix credo + mix test)	mix test	2026-09-24T02:19:08.9006842Z ==> ash_oban
Elixir tests (mix credo + mix test)	mix test	2026-09-24T02:19:08.9008167Z Compiling 22 files (.ex)
Elixir tests (mix credo + mix test)	mix test	2026-09-24T02:19:12.0324255Z Generated ash_oban app
Elixir tests (mix credo + mix test)	mix test	2026-09-24T02:19:12.1105073Z ==> ash_ai
Elixir tests (mix credo + mix test)	mix test	2026-09-24T02:19:12.1105808Z Compiling 42 files (.ex)
Elixir tests (mix credo + mix test)	mix test	2026-09-24T02:19:14.9959589Z Generated ash_ai app
Elixir tests (mix credo + mix test)	mix test	2026-09-24T02:19:15.0530582Z ==> ash_a2a
Elixir tests (mix credo + mix test)	mix test	2026-09-24T02:19:15.0533897Z warning: the dependency :ash_a2a requires Elixir "~> 1.19" but you are running on v1.18.4
Elixir tests (mix credo + mix test)	mix test	2026-09-24T02:19:15.1339604Z Compiling 309 files (.ex)
Elixir tests (mix credo + mix test)	mix test	2026-09-24T02:19:36.3313431Z Generated ash_a2a app
Elixir tests (mix credo + mix test)	mix test	2026-09-24T02:19:36.5943289Z ==> ggen_igniter
Elixir tests (mix credo + mix test)	mix test	2026-09-24T02:19:36.5944634Z Compiling 104 files (.ex)
Elixir tests (mix credo + mix test)	mix test	2026-09-24T02:19:38.0539778Z Compiling crate ggen_graph_nif in release mode (native/ggen_graph_nif)
Elixir tests (mix credo + mix test)	mix test	2026-09-24T02:19:38.1635949Z Copying /home/runner/work/ggen_igniter/ggen_igniter/native/ggen_graph_nif/target/release/libggen_graph_nif.so to priv/native/ggen_graph_nif.so
Elixir tests (mix credo + mix test)	mix test	2026-09-24T02:19:44.0419955Z Generated ggen_igniter app
Elixir tests (mix credo + mix test)	mix test	2026-09-24T02:19:50.5457348Z warning: test/e2e/lifecycle_test.ex does not match "*_test.exs" and won't be loaded
Elixir tests (mix credo + mix test)	mix test	2026-09-24T02:19:50.5970357Z Running ExUnit with seed: 575414, max_cases: 8
Elixir tests (mix credo + mix test)	mix test	2026-09-24T02:19:50.6169998Z Excluding tags: [:requires_ash_r2rml, :requires_qlever_server]
Elixir tests (mix credo + mix test)	mix test	2026-09-24T02:19:50.6194825Z 
Elixir tests (mix credo + mix test)	mix test	2026-09-24T02:19:51.3966318Z     warning: redefining module Ex4pmFixture (current version loaded from _build/test/lib/ggen_igniter/ebin/Elixir.Ex4pmFixture.beam)
Elixir tests (mix credo + mix test)	mix test	2026-09-24T02:19:51.3967854Z     │
Elixir tests (mix credo + mix test)	mix test	2026-09-24T02:19:51.3968424Z   1 │ defmodule Ex4pmFixture do
Elixir tests (mix credo + mix test)	mix test	2026-09-24T02:19:51.3969109Z     │ ~~~~~~~~~~~~~~~~~~~~~~~~~
Elixir tests (mix credo + mix test)	mix test	2026-09-24T02:19:51.3969647Z     │
Elixir tests (mix credo + mix test)	mix test	2026-09-24T02:19:51.3970243Z     └─ test/support/ex4pm_fixture.ex:1: Ex4pmFixture (module)
Elixir tests (mix credo + mix test)	mix test	2026-09-24T02:19:51.3970795Z 
Elixir tests (mix credo + mix test)	mix test	2026-09-24T02:20:11.2382762Z     warning: Beam4pmSmoke.Discovery.InductiveMiner.mine/1 is undefined (module Beam4pmSmoke.Discovery.InductiveMiner is not available or is yet to be defined)
Elixir tests (mix credo + mix test)	mix test	2026-09-24T02:20:11.2455510Z     │
Elixir tests (mix credo + mix test)	mix test	2026-09-24T02:20:11.2555947Z  78 │     assert {:ok, tree} = Beam4pmSmoke.Discovery.InductiveMiner.mine(log)
Elixir tests (mix credo + mix test)	mix test	2026-09-24T02:20:11.2585413Z     │                                                                ~
Elixir tests (mix credo + mix test)	mix test	2026-09-24T02:20:11.2647525Z     │
Elixir tests (mix credo + mix test)	mix test	2026-09-24T02:20:11.2707191Z     └─ test/process_discovery_pack_test.exs:78:64: GgenIgniter.ProcessDiscoveryPackTest."test rendered inductive_miner + token_replay modules actually compile and run together"/1
Elixir tests (mix credo + mix test)	mix test	2026-09-24T02:20:11.2732102Z 
Elixir tests (mix credo + mix test)	mix test	2026-09-24T02:20:11.2756675Z     warning: Beam4pmSmoke.Conformance.TokenReplay.replay/2 is undefined (module Beam4pmSmoke.Conformance.TokenReplay is not available or is yet to be defined)
Elixir tests (mix credo + mix test)	mix test	2026-09-24T02:20:11.2785742Z     │
Elixir tests (mix credo + mix test)	mix test	2026-09-24T02:20:11.2805561Z  80 │     result = Beam4pmSmoke.Conformance.TokenReplay.replay(tree, ["a", "b"])
Elixir tests (mix credo + mix test)	mix test	2026-09-24T02:20:11.2831870Z     │                                                   ~
Elixir tests (mix credo + mix test)	mix test	2026-09-24T02:20:11.2841294Z     │
Elixir tests (mix credo + mix test)	mix test	2026-09-24T02:20:11.2858964Z     └─ test/process_discovery_pack_test.exs:80:51: GgenIgniter.ProcessDiscoveryPackTest."test rendered inductive_miner + token_replay modules actually compile and run together"/1
Elixir tests (mix credo + mix test)	mix test	2026-09-24T02:20:11.2860778Z 
Elixir tests (mix credo + mix test)	mix test	2026-09-24T02:20:11.4620412Z warning: variable "args" is unused (if the variable is not meant to be used, prefix it with an underscore)
Elixir tests (mix credo + mix test)	mix test	2026-09-24T02:20:11.4627676Z └─ nofile:7:31: Test.Voluptatem20803.Eius20835.expression/2
Elixir tests (mix credo + mix test)	mix test	2026-09-24T02:20:11.4628551Z 
Elixir tests (mix credo + mix test)	mix test	2026-09-24T02:20:18.9520139Z ..............................................................................................................**.............................................................................................................................................................................................................................................................................................................................................................................................................................................................................................
Elixir tests (mix credo + mix test)	mix test	2026-09-24T02:20:18.9524659Z [skip] case-variant property: this test runner's filesystem is genuinely case-sensitive (confirmed via a real File.exists?/1 probe, not assumed from platform) -- two differently-cased spellings really ARE different files here, so this macOS/APFS-specific property does not apply.
Elixir tests (mix credo + mix test)	mix test	2026-09-24T02:20:25.2690420Z ............................................................................................................................................
Elixir tests (mix credo + mix test)	mix test	2026-09-24T02:20:25.2693790Z 02:20:25.268 [info] ggen_igniter: fetched github:octocat/Hello-World@master (258 bytes), sha256=ab7006ec9cea1c8cb012961328029a9d178e947ab6f997c6dbae12a9019407a4 -- GitHub's archive endpoint publishes no checksum to verify against; record this digest yourself if you need to pin/verify this fetch.
Elixir tests (mix credo + mix test)	mix test	2026-09-24T02:20:25.3112847Z .....
Elixir tests (mix credo + mix test)	mix test	2026-09-24T02:20:25.3145503Z 02:20:25.309 [debug] # Debug information for step `:log_charge`.
Elixir tests (mix credo + mix test)	mix test	2026-09-24T02:20:25.3163696Z 
Elixir tests (mix credo + mix test)	mix test	2026-09-24T02:20:25.3176107Z ## Arguments
Elixir tests (mix credo + mix test)	mix test	2026-09-24T02:20:25.3187978Z 
Elixir tests (mix credo + mix test)	mix test	2026-09-24T02:20:25.3206721Z ```
Elixir tests (mix credo + mix test)	mix test	2026-09-24T02:20:25.3212592Z %{message: "charge completed", charge: %GgenIgniter.Reactors.Examples.Support.Charge{card_token: "tok_123", amount: 42, refunded?: false}}
Elixir tests (mix credo + mix test)	mix test	2026-09-24T02:20:25.3214954Z ```
Elixir tests (mix credo + mix test)	mix test	2026-09-24T02:20:25.3216690Z 
Elixir tests (mix credo + mix test)	mix test	2026-09-24T02:20:25.3217425Z ## Context
Elixir tests (mix credo + mix test)	mix test	2026-09-24T02:20:25.3218210Z ```
Elixir tests (mix credo + mix test)	mix test	2026-09-24T02:20:25.3229709Z %{:private => %{inputs: %{amount: 42, email: "alice@example.com", card_token: "tok_123"}, composed_reactors: MapSet.new([GgenIgniter.Reactors.Examples.ExpenseApprovalReactor])}, Reactor.Middleware.Telemetry => %{metadata: %{id: GgenIgniter.Reactors.Examples.ExpenseApprovalReactor, initial_state: :pending, middleware: [Reactor.Middleware.Telemetry], run_id: #Reference<0.70240849.3282042881.47880>, inputs: [%Reactor.Input{name: :card_token, description: nil}, %Reactor.Input{name: :amount, description: nil}, %Reactor.Input{name: :email, description: nil}], step_count: 13}, start_time: -576460713648031375}, :run_id => #Reference<0.70240849.3282042881.47880>, :async? => true, :__reactor__ => %{id: GgenIgniter.Reactors.Examples.ExpenseApprovalReactor, initial_state: :pending, middleware: [Reactor.Middleware.Telemetry], run_id: #Reference<0.70240849.3282042881.47880>, inputs: [%Reactor.Input{name: :card_token, description: nil}, %Reactor.Input{name: :amount, description: nil}, %Reactor.Input{name: :email, description: nil}], step_count: 13}, :concurrency_key => #Reference<0.70240849.3282042881.47879>, :nested_dependencies => %{}, :current_step => %Reactor.Step{arguments: [%Reactor.Argument{description: nil, name: :message, source: %Reactor.Template.Value{value: "charge completed", sub_path: []}, transform: nil}, %Reactor.Argument{description: nil, name: :charge, source: %Reactor.Template.Result{name: :charge_payment, sub_path: []}, transform: nil}], async?: true, context: %{}, description: nil, impl: {Reactor.Step.Debug, [level: :debug]}, name: :log_charge, max_retries: 0, ref: :log_charge, transform: nil, guards: []}, :current_try => 0, :retries_remaining => 0}
Elixir tests (mix credo + mix test)	mix test	2026-09-24T02:20:25.3242840Z ```
Elixir tests (mix credo + mix test)	mix test	2026-09-24T02:20:25.3243538Z 
Elixir tests (mix credo + mix test)	mix test	2026-09-24T02:20:25.3244191Z ## Options
Elixir tests (mix credo + mix test)	mix test	2026-09-24T02:20:25.3245336Z ```
Elixir tests (mix credo + mix test)	mix test	2026-09-24T02:20:25.3246269Z []
Elixir tests (mix credo + mix test)	mix test	2026-09-24T02:20:25.3247075Z ```
Elixir tests (mix credo + mix test)	mix test	2026-09-24T02:20:25.3247727Z 
Elixir tests (mix credo + mix test)	mix test	2026-09-24T02:20:25.3248262Z 
Elixir tests (mix credo + mix test)	mix test	2026-09-24T02:20:25.3249046Z 02:20:25.315 [debug] around: entering wrapped steps
Elixir tests (mix credo + mix test)	mix test	2026-09-24T02:20:25.3249946Z 
Elixir tests (mix credo + mix test)	mix test	2026-09-24T02:20:25.3250729Z 02:20:25.315 [debug] around: leaving wrapped steps
Elixir tests (mix credo + mix test)	mix test	2026-09-24T02:20:25.4296423Z ..........
Elixir tests (mix credo + mix test)	mix test	2026-09-24T02:20:25.4298947Z 02:20:25.428 [info] ggen_igniter: fetched github:octocat/Hello-World@master (258 bytes), sha256=ab7006ec9cea1c8cb012961328029a9d178e947ab6f997c6dbae12a9019407a4 -- GitHub's archive endpoint publishes no checksum to verify against; record this digest yourself if you need to pin/verify this fetch.
Elixir tests (mix credo + mix test)	mix test	2026-09-24T02:20:25.6501543Z ...............................
Elixir tests (mix credo + mix test)	mix test	2026-09-24T02:20:25.6504356Z 02:20:25.649 [warning] GgenIgniter.Receipt.read_all!/1: skipping unparseable line 2 in /tmp/ggen_igniter_receipt_test_32612/.ggen_igniter/receipts/2026-09-24.jsonl (%Jason.DecodeError{position: 34, token: nil, data: "{\"standing\":\"alive\",\"reason\":\"torn"}) -- likely a torn line from a crash mid-write; discarding it rather than raising and losing every other receipt in this partition.
Elixir tests (mix credo + mix test)	mix test	2026-09-24T02:20:25.6619350Z 
Elixir tests (mix credo + mix test)	mix test	2026-09-24T02:20:25.6621342Z 02:20:25.661 [info] ggen_igniter: fetched github:octocat/Hello-World@master (258 bytes), sha256=ab7006ec9cea1c8cb012961328029a9d178e947ab6f997c6dbae12a9019407a4 -- GitHub's archive endpoint publishes no checksum to verify against; record this digest yourself if you need to pin/verify this fetch.
Elixir tests (mix credo + mix test)	mix test	2026-09-24T02:20:26.1055521Z .........................
Elixir tests (mix credo + mix test)	mix test	2026-09-24T02:20:26.1057044Z 02:20:26.105 [info] ggen_igniter: verified hex:jason@1.4.5 sha256=b0c823996102bcd0239b3c2444eb00409b72f6a140c1950bc8b457d836b30684 against hex.pm's published release checksum
Elixir tests (mix credo + mix test)	mix test	2026-09-24T02:20:26.3045150Z ..
Elixir tests (mix credo + mix test)	mix test	2026-09-24T02:20:26.3046589Z 02:20:26.304 [info] ggen_igniter: verified hex:jason@1.4.1 sha256=fbb01ecdfd565b56261302f7e1fcc27c4fb8f32d56eab74db621fc154604a7a1 against hex.pm's published release checksum
Elixir tests (mix credo + mix test)	mix test	2026-09-24T02:20:26.5064993Z ...
Elixir tests (mix credo + mix test)	mix test	2026-09-24T02:20:26.5066533Z 02:20:26.506 [info] ggen_igniter: verified hex:jason@1.4.1 sha256=fbb01ecdfd565b56261302f7e1fcc27c4fb8f32d56eab74db621fc154604a7a1 against hex.pm's published release checksum
Elixir tests (mix credo + mix test)	mix test	2026-09-24T02:20:31.8366014Z ^[[0mWaiting for lock on the build directory (held by process 7787)
Elixir tests (mix credo + mix test)	mix test	2026-09-24T02:20:58.5256849Z ....................pruned: /tmp/ggen_igniter_sync_inprocess_reconcile_43618/ticket.ex
Elixir tests (mix credo + mix test)	mix test	2026-09-24T02:21:14.5990334Z ...............
Elixir tests (mix credo + mix test)	mix test	2026-09-24T02:21:14.5992605Z 02:21:14.598 [warning] GgenIgniter.Reactors.ReconcileReactor: Code.format_string!/1 failed for /tmp/ggen_igniter_reactor_inject_test_46498/lib/broken_target.ex -- writing unformatted content unchanged. Error: ** (MismatchedDelimiterError) mismatched delimiter found on nofile:3:1:
Elixir tests (mix credo + mix test)	mix test	2026-09-24T02:21:14.5995241Z     error: unexpected reserved word: end
Elixir tests (mix credo + mix test)	mix test	2026-09-24T02:21:14.5995986Z     │
Elixir tests (mix credo + mix test)	mix test	2026-09-24T02:21:14.5996453Z   2 │   def broken(
Elixir tests (mix credo + mix test)	mix test	2026-09-24T02:21:14.5996965Z     │             └ unclosed delimiter
Elixir tests (mix credo + mix test)	mix test	2026-09-24T02:21:14.5997639Z   3 │ end
Elixir tests (mix credo + mix test)	mix test	2026-09-24T02:21:14.5998198Z     │ └ mismatched closing delimiter (expected ")")
Elixir tests (mix credo + mix test)	mix test	2026-09-24T02:21:14.5998775Z     │
Elixir tests (mix credo + mix test)	mix test	2026-09-24T02:21:14.5999162Z     └─ nofile:3:1
Elixir tests (mix credo + mix test)	mix test	2026-09-24T02:21:14.5999669Z     (elixir 1.18.4) lib/code.ex:1031: Code.format_string!/2
Elixir tests (mix credo + mix test)	mix test	2026-09-24T02:21:14.6000864Z     (ggen_igniter 26.9.20) lib/ggen_igniter/reactors/reconcile_reactor.ex:1742: GgenIgniter.Reactors.ReconcileReactor.format_generated_content/2
Elixir tests (mix credo + mix test)	mix test	2026-09-24T02:21:14.6002856Z     (ggen_igniter 26.9.20) lib/ggen_igniter/reactors/reconcile_reactor.ex:1711: GgenIgniter.Reactors.ReconcileReactor.render_target/3
Elixir tests (mix credo + mix test)	mix test	2026-09-24T02:21:14.6003977Z     (elixir 1.18.4) lib/enum.ex:1714: Enum."-map/2-lists^map/1-1-"/2
Elixir tests (mix credo + mix test)	mix test	2026-09-24T02:21:14.6004881Z     (elixir 1.18.4) lib/enum.ex:1714: Enum."-map/2-lists^map/1-1-"/2
Elixir tests (mix credo + mix test)	mix test	2026-09-24T02:21:14.6005947Z     (ggen_igniter 26.9.20) lib/ggen_igniter/reactors/reconcile_reactor.ex:1504: GgenIgniter.Reactors.ReconcileReactor.build_plan/3
Elixir tests (mix credo + mix test)	mix test	2026-09-24T02:21:14.6007603Z     (ggen_igniter 26.9.20) lib/ggen_igniter/reactors/reconcile_reactor.ex:572: GgenIgniter.Reactors.ReconcileReactor.run_0_generated_A38A1C3F74D980A8408C5D13DA25283B/2
Elixir tests (mix credo + mix test)	mix test	2026-09-24T02:21:14.6008629Z     (reactor 1.0.6) lib/reactor/executor/step_runner.ex:169: Reactor.Executor.StepRunner.do_run/4
Elixir tests (mix credo + mix test)	mix test	2026-09-24T02:21:14.6009310Z     (reactor 1.0.6) lib/reactor/executor/step_runner.ex:58: Reactor.Executor.StepRunner.run/4
Elixir tests (mix credo + mix test)	mix test	2026-09-24T02:21:14.6010241Z     (reactor 1.0.6) lib/reactor/executor/sync.ex:23: Reactor.Executor.Sync.run/3
Elixir tests (mix credo + mix test)	mix test	2026-09-24T02:21:14.6011188Z     (reactor 1.0.6) lib/reactor/executor.ex:110: Reactor.Executor.execute/2
Elixir tests (mix credo + mix test)	mix test	2026-09-24T02:21:14.6012447Z     (ggen_igniter 26.9.20) lib/ggen_igniter/reactors/reconcile_reactor.ex:868: GgenIgniter.Reactors.ReconcileReactor.run/1
Elixir tests (mix credo + mix test)	mix test	2026-09-24T02:21:14.6015528Z     test/ggen_igniter_reconcile_reactor_inject_test.exs:370: GgenIgniter.ReconcileReactorInjectTest."test compensation restores an already-injected target's prior content a second target's real :verify failure reverts BOTH the inject splice and the write"/1
Elixir tests (mix credo + mix test)	mix test	2026-09-24T02:21:14.6017764Z     (ex_unit 1.18.4) lib/ex_unit/runner.ex:511: ExUnit.Runner.exec_test/2
Elixir tests (mix credo + mix test)	mix test	2026-09-24T02:21:14.6018403Z     (stdlib 6.2) timer.erl:595: :timer.tc/2
Elixir tests (mix credo + mix test)	mix test	2026-09-24T02:21:14.6018959Z     (ex_unit 1.18.4) lib/ex_unit/runner.ex:433: anonymous fn/6 in ExUnit.Runner.spawn_test_monitor/4
Elixir tests (mix credo + mix test)	mix test	2026-09-24T02:21:14.6019339Z 
Elixir tests (mix credo + mix test)	mix test	2026-09-24T02:23:38.8428305Z ..............
Elixir tests (mix credo + mix test)	mix test	2026-09-24T02:23:38.8430354Z 02:23:38.842 [warning] GgenIgniter.Reactors.ReconcileReactor: Code.format_string!/1 failed for /tmp/ggen_igniter_format_test_47170/lib/broken.ex -- writing unformatted content unchanged. Error: ** (MismatchedDelimiterError) mismatched delimiter found on nofile:3:1:
Elixir tests (mix credo + mix test)	mix test	2026-09-24T02:23:38.8432271Z     error: unexpected reserved word: end
Elixir tests (mix credo + mix test)	mix test	2026-09-24T02:23:38.8432905Z     │
Elixir tests (mix credo + mix test)	mix test	2026-09-24T02:23:38.8433282Z   2 │   def broken(
Elixir tests (mix credo + mix test)	mix test	2026-09-24T02:23:38.8433741Z     │             └ unclosed delimiter
Elixir tests (mix credo + mix test)	mix test	2026-09-24T02:23:38.8434191Z   3 │ end
Elixir tests (mix credo + mix test)	mix test	2026-09-24T02:23:38.8435011Z     │ └ mismatched closing delimiter (expected ")")
Elixir tests (mix credo + mix test)	mix test	2026-09-24T02:23:38.8435376Z     │
Elixir tests (mix credo + mix test)	mix test	2026-09-24T02:23:38.8435599Z     └─ nofile:3:1
Elixir tests (mix credo + mix test)	mix test	2026-09-24T02:23:38.8435878Z     (elixir 1.18.4) lib/code.ex:1031: Code.format_string!/2
Elixir tests (mix credo + mix test)	mix test	2026-09-24T02:23:38.8436584Z     (ggen_igniter 26.9.20) lib/ggen_igniter/reactors/reconcile_reactor.ex:1742: GgenIgniter.Reactors.ReconcileReactor.format_generated_content/2
Elixir tests (mix credo + mix test)	mix test	2026-09-24T02:23:38.8437537Z     (ggen_igniter 26.9.20) lib/ggen_igniter/reactors/reconcile_reactor.ex:1711: GgenIgniter.Reactors.ReconcileReactor.render_target/3
Elixir tests (mix credo + mix test)	mix test	2026-09-24T02:23:38.8438230Z     (elixir 1.18.4) lib/enum.ex:1714: Enum."-map/2-lists^map/1-1-"/2
Elixir tests (mix credo + mix test)	mix test	2026-09-24T02:23:38.8438885Z     (ggen_igniter 26.9.20) lib/ggen_igniter/reactors/reconcile_reactor.ex:1504: GgenIgniter.Reactors.ReconcileReactor.build_plan/3
Elixir tests (mix credo + mix test)	mix test	2026-09-24T02:23:38.8439886Z     (ggen_igniter 26.9.20) lib/ggen_igniter/reactors/reconcile_reactor.ex:572: GgenIgniter.Reactors.ReconcileReactor.run_0_generated_A38A1C3F74D980A8408C5D13DA25283B/2
Elixir tests (mix credo + mix test)	mix test	2026-09-24T02:23:38.8440774Z     (reactor 1.0.6) lib/reactor/executor/step_runner.ex:169: Reactor.Executor.StepRunner.do_run/4
Elixir tests (mix credo + mix test)	mix test	2026-09-24T02:23:38.8441405Z     (reactor 1.0.6) lib/reactor/executor/step_runner.ex:58: Reactor.Executor.StepRunner.run/4
Elixir tests (mix credo + mix test)	mix test	2026-09-24T02:23:38.8441968Z     (reactor 1.0.6) lib/reactor/executor/sync.ex:23: Reactor.Executor.Sync.run/3
Elixir tests (mix credo + mix test)	mix test	2026-09-24T02:23:38.8442465Z     (reactor 1.0.6) lib/reactor/executor.ex:110: Reactor.Executor.execute/2
Elixir tests (mix credo + mix test)	mix test	2026-09-24T02:23:38.8443115Z     (ggen_igniter 26.9.20) lib/ggen_igniter/reactors/reconcile_reactor.ex:868: GgenIgniter.Reactors.ReconcileReactor.run/1
Elixir tests (mix credo + mix test)	mix test	2026-09-24T02:23:38.8444938Z     test/ggen_igniter_reconcile_reactor_format_test.exs:232: GgenIgniter.ReconcileReactorFormatTest."test a Code.format_string!/1 failure never crashes or blocks the sync invalid Elixir is still written unformatted; mix compile is what fails the run"/1
Elixir tests (mix credo + mix test)	mix test	2026-09-24T02:23:38.8446084Z     (ex_unit 1.18.4) lib/ex_unit/runner.ex:511: ExUnit.Runner.exec_test/2
Elixir tests (mix credo + mix test)	mix test	2026-09-24T02:23:38.8446471Z     (stdlib 6.2) timer.erl:595: :timer.tc/2
Elixir tests (mix credo + mix test)	mix test	2026-09-24T02:23:38.8446943Z     (ex_unit 1.18.4) lib/ex_unit/runner.ex:433: anonymous fn/6 in ExUnit.Runner.spawn_test_monitor/4
Elixir tests (mix credo + mix test)	mix test	2026-09-24T02:23:38.8447307Z 
Elixir tests (mix credo + mix test)	mix test	2026-09-24T02:23:44.0363857Z ** (Mix) --pack is required
Elixir tests (mix credo + mix test)	mix test	2026-09-24T02:23:44.0364240Z 
Elixir tests (mix credo + mix test)	mix test	2026-09-24T02:23:44.0364669Z USAGE
Elixir tests (mix credo + mix test)	mix test	2026-09-24T02:23:44.0364875Z 
Elixir tests (mix credo + mix test)	mix test	2026-09-24T02:23:44.0365248Z     mix ggen_igniter.verify --pack PACK_DIR [--ontology PATH]
Elixir tests (mix credo + mix test)	mix test	2026-09-24T02:23:44.0365972Z                             [--cardinality PATH] [--json]
Elixir tests (mix credo + mix test)	mix test	2026-09-24T02:23:44.0366438Z 
Elixir tests (mix credo + mix test)	mix test	2026-09-24T02:23:44.0366815Z Runs a pack's fail-CLOSED checks: every `<pack>/verify/*.unbound.rq`
Elixir tests (mix credo + mix test)	mix test	2026-09-24T02:23:44.0367658Z inverted companion query (zero rows is the pass condition) plus the
Elixir tests (mix credo + mix test)	mix test	2026-09-24T02:23:44.0368460Z per-gate cardinality contract in `<pack>/verify/cardinality.json`.
Elixir tests (mix credo + mix test)	mix test	2026-09-24T02:23:44.0368921Z 
Elixir tests (mix credo + mix test)	mix test	2026-09-24T02:23:44.0369055Z FLAGS
Elixir tests (mix credo + mix test)	mix test	2026-09-24T02:23:44.0369223Z 
Elixir tests (mix credo + mix test)	mix test	2026-09-24T02:23:44.0369558Z     --pack, -p PATH         pack directory holding gates/ and verify/ (required)
Elixir tests (mix credo + mix test)	mix test	2026-09-24T02:23:44.0370793Z     --ontology, -o PATH     ontology to verify (default: <pack>/ontology.ttl)
Elixir tests (mix credo + mix test)	mix test	2026-09-24T02:23:44.0371636Z     --cardinality PATH      contract file (default: <pack>/verify/cardinality.json)
Elixir tests (mix credo + mix test)	mix test	2026-09-24T02:23:44.0373620Z     --json                  one JSON document on stdout
Elixir tests (mix credo + mix test)	mix test	2026-09-24T02:23:44.0373990Z     --help, -h              this text
Elixir tests (mix credo + mix test)	mix test	2026-09-24T02:23:44.0374175Z 
Elixir tests (mix credo + mix test)	mix test	2026-09-24T02:23:44.0374320Z Exits 0 when both checks pass, 1 otherwise.
Elixir tests (mix credo + mix test)	mix test	2026-09-24T02:23:44.0374880Z 
Elixir tests (mix credo + mix test)	mix test	2026-09-24T02:23:46.6155584Z ** (Mix) ggen_igniter.verify: pack did not verify (see findings above)
Elixir tests (mix credo + mix test)	mix test	2026-09-24T02:23:47.3066167Z ** (Mix) no pack directory at does/not/exist
Elixir tests (mix credo + mix test)	mix test	2026-09-24T02:23:48.0392712Z .........
Elixir tests (mix credo + mix test)	mix test	2026-09-24T02:23:48.0394322Z 02:23:48.039 [warning] GgenIgniter.Reactors.ReconcileReactor: Code.format_string!/1 failed for /tmp/ggen_igniter_reactor_test_47618/lib/existing.ex -- writing unformatted content unchanged. Error: ** (MismatchedDelimiterError) mismatched delimiter found on nofile:3:1:
Elixir tests (mix credo + mix test)	mix test	2026-09-24T02:23:48.0396553Z     error: unexpected reserved word: end
Elixir tests (mix credo + mix test)	mix test	2026-09-24T02:23:48.0397196Z     │
Elixir tests (mix credo + mix test)	mix test	2026-09-24T02:23:48.0397569Z   2 │   def broken(
Elixir tests (mix credo + mix test)	mix test	2026-09-24T02:23:48.0398022Z     │             └ unclosed delimiter
Elixir tests (mix credo + mix test)	mix test	2026-09-24T02:23:48.0398548Z   3 │ end
Elixir tests (mix credo + mix test)	mix test	2026-09-24T02:23:48.0398865Z     │ └ mismatched closing delimiter (expected ")")
Elixir tests (mix credo + mix test)	mix test	2026-09-24T02:23:48.0399201Z     │
Elixir tests (mix credo + mix test)	mix test	2026-09-24T02:23:48.0399602Z     └─ nofile:3:1
Elixir tests (mix credo + mix test)	mix test	2026-09-24T02:23:48.0400051Z     (elixir 1.18.4) lib/code.ex:1031: Code.format_string!/2
Elixir tests (mix credo + mix test)	mix test	2026-09-24T02:23:48.0400802Z     (ggen_igniter 26.9.20) lib/ggen_igniter/reactors/reconcile_reactor.ex:1742: GgenIgniter.Reactors.ReconcileReactor.format_generated_content/2
Elixir tests (mix credo + mix test)	mix test	2026-09-24T02:23:48.0401751Z     (ggen_igniter 26.9.20) lib/ggen_igniter/reactors/reconcile_reactor.ex:1711: GgenIgniter.Reactors.ReconcileReactor.render_target/3
Elixir tests (mix credo + mix test)	mix test	2026-09-24T02:23:48.0402423Z     (elixir 1.18.4) lib/enum.ex:1714: Enum."-map/2-lists^map/1-1-"/2
Elixir tests (mix credo + mix test)	mix test	2026-09-24T02:23:48.0403077Z     (ggen_igniter 26.9.20) lib/ggen_igniter/reactors/reconcile_reactor.ex:1504: GgenIgniter.Reactors.ReconcileReactor.build_plan/3
Elixir tests (mix credo + mix test)	mix test	2026-09-24T02:23:48.0404244Z     (ggen_igniter 26.9.20) lib/ggen_igniter/reactors/reconcile_reactor.ex:572: GgenIgniter.Reactors.ReconcileReactor.run_0_generated_A38A1C3F74D980A8408C5D13DA25283B/2
Elixir tests (mix credo + mix test)	mix test	2026-09-24T02:23:48.0405548Z     (reactor 1.0.6) lib/reactor/executor/step_runner.ex:169: Reactor.Executor.StepRunner.do_run/4
Elixir tests (mix credo + mix test)	mix test	2026-09-24T02:23:48.0406522Z     (reactor 1.0.6) lib/reactor/executor/step_runner.ex:58: Reactor.Executor.StepRunner.run/4
Elixir tests (mix credo + mix test)	mix test	2026-09-24T02:23:48.0419505Z     (reactor 1.0.6) lib/reactor/executor/sync.ex:23: Reactor.Executor.Sync.run/3
Elixir tests (mix credo + mix test)	mix test	2026-09-24T02:23:48.0420397Z     (reactor 1.0.6) lib/reactor/executor.ex:110: Reactor.Executor.execute/2
Elixir tests (mix credo + mix test)	mix test	2026-09-24T02:23:48.0421520Z     (ggen_igniter 26.9.20) lib/ggen_igniter/reactors/reconcile_reactor.ex:868: GgenIgniter.Reactors.ReconcileReactor.run/1
Elixir tests (mix credo + mix test)	mix test	2026-09-24T02:23:48.0423760Z     test/ggen_igniter_reconcile_reactor_test.exs:256: GgenIgniter.ReconcileReactorTest."test a real failure at :verify reverts every file :actuate wrote restores pre-existing content, deletes the new file, and persists a real :build_broken receipt"/1
Elixir tests (mix credo + mix test)	mix test	2026-09-24T02:23:48.0428770Z     (ex_unit 1.18.4) lib/ex_unit/runner.ex:511: ExUnit.Runner.exec_test/2
Elixir tests (mix credo + mix test)	mix test	2026-09-24T02:23:48.0429461Z     (stdlib 6.2) timer.erl:595: :timer.tc/2
Elixir tests (mix credo + mix test)	mix test	2026-09-24T02:23:48.0430263Z     (ex_unit 1.18.4) lib/ex_unit/runner.ex:433: anonymous fn/6 in ExUnit.Runner.spawn_test_monitor/4
Elixir tests (mix credo + mix test)	mix test	2026-09-24T02:23:48.0430917Z 
Elixir tests (mix credo + mix test)	mix test	2026-09-24T02:23:48.0430953Z 
Elixir tests (mix credo + mix test)	mix test	2026-09-24T02:23:48.0432588Z 02:23:48.041 [warning] GgenIgniter.Reactors.ReconcileReactor: Code.format_string!/1 failed for /tmp/ggen_igniter_reactor_test_47618/lib/new_from_run.ex -- writing unformatted content unchanged. Error: ** (MismatchedDelimiterError) mismatched delimiter found on nofile:3:1:
Elixir tests (mix credo + mix test)	mix test	2026-09-24T02:23:48.0434715Z     error: unexpected reserved word: end
Elixir tests (mix credo + mix test)	mix test	2026-09-24T02:23:48.0435236Z     │
Elixir tests (mix credo + mix test)	mix test	2026-09-24T02:23:48.0435632Z   2 │   def broken(
Elixir tests (mix credo + mix test)	mix test	2026-09-24T02:23:48.0436088Z     │             └ unclosed delimiter
Elixir tests (mix credo + mix test)	mix test	2026-09-24T02:23:48.0436841Z   3 │ end
Elixir tests (mix credo + mix test)	mix test	2026-09-24T02:23:48.0437344Z     │ └ mismatched closing delimiter (expected ")")
Elixir tests (mix credo + mix test)	mix test	2026-09-24T02:23:48.0437943Z     │
Elixir tests (mix credo + mix test)	mix test	2026-09-24T02:23:48.0438378Z     └─ nofile:3:1
Elixir tests (mix credo + mix test)	mix test	2026-09-24T02:23:48.0438849Z     (elixir 1.18.4) lib/code.ex:1031: Code.format_string!/2
Elixir tests (mix credo + mix test)	mix test	2026-09-24T02:23:48.0440113Z     (ggen_igniter 26.9.20) lib/ggen_igniter/reactors/reconcile_reactor.ex:1742: GgenIgniter.Reactors.ReconcileReactor.format_generated_content/2
Elixir tests (mix credo + mix test)	mix test	2026-09-24T02:23:48.0441905Z     (ggen_igniter 26.9.20) lib/ggen_igniter/reactors/reconcile_reactor.ex:1711: GgenIgniter.Reactors.ReconcileReactor.render_target/3
Elixir tests (mix credo + mix test)	mix test	2026-09-24T02:23:48.0443046Z     (elixir 1.18.4) lib/enum.ex:1714: Enum."-map/2-lists^map/1-1-"/2
Elixir tests (mix credo + mix test)	mix test	2026-09-24T02:23:48.0443501Z     (elixir 1.18.4) lib/enum.ex:1714: Enum."-map/2-lists^map/1-1-"/2
Elixir tests (mix credo + mix test)	mix test	2026-09-24T02:23:48.0444702Z     (ggen_igniter 26.9.20) lib/ggen_igniter/reactors/reconcile_reactor.ex:1504: GgenIgniter.Reactors.ReconcileReactor.build_plan/3
Elixir tests (mix credo + mix test)	mix test	2026-09-24T02:23:48.0446419Z     (ggen_igniter 26.9.20) lib/ggen_igniter/reactors/reconcile_reactor.ex:572: GgenIgniter.Reactors.ReconcileReactor.run_0_generated_A38A1C3F74D980A8408C5D13DA25283B/2
Elixir tests (mix credo + mix test)	mix test	2026-09-24T02:23:48.0448099Z     (reactor 1.0.6) lib/reactor/executor/step_runner.ex:169: Reactor.Executor.StepRunner.do_run/4
Elixir tests (mix credo + mix test)	mix test	2026-09-24T02:23:48.0449285Z     (reactor 1.0.6) lib/reactor/executor/step_runner.ex:58: Reactor.Executor.StepRunner.run/4
Elixir tests (mix credo + mix test)	mix test	2026-09-24T02:23:48.0450320Z     (reactor 1.0.6) lib/reactor/executor/sync.ex:23: Reactor.Executor.Sync.run/3
Elixir tests (mix credo + mix test)	mix test	2026-09-24T02:23:48.0451250Z     (reactor 1.0.6) lib/reactor/executor.ex:110: Reactor.Executor.execute/2
Elixir tests (mix credo + mix test)	mix test	2026-09-24T02:23:48.0452420Z     (ggen_igniter 26.9.20) lib/ggen_igniter/reactors/reconcile_reactor.ex:868: GgenIgniter.Reactors.ReconcileReactor.run/1
Elixir tests (mix credo + mix test)	mix test	2026-09-24T02:23:48.0454847Z     test/ggen_igniter_reconcile_reactor_test.exs:256: GgenIgniter.ReconcileReactorTest."test a real failure at :verify reverts every file :actuate wrote restores pre-existing content, deletes the new file, and persists a real :build_broken receipt"/1
Elixir tests (mix credo + mix test)	mix test	2026-09-24T02:23:48.0456744Z     (ex_unit 1.18.4) lib/ex_unit/runner.ex:511: ExUnit.Runner.exec_test/2
Elixir tests (mix credo + mix test)	mix test	2026-09-24T02:23:48.0457386Z     (stdlib 6.2) timer.erl:595: :timer.tc/2
Elixir tests (mix credo + mix test)	mix test	2026-09-24T02:23:48.0458145Z     (ex_unit 1.18.4) lib/ex_unit/runner.ex:433: anonymous fn/6 in ExUnit.Runner.spawn_test_monitor/4
Elixir tests (mix credo + mix test)	mix test	2026-09-24T02:23:48.0458773Z 
Elixir tests (mix credo + mix test)	mix test	2026-09-24T02:29:49.7246747Z ##[error]The operation was canceled.
Elixir tests (mix credo + mix test)	Post Checkout	﻿2026-09-24T02:29:49.7407579Z Post job cleanup.
Elixir tests (mix credo + mix test)	Post Checkout	2026-09-24T02:29:49.8726774Z [command]/usr/bin/git version
Elixir tests (mix credo + mix test)	Post Checkout	2026-09-24T02:29:49.8745326Z git version 2.55.0
Elixir tests (mix credo + mix test)	Post Checkout	2026-09-24T02:29:49.8815883Z Temporarily overriding HOME='/home/runner/work/_temp/a9d1f8f9-ad3b-4639-be85-4274f50a0f05' before making global git config changes
Elixir tests (mix credo + mix test)	Post Checkout	2026-09-24T02:29:49.8865593Z Adding repository directory to the temporary git global config as a safe directory
Elixir tests (mix credo + mix test)	Post Checkout	2026-09-24T02:29:49.8875758Z [command]/usr/bin/git config --global --add safe.directory /home/runner/work/ggen_igniter/ggen_igniter
Elixir tests (mix credo + mix test)	Post Checkout	2026-09-24T02:29:49.8892645Z Removing SSH command configuration
Elixir tests (mix credo + mix test)	Post Checkout	2026-09-24T02:29:49.8893619Z [command]/usr/bin/git config --local --name-only --get-regexp core\.sshCommand
Elixir tests (mix credo + mix test)	Post Checkout	2026-09-24T02:29:49.8912087Z [command]/usr/bin/git submodule foreach --recursive sh -c "git config --local --name-only --get-regexp 'core\.sshCommand' && git config --local --unset-all 'core.sshCommand' || :"
Elixir tests (mix credo + mix test)	Post Checkout	2026-09-24T02:29:49.9276353Z Removing HTTP extra header
Elixir tests (mix credo + mix test)	Post Checkout	2026-09-24T02:29:49.9277562Z [command]/usr/bin/git config --local --name-only --get-regexp http\.https\:\/\/github\.com\/\.extraheader
Elixir tests (mix credo + mix test)	Post Checkout	2026-09-24T02:29:49.9375878Z [command]/usr/bin/git submodule foreach --recursive sh -c "git config --local --name-only --get-regexp 'http\.https\:\/\/github\.com\/\.extraheader' && git config --local --unset-all 'http.https://github.com/.extraheader' || :"
Elixir tests (mix credo + mix test)	Post Checkout	2026-09-24T02:29:49.9848405Z Removing includeIf entries pointing to credentials config files
Elixir tests (mix credo + mix test)	Post Checkout	2026-09-24T02:29:49.9850320Z [command]/usr/bin/git config --local --name-only --get-regexp ^includeIf\.gitdir:
Elixir tests (mix credo + mix test)	Post Checkout	2026-09-24T02:29:50.0211838Z [command]/usr/bin/git submodule foreach --recursive git config --local --show-origin --name-only --get-regexp remote.origin.url
Elixir tests (mix credo + mix test)	Complete job	﻿2026-09-24T02:29:50.0341318Z Cleaning up orphan processes
Elixir tests (mix credo + mix test)	Complete job	2026-09-24T02:29:50.0698528Z Terminate orphan process: pid (6240) (beam.smp)
Elixir tests (mix credo + mix test)	Complete job	2026-09-24T02:29:50.0757879Z Terminate orphan process: pid (6254) (erl_child_setup)
Elixir tests (mix credo + mix test)	Complete job	2026-09-24T02:29:50.0816823Z Terminate orphan process: pid (6277) (sh)
Elixir tests (mix credo + mix test)	Complete job	2026-09-24T02:29:50.0852650Z Terminate orphan process: pid (6279) (memsup)
Elixir tests (mix credo + mix test)	Complete job	2026-09-24T02:29:50.0932307Z Terminate orphan process: pid (11294) (beam.smp)
Elixir tests (mix credo + mix test)	Complete job	2026-09-24T02:29:50.0954983Z Terminate orphan process: pid (11308) (erl_child_setup)
Elixir tests (mix credo + mix test)	Complete job	2026-09-24T02:29:50.0962301Z ##[warning]Node.js 20 is deprecated. The following actions target Node.js 20 but are being forced to run on Node.js 24: actions/cache@0057852bfaa89a56745cba8c7296529d2fc39830. For more information see: https://github.blog/changelog/2025-09-19-deprecation-of-node-20-on-github-actions-runners/
