Elixir tests (mix credo + mix test)	UNKNOWN STEP	﻿2026-09-24T02:34:27.9920152Z Current runner version: '2.337.0'
Elixir tests (mix credo + mix test)	UNKNOWN STEP	2026-09-24T02:34:27.9943983Z ##[group]Runner Image Provisioner
Elixir tests (mix credo + mix test)	UNKNOWN STEP	2026-09-24T02:34:27.9944976Z Hosted Compute Agent
Elixir tests (mix credo + mix test)	UNKNOWN STEP	2026-09-24T02:34:27.9945537Z Version: 20260828.587
Elixir tests (mix credo + mix test)	UNKNOWN STEP	2026-09-24T02:34:27.9946367Z Commit: abac92662cab4cc7352de4f9f9d2e2419aad9c29
Elixir tests (mix credo + mix test)	UNKNOWN STEP	2026-09-24T02:34:27.9947112Z Build Date: 2026-08-28T16:44:25Z
Elixir tests (mix credo + mix test)	UNKNOWN STEP	2026-09-24T02:34:27.9947780Z Worker ID: {fadec7c7-192c-45e0-baf1-99547ed41efa}
Elixir tests (mix credo + mix test)	UNKNOWN STEP	2026-09-24T02:34:27.9948521Z Azure Region: centralus
Elixir tests (mix credo + mix test)	UNKNOWN STEP	2026-09-24T02:34:27.9949074Z ##[endgroup]
Elixir tests (mix credo + mix test)	UNKNOWN STEP	2026-09-24T02:34:27.9950666Z ##[group]Operating System
Elixir tests (mix credo + mix test)	UNKNOWN STEP	2026-09-24T02:34:27.9951337Z Ubuntu
Elixir tests (mix credo + mix test)	UNKNOWN STEP	2026-09-24T02:34:27.9951832Z 24.04.5
Elixir tests (mix credo + mix test)	UNKNOWN STEP	2026-09-24T02:34:27.9952354Z LTS
Elixir tests (mix credo + mix test)	UNKNOWN STEP	2026-09-24T02:34:27.9952842Z ##[endgroup]
Elixir tests (mix credo + mix test)	UNKNOWN STEP	2026-09-24T02:34:27.9953343Z ##[group]Runner Image
Elixir tests (mix credo + mix test)	UNKNOWN STEP	2026-09-24T02:34:27.9953944Z Image: ubuntu-24.04
Elixir tests (mix credo + mix test)	UNKNOWN STEP	2026-09-24T02:34:27.9954478Z Version: 20260907.300.1
Elixir tests (mix credo + mix test)	UNKNOWN STEP	2026-09-24T02:34:27.9956040Z Included Software: https://github.com/actions/runner-images/blob/ubuntu24/20260907.300/images/ubuntu/Ubuntu2404-Readme.md
Elixir tests (mix credo + mix test)	UNKNOWN STEP	2026-09-24T02:34:27.9957707Z Image Release: https://github.com/actions/runner-images/releases/tag/ubuntu24%2F20260907.300
Elixir tests (mix credo + mix test)	UNKNOWN STEP	2026-09-24T02:34:27.9958703Z ##[endgroup]
Elixir tests (mix credo + mix test)	UNKNOWN STEP	2026-09-24T02:34:27.9959800Z ##[group]GITHUB_TOKEN Permissions
Elixir tests (mix credo + mix test)	UNKNOWN STEP	2026-09-24T02:34:27.9961793Z Contents: read
Elixir tests (mix credo + mix test)	UNKNOWN STEP	2026-09-24T02:34:27.9962338Z Metadata: read
Elixir tests (mix credo + mix test)	UNKNOWN STEP	2026-09-24T02:34:27.9962885Z ##[endgroup]
Elixir tests (mix credo + mix test)	UNKNOWN STEP	2026-09-24T02:34:27.9965038Z Secret source: Actions
Elixir tests (mix credo + mix test)	UNKNOWN STEP	2026-09-24T02:34:27.9966482Z Cache mode: write
Elixir tests (mix credo + mix test)	UNKNOWN STEP	2026-09-24T02:34:27.9967186Z Prepare workflow directory
Elixir tests (mix credo + mix test)	UNKNOWN STEP	2026-09-24T02:34:28.0279064Z Prepare all required actions
Elixir tests (mix credo + mix test)	UNKNOWN STEP	2026-09-24T02:34:28.0326801Z Getting action download info
Elixir tests (mix credo + mix test)	UNKNOWN STEP	2026-09-24T02:34:28.3222771Z Download action repository 'actions/checkout@d23441a48e516b6c34aea4fa41551a30e30af803' (SHA:d23441a48e516b6c34aea4fa41551a30e30af803)
Elixir tests (mix credo + mix test)	UNKNOWN STEP	2026-09-24T02:34:28.4371825Z Download action repository 'erlef/setup-beam@54075bcc5e249e4758d363f27d099f55d843f124' (SHA:54075bcc5e249e4758d363f27d099f55d843f124)
Elixir tests (mix credo + mix test)	UNKNOWN STEP	2026-09-24T02:34:28.8119322Z Download action repository 'actions/cache@0057852bfaa89a56745cba8c7296529d2fc39830' (SHA:0057852bfaa89a56745cba8c7296529d2fc39830)
Elixir tests (mix credo + mix test)	UNKNOWN STEP	2026-09-24T02:34:29.0462300Z Complete job name: Elixir tests (mix credo + mix test)
Elixir tests (mix credo + mix test)	UNKNOWN STEP	2026-09-24T02:34:29.1302196Z ##[group]Run actions/checkout@d23441a48e516b6c34aea4fa41551a30e30af803
Elixir tests (mix credo + mix test)	UNKNOWN STEP	2026-09-24T02:34:29.1303331Z with:
Elixir tests (mix credo + mix test)	UNKNOWN STEP	2026-09-24T02:34:29.1303899Z   persist-credentials: false
Elixir tests (mix credo + mix test)	UNKNOWN STEP	2026-09-24T02:34:29.1304629Z   repository: seanchatmangpt/ggen_igniter
Elixir tests (mix credo + mix test)	UNKNOWN STEP	2026-09-24T02:34:29.1309847Z   token: ***
Elixir tests (mix credo + mix test)	UNKNOWN STEP	2026-09-24T02:34:29.1310441Z   ssh-strict: true
Elixir tests (mix credo + mix test)	UNKNOWN STEP	2026-09-24T02:34:29.1311008Z   ssh-user: git
Elixir tests (mix credo + mix test)	UNKNOWN STEP	2026-09-24T02:34:29.1311540Z   clean: true
Elixir tests (mix credo + mix test)	UNKNOWN STEP	2026-09-24T02:34:29.1312134Z   sparse-checkout-cone-mode: true
Elixir tests (mix credo + mix test)	UNKNOWN STEP	2026-09-24T02:34:29.1312804Z   fetch-depth: 1
Elixir tests (mix credo + mix test)	UNKNOWN STEP	2026-09-24T02:34:29.1313363Z   fetch-tags: false
Elixir tests (mix credo + mix test)	UNKNOWN STEP	2026-09-24T02:34:29.1313957Z   show-progress: true
Elixir tests (mix credo + mix test)	UNKNOWN STEP	2026-09-24T02:34:29.1314523Z   lfs: false
Elixir tests (mix credo + mix test)	UNKNOWN STEP	2026-09-24T02:34:29.1315116Z   submodules: false
Elixir tests (mix credo + mix test)	UNKNOWN STEP	2026-09-24T02:34:29.1315797Z   set-safe-directory: true
Elixir tests (mix credo + mix test)	UNKNOWN STEP	2026-09-24T02:34:29.1316487Z   allow-unsafe-pr-checkout: false
Elixir tests (mix credo + mix test)	UNKNOWN STEP	2026-09-24T02:34:29.1317395Z ##[endgroup]
Elixir tests (mix credo + mix test)	UNKNOWN STEP	2026-09-24T02:34:29.2354887Z Syncing repository: seanchatmangpt/ggen_igniter
Elixir tests (mix credo + mix test)	UNKNOWN STEP	2026-09-24T02:34:29.2357901Z ##[group]Getting Git version info
Elixir tests (mix credo + mix test)	UNKNOWN STEP	2026-09-24T02:34:29.2359159Z Working directory is '/home/runner/work/ggen_igniter/ggen_igniter'
Elixir tests (mix credo + mix test)	UNKNOWN STEP	2026-09-24T02:34:29.2360578Z [command]/usr/bin/git version
Elixir tests (mix credo + mix test)	UNKNOWN STEP	2026-09-24T02:34:29.2408835Z git version 2.55.0
Elixir tests (mix credo + mix test)	UNKNOWN STEP	2026-09-24T02:34:29.2437539Z ##[endgroup]
Elixir tests (mix credo + mix test)	UNKNOWN STEP	2026-09-24T02:34:29.2448005Z Temporarily overriding HOME='/home/runner/work/_temp/bf22d22c-1b38-454e-b84a-71f9ecce8580' before making global git config changes
Elixir tests (mix credo + mix test)	UNKNOWN STEP	2026-09-24T02:34:29.2450863Z Adding repository directory to the temporary git global config as a safe directory
Elixir tests (mix credo + mix test)	UNKNOWN STEP	2026-09-24T02:34:29.2453735Z [command]/usr/bin/git config --global --add safe.directory /home/runner/work/ggen_igniter/ggen_igniter
Elixir tests (mix credo + mix test)	UNKNOWN STEP	2026-09-24T02:34:29.2510894Z Deleting the contents of '/home/runner/work/ggen_igniter/ggen_igniter'
Elixir tests (mix credo + mix test)	UNKNOWN STEP	2026-09-24T02:34:29.2516613Z ##[group]Determining repository object format
Elixir tests (mix credo + mix test)	UNKNOWN STEP	2026-09-24T02:34:29.2530650Z ##[endgroup]
Elixir tests (mix credo + mix test)	UNKNOWN STEP	2026-09-24T02:34:29.2532388Z ##[group]Initializing the repository
Elixir tests (mix credo + mix test)	UNKNOWN STEP	2026-09-24T02:34:29.2534061Z [command]/usr/bin/git init /home/runner/work/ggen_igniter/ggen_igniter
Elixir tests (mix credo + mix test)	UNKNOWN STEP	2026-09-24T02:34:29.2655422Z hint: Using 'master' as the name for the initial branch. This default branch name
Elixir tests (mix credo + mix test)	UNKNOWN STEP	2026-09-24T02:34:29.2657676Z hint: will change to "main" in Git 3.0. To configure the initial branch name
Elixir tests (mix credo + mix test)	UNKNOWN STEP	2026-09-24T02:34:29.2659922Z hint: to use in all of your new repositories, which will suppress this warning,
Elixir tests (mix credo + mix test)	UNKNOWN STEP	2026-09-24T02:34:29.2661682Z hint: call:
Elixir tests (mix credo + mix test)	UNKNOWN STEP	2026-09-24T02:34:29.2662643Z hint:
Elixir tests (mix credo + mix test)	UNKNOWN STEP	2026-09-24T02:34:29.2663780Z hint: 	git config --global init.defaultBranch <name>
Elixir tests (mix credo + mix test)	UNKNOWN STEP	2026-09-24T02:34:29.2665184Z hint:
Elixir tests (mix credo + mix test)	UNKNOWN STEP	2026-09-24T02:34:29.2666658Z hint: Names commonly chosen instead of 'master' are 'main', 'trunk' and
Elixir tests (mix credo + mix test)	UNKNOWN STEP	2026-09-24T02:34:29.2668465Z hint: 'development'. The just-created branch can be renamed via this command:
Elixir tests (mix credo + mix test)	UNKNOWN STEP	2026-09-24T02:34:29.2670088Z hint:
Elixir tests (mix credo + mix test)	UNKNOWN STEP	2026-09-24T02:34:29.2671036Z hint: 	git branch -m <name>
Elixir tests (mix credo + mix test)	UNKNOWN STEP	2026-09-24T02:34:29.2672274Z hint:
Elixir tests (mix credo + mix test)	UNKNOWN STEP	2026-09-24T02:34:29.2673636Z hint: Disable this message with "git config set advice.defaultBranchName false"
Elixir tests (mix credo + mix test)	UNKNOWN STEP	2026-09-24T02:34:29.2677904Z Initialized empty Git repository in /home/runner/work/ggen_igniter/ggen_igniter/.git/
Elixir tests (mix credo + mix test)	UNKNOWN STEP	2026-09-24T02:34:29.2681480Z [command]/usr/bin/git remote add origin https://github.com/seanchatmangpt/ggen_igniter
Elixir tests (mix credo + mix test)	UNKNOWN STEP	2026-09-24T02:34:29.2719530Z ##[endgroup]
Elixir tests (mix credo + mix test)	UNKNOWN STEP	2026-09-24T02:34:29.2721325Z ##[group]Disabling automatic garbage collection
Elixir tests (mix credo + mix test)	UNKNOWN STEP	2026-09-24T02:34:29.2722754Z [command]/usr/bin/git config --local gc.auto 0
Elixir tests (mix credo + mix test)	UNKNOWN STEP	2026-09-24T02:34:29.2752522Z ##[endgroup]
Elixir tests (mix credo + mix test)	UNKNOWN STEP	2026-09-24T02:34:29.2754465Z ##[group]Setting up auth
Elixir tests (mix credo + mix test)	UNKNOWN STEP	2026-09-24T02:34:29.2756758Z Removing SSH command configuration
Elixir tests (mix credo + mix test)	UNKNOWN STEP	2026-09-24T02:34:29.2759874Z [command]/usr/bin/git config --local --name-only --get-regexp core\.sshCommand
Elixir tests (mix credo + mix test)	UNKNOWN STEP	2026-09-24T02:34:29.2790298Z [command]/usr/bin/git submodule foreach --recursive sh -c "git config --local --name-only --get-regexp 'core\.sshCommand' && git config --local --unset-all 'core.sshCommand' || :"
Elixir tests (mix credo + mix test)	UNKNOWN STEP	2026-09-24T02:34:29.3112790Z Removing HTTP extra header
Elixir tests (mix credo + mix test)	UNKNOWN STEP	2026-09-24T02:34:29.3121667Z [command]/usr/bin/git config --local --name-only --get-regexp http\.https\:\/\/github\.com\/\.extraheader
Elixir tests (mix credo + mix test)	UNKNOWN STEP	2026-09-24T02:34:29.3152440Z [command]/usr/bin/git submodule foreach --recursive sh -c "git config --local --name-only --get-regexp 'http\.https\:\/\/github\.com\/\.extraheader' && git config --local --unset-all 'http.https://github.com/.extraheader' || :"
Elixir tests (mix credo + mix test)	UNKNOWN STEP	2026-09-24T02:34:29.3346924Z Removing includeIf entries pointing to credentials config files
Elixir tests (mix credo + mix test)	UNKNOWN STEP	2026-09-24T02:34:29.3353892Z [command]/usr/bin/git config --local --name-only --get-regexp ^includeIf\.gitdir:
Elixir tests (mix credo + mix test)	UNKNOWN STEP	2026-09-24T02:34:29.3383312Z [command]/usr/bin/git submodule foreach --recursive git config --local --show-origin --name-only --get-regexp remote.origin.url
Elixir tests (mix credo + mix test)	UNKNOWN STEP	2026-09-24T02:34:29.3561071Z [command]/usr/bin/git config --file /home/runner/work/_temp/git-credentials-d054c962-5da9-4454-b786-9032ae6aa625.config http.https://github.com/.extraheader AUTHORIZATION: basic ***
Elixir tests (mix credo + mix test)	UNKNOWN STEP	2026-09-24T02:34:29.3593966Z [command]/usr/bin/git config --local includeIf.gitdir:/home/runner/work/ggen_igniter/ggen_igniter/.git.path /home/runner/work/_temp/git-credentials-d054c962-5da9-4454-b786-9032ae6aa625.config
Elixir tests (mix credo + mix test)	UNKNOWN STEP	2026-09-24T02:34:29.3620569Z [command]/usr/bin/git config --local includeIf.gitdir:/home/runner/work/ggen_igniter/ggen_igniter/.git/worktrees/*.path /home/runner/work/_temp/git-credentials-d054c962-5da9-4454-b786-9032ae6aa625.config
Elixir tests (mix credo + mix test)	UNKNOWN STEP	2026-09-24T02:34:29.3649730Z [command]/usr/bin/git config --local includeIf.gitdir:/github/workspace/.git.path /github/runner_temp/git-credentials-d054c962-5da9-4454-b786-9032ae6aa625.config
Elixir tests (mix credo + mix test)	UNKNOWN STEP	2026-09-24T02:34:29.3676125Z [command]/usr/bin/git config --local includeIf.gitdir:/github/workspace/.git/worktrees/*.path /github/runner_temp/git-credentials-d054c962-5da9-4454-b786-9032ae6aa625.config
Elixir tests (mix credo + mix test)	UNKNOWN STEP	2026-09-24T02:34:29.3702623Z ##[endgroup]
Elixir tests (mix credo + mix test)	UNKNOWN STEP	2026-09-24T02:34:29.3703894Z ##[group]Fetching the repository
Elixir tests (mix credo + mix test)	UNKNOWN STEP	2026-09-24T02:34:29.3710075Z [command]/usr/bin/git -c protocol.version=2 fetch --no-tags --prune --no-recurse-submodules --depth=1 origin +6c335f0da3c2a1d9e7d57729b9a667973bf3f1b0:refs/remotes/origin/v23/R2-GI-PROBE-ISOLATION
Elixir tests (mix credo + mix test)	UNKNOWN STEP	2026-09-24T02:34:30.8701200Z From https://github.com/seanchatmangpt/ggen_igniter
Elixir tests (mix credo + mix test)	UNKNOWN STEP	2026-09-24T02:34:30.8703520Z  * [new ref]         6c335f0da3c2a1d9e7d57729b9a667973bf3f1b0 -> origin/v23/R2-GI-PROBE-ISOLATION
Elixir tests (mix credo + mix test)	UNKNOWN STEP	2026-09-24T02:34:30.8712296Z [command]/usr/bin/git branch --list --remote origin/v23/R2-GI-PROBE-ISOLATION
Elixir tests (mix credo + mix test)	UNKNOWN STEP	2026-09-24T02:34:30.8738553Z   origin/v23/R2-GI-PROBE-ISOLATION
Elixir tests (mix credo + mix test)	UNKNOWN STEP	2026-09-24T02:34:30.8746604Z [command]/usr/bin/git rev-parse refs/remotes/origin/v23/R2-GI-PROBE-ISOLATION
Elixir tests (mix credo + mix test)	UNKNOWN STEP	2026-09-24T02:34:30.8769823Z 6c335f0da3c2a1d9e7d57729b9a667973bf3f1b0
Elixir tests (mix credo + mix test)	UNKNOWN STEP	2026-09-24T02:34:30.8773883Z ##[endgroup]
Elixir tests (mix credo + mix test)	UNKNOWN STEP	2026-09-24T02:34:30.8775553Z ##[group]Determining the checkout info
Elixir tests (mix credo + mix test)	UNKNOWN STEP	2026-09-24T02:34:30.8777806Z ##[endgroup]
Elixir tests (mix credo + mix test)	UNKNOWN STEP	2026-09-24T02:34:30.8778864Z [command]/usr/bin/git sparse-checkout disable
Elixir tests (mix credo + mix test)	UNKNOWN STEP	2026-09-24T02:34:30.8820695Z [command]/usr/bin/git config --local --unset-all extensions.worktreeConfig
Elixir tests (mix credo + mix test)	UNKNOWN STEP	2026-09-24T02:34:30.8845256Z ##[group]Checking out the ref
Elixir tests (mix credo + mix test)	UNKNOWN STEP	2026-09-24T02:34:30.8848724Z [command]/usr/bin/git checkout --progress --force -B v23/R2-GI-PROBE-ISOLATION refs/remotes/origin/v23/R2-GI-PROBE-ISOLATION
Elixir tests (mix credo + mix test)	UNKNOWN STEP	2026-09-24T02:34:30.9517150Z Switched to a new branch 'v23/R2-GI-PROBE-ISOLATION'
Elixir tests (mix credo + mix test)	UNKNOWN STEP	2026-09-24T02:34:30.9521412Z branch 'v23/R2-GI-PROBE-ISOLATION' set up to track 'origin/v23/R2-GI-PROBE-ISOLATION'.
Elixir tests (mix credo + mix test)	UNKNOWN STEP	2026-09-24T02:34:30.9537507Z ##[endgroup]
Elixir tests (mix credo + mix test)	UNKNOWN STEP	2026-09-24T02:34:30.9579262Z [command]/usr/bin/git log -1 --format=%H
Elixir tests (mix credo + mix test)	UNKNOWN STEP	2026-09-24T02:34:30.9604013Z 6c335f0da3c2a1d9e7d57729b9a667973bf3f1b0
Elixir tests (mix credo + mix test)	UNKNOWN STEP	2026-09-24T02:34:30.9613848Z ##[group]Removing auth
Elixir tests (mix credo + mix test)	UNKNOWN STEP	2026-09-24T02:34:30.9614610Z Removing SSH command configuration
Elixir tests (mix credo + mix test)	UNKNOWN STEP	2026-09-24T02:34:30.9618760Z [command]/usr/bin/git config --local --name-only --get-regexp core\.sshCommand
Elixir tests (mix credo + mix test)	UNKNOWN STEP	2026-09-24T02:34:30.9649747Z [command]/usr/bin/git submodule foreach --recursive sh -c "git config --local --name-only --get-regexp 'core\.sshCommand' && git config --local --unset-all 'core.sshCommand' || :"
Elixir tests (mix credo + mix test)	UNKNOWN STEP	2026-09-24T02:34:30.9853900Z Removing HTTP extra header
Elixir tests (mix credo + mix test)	UNKNOWN STEP	2026-09-24T02:34:30.9858048Z [command]/usr/bin/git config --local --name-only --get-regexp http\.https\:\/\/github\.com\/\.extraheader
Elixir tests (mix credo + mix test)	UNKNOWN STEP	2026-09-24T02:34:30.9886922Z [command]/usr/bin/git submodule foreach --recursive sh -c "git config --local --name-only --get-regexp 'http\.https\:\/\/github\.com\/\.extraheader' && git config --local --unset-all 'http.https://github.com/.extraheader' || :"
Elixir tests (mix credo + mix test)	UNKNOWN STEP	2026-09-24T02:34:31.0064369Z Removing includeIf entries pointing to credentials config files
Elixir tests (mix credo + mix test)	UNKNOWN STEP	2026-09-24T02:34:31.0068030Z [command]/usr/bin/git config --local --name-only --get-regexp ^includeIf\.gitdir:
Elixir tests (mix credo + mix test)	UNKNOWN STEP	2026-09-24T02:34:31.0092783Z includeif.gitdir:/home/runner/work/ggen_igniter/ggen_igniter/.git.path
Elixir tests (mix credo + mix test)	UNKNOWN STEP	2026-09-24T02:34:31.0094059Z includeif.gitdir:/home/runner/work/ggen_igniter/ggen_igniter/.git/worktrees/*.path
Elixir tests (mix credo + mix test)	UNKNOWN STEP	2026-09-24T02:34:31.0094932Z includeif.gitdir:/github/workspace/.git.path
Elixir tests (mix credo + mix test)	UNKNOWN STEP	2026-09-24T02:34:31.0096334Z includeif.gitdir:/github/workspace/.git/worktrees/*.path
Elixir tests (mix credo + mix test)	UNKNOWN STEP	2026-09-24T02:34:31.0101796Z [command]/usr/bin/git config --local --get-all includeif.gitdir:/home/runner/work/ggen_igniter/ggen_igniter/.git.path
Elixir tests (mix credo + mix test)	UNKNOWN STEP	2026-09-24T02:34:31.0122686Z /home/runner/work/_temp/git-credentials-d054c962-5da9-4454-b786-9032ae6aa625.config
Elixir tests (mix credo + mix test)	UNKNOWN STEP	2026-09-24T02:34:31.0132200Z [command]/usr/bin/git config --local --unset includeif.gitdir:/home/runner/work/ggen_igniter/ggen_igniter/.git.path /home/runner/work/_temp/git-credentials-d054c962-5da9-4454-b786-9032ae6aa625.config
Elixir tests (mix credo + mix test)	UNKNOWN STEP	2026-09-24T02:34:31.0161490Z [command]/usr/bin/git config --local --get-all includeif.gitdir:/home/runner/work/ggen_igniter/ggen_igniter/.git/worktrees/*.path
Elixir tests (mix credo + mix test)	UNKNOWN STEP	2026-09-24T02:34:31.0182401Z /home/runner/work/_temp/git-credentials-d054c962-5da9-4454-b786-9032ae6aa625.config
Elixir tests (mix credo + mix test)	UNKNOWN STEP	2026-09-24T02:34:31.0191577Z [command]/usr/bin/git config --local --unset includeif.gitdir:/home/runner/work/ggen_igniter/ggen_igniter/.git/worktrees/*.path /home/runner/work/_temp/git-credentials-d054c962-5da9-4454-b786-9032ae6aa625.config
Elixir tests (mix credo + mix test)	UNKNOWN STEP	2026-09-24T02:34:31.0221701Z [command]/usr/bin/git config --local --get-all includeif.gitdir:/github/workspace/.git.path
Elixir tests (mix credo + mix test)	UNKNOWN STEP	2026-09-24T02:34:31.0244207Z /github/runner_temp/git-credentials-d054c962-5da9-4454-b786-9032ae6aa625.config
Elixir tests (mix credo + mix test)	UNKNOWN STEP	2026-09-24T02:34:31.0289621Z [command]/usr/bin/git config --local --unset includeif.gitdir:/github/workspace/.git.path /github/runner_temp/git-credentials-d054c962-5da9-4454-b786-9032ae6aa625.config
Elixir tests (mix credo + mix test)	UNKNOWN STEP	2026-09-24T02:34:31.0318176Z [command]/usr/bin/git config --local --get-all includeif.gitdir:/github/workspace/.git/worktrees/*.path
Elixir tests (mix credo + mix test)	UNKNOWN STEP	2026-09-24T02:34:31.0336543Z /github/runner_temp/git-credentials-d054c962-5da9-4454-b786-9032ae6aa625.config
Elixir tests (mix credo + mix test)	UNKNOWN STEP	2026-09-24T02:34:31.0342046Z [command]/usr/bin/git config --local --unset includeif.gitdir:/github/workspace/.git/worktrees/*.path /github/runner_temp/git-credentials-d054c962-5da9-4454-b786-9032ae6aa625.config
Elixir tests (mix credo + mix test)	UNKNOWN STEP	2026-09-24T02:34:31.0371140Z [command]/usr/bin/git submodule foreach --recursive git config --local --show-origin --name-only --get-regexp remote.origin.url
Elixir tests (mix credo + mix test)	UNKNOWN STEP	2026-09-24T02:34:31.0546427Z Removing credentials config '/home/runner/work/_temp/git-credentials-d054c962-5da9-4454-b786-9032ae6aa625.config'
Elixir tests (mix credo + mix test)	UNKNOWN STEP	2026-09-24T02:34:31.0555042Z ##[endgroup]
Elixir tests (mix credo + mix test)	UNKNOWN STEP	2026-09-24T02:34:31.0731926Z ##[group]Run set -euo pipefail
Elixir tests (mix credo + mix test)	UNKNOWN STEP	2026-09-24T02:34:31.0732592Z ^[[36;1mset -euo pipefail^[[0m
Elixir tests (mix credo + mix test)	UNKNOWN STEP	2026-09-24T02:34:31.0733257Z ^[[36;1mgit clone --quiet https://github.com/seanchatmangpt/ex4pm.git "$HOME/ex4pm"^[[0m
Elixir tests (mix credo + mix test)	UNKNOWN STEP	2026-09-24T02:34:31.0733891Z ^[[36;1mgit -C "$HOME/ex4pm" cat-file -e 725f495^ && \^[[0m
Elixir tests (mix credo + mix test)	UNKNOWN STEP	2026-09-24T02:34:31.0734423Z ^[[36;1m  echo "confirmed: 725f495^ reachable in $HOME/ex4pm history"^[[0m
Elixir tests (mix credo + mix test)	UNKNOWN STEP	2026-09-24T02:34:31.0766580Z shell: /usr/bin/bash --noprofile --norc -e -o pipefail {0}
Elixir tests (mix credo + mix test)	UNKNOWN STEP	2026-09-24T02:34:31.0767126Z ##[endgroup]
Elixir tests (mix credo + mix test)	UNKNOWN STEP	2026-09-24T02:34:32.5751355Z confirmed: 725f495^ reachable in /home/runner/ex4pm history
Elixir tests (mix credo + mix test)	UNKNOWN STEP	2026-09-24T02:34:32.5790211Z ##[group]Run set -euo pipefail
Elixir tests (mix credo + mix test)	UNKNOWN STEP	2026-09-24T02:34:32.5790644Z ^[[36;1mset -euo pipefail^[[0m
Elixir tests (mix credo + mix test)	UNKNOWN STEP	2026-09-24T02:34:32.5790971Z ^[[36;1mmkdir -p "$HOME/.local/bin"^[[0m
Elixir tests (mix credo + mix test)	UNKNOWN STEP	2026-09-24T02:34:32.5791456Z ^[[36;1marchive="$RUNNER_TEMP/ggen-x86_64-unknown-linux-gnu.tar.gz"^[[0m
Elixir tests (mix credo + mix test)	UNKNOWN STEP	2026-09-24T02:34:32.5791984Z ^[[36;1mcurl --fail --location --silent --show-error --retry 3 \^[[0m
Elixir tests (mix credo + mix test)	UNKNOWN STEP	2026-09-24T02:34:32.5792392Z ^[[36;1m  --proto '=https' --tlsv1.2 \^[[0m
Elixir tests (mix credo + mix test)	UNKNOWN STEP	2026-09-24T02:34:32.5792748Z ^[[36;1m  -o "$archive" \^[[0m
Elixir tests (mix credo + mix test)	UNKNOWN STEP	2026-09-24T02:34:32.5793297Z ^[[36;1m  https://github.com/seanchatmangpt/ggen/releases/download/v26.8.28/ggen-x86_64-unknown-linux-gnu.tar.gz^[[0m
Elixir tests (mix credo + mix test)	UNKNOWN STEP	2026-09-24T02:34:32.5794075Z ^[[36;1mecho 'ccb9fe78ef0c84d8b240b45beb6e73f47e2c930d5db3efcf9a0e58dfe071d313  '"$archive" | sha256sum --check --strict^[[0m
Elixir tests (mix credo + mix test)	UNKNOWN STEP	2026-09-24T02:34:32.5794774Z ^[[36;1mtar -xzf "$archive" -C "$HOME/.local/bin" ggen^[[0m
Elixir tests (mix credo + mix test)	UNKNOWN STEP	2026-09-24T02:34:32.5795160Z ^[[36;1mchmod +x "$HOME/.local/bin/ggen"^[[0m
Elixir tests (mix credo + mix test)	UNKNOWN STEP	2026-09-24T02:34:32.5795642Z ^[[36;1mecho "$HOME/.local/bin" >> "$GITHUB_PATH"^[[0m
Elixir tests (mix credo + mix test)	UNKNOWN STEP	2026-09-24T02:34:32.5819310Z shell: /usr/bin/bash --noprofile --norc -e -o pipefail {0}
Elixir tests (mix credo + mix test)	UNKNOWN STEP	2026-09-24T02:34:32.5819773Z ##[endgroup]
Elixir tests (mix credo + mix test)	UNKNOWN STEP	2026-09-24T02:34:33.2017204Z /home/runner/work/_temp/ggen-x86_64-unknown-linux-gnu.tar.gz: OK
Elixir tests (mix credo + mix test)	UNKNOWN STEP	2026-09-24T02:34:33.4380317Z ##[group]Run erlef/setup-beam@54075bcc5e249e4758d363f27d099f55d843f124
Elixir tests (mix credo + mix test)	UNKNOWN STEP	2026-09-24T02:34:33.4380805Z with:
Elixir tests (mix credo + mix test)	UNKNOWN STEP	2026-09-24T02:34:33.4381112Z   elixir-version: 1.18.4
Elixir tests (mix credo + mix test)	UNKNOWN STEP	2026-09-24T02:34:33.4381427Z   otp-version: 27.2.4
Elixir tests (mix credo + mix test)	UNKNOWN STEP	2026-09-24T02:34:33.4381767Z   rebar3-version: 3.24.0
Elixir tests (mix credo + mix test)	UNKNOWN STEP	2026-09-24T02:34:33.4384394Z   github-token: ***
Elixir tests (mix credo + mix test)	UNKNOWN STEP	2026-09-24T02:34:33.4384729Z   otp-architecture: 64
Elixir tests (mix credo + mix test)	UNKNOWN STEP	2026-09-24T02:34:33.4385047Z   install-hex: true
Elixir tests (mix credo + mix test)	UNKNOWN STEP	2026-09-24T02:34:33.4385367Z   install-rebar: true
Elixir tests (mix credo + mix test)	UNKNOWN STEP	2026-09-24T02:34:33.4385899Z   version-type: loose
Elixir tests (mix credo + mix test)	UNKNOWN STEP	2026-09-24T02:34:33.4386286Z   disable_problem_matchers: false
Elixir tests (mix credo + mix test)	UNKNOWN STEP	2026-09-24T02:34:33.4386676Z   hexpm-mirrors: https://builds.hex.pm
Elixir tests (mix credo + mix test)	UNKNOWN STEP	
Elixir tests (mix credo + mix test)	UNKNOWN STEP	2026-09-24T02:34:33.4387068Z ##[endgroup]
Elixir tests (mix credo + mix test)	UNKNOWN STEP	2026-09-24T02:34:33.6778791Z ##[group]Installing Erlang/OTP OTP-27.2.4 - built on amd64/ubuntu-24.04
Elixir tests (mix credo + mix test)	UNKNOWN STEP	2026-09-24T02:34:34.2834921Z [command]/usr/bin/tar zx --strip-components=1 --warning=no-unknown-keyword --overwrite -C /home/runner/work/_temp/c37fc20a-3e0e-4dfe-a970-6b9ae1c59c31 -f /home/runner/work/_temp/2242ace1-6f12-4f84-a746-255441b65096
Elixir tests (mix credo + mix test)	UNKNOWN STEP	2026-09-24T02:34:36.8526086Z [command]/home/runner/work/_temp/.setup-beam/otp/Install -minimal /home/runner/work/_temp/.setup-beam/otp
Elixir tests (mix credo + mix test)	UNKNOWN STEP	2026-09-24T02:34:36.8760745Z Installed Erlang/OTP version
Elixir tests (mix credo + mix test)	UNKNOWN STEP	2026-09-24T02:34:36.8775085Z [command]/home/runner/work/_temp/.setup-beam/otp/bin/erl -version
Elixir tests (mix credo + mix test)	UNKNOWN STEP	2026-09-24T02:34:36.8869354Z Erlang (SMP,ASYNC_THREADS) (BEAM) emulator version 15.2.2
Elixir tests (mix credo + mix test)	UNKNOWN STEP	2026-09-24T02:34:36.8909888Z ##[endgroup]
Elixir tests (mix credo + mix test)	UNKNOWN STEP	2026-09-24T02:34:36.8911308Z [command]/home/runner/work/_temp/.setup-beam/otp/bin/erl -noshell -eval io:format(erlang:system_info(otp_release)), halt().
Elixir tests (mix credo + mix test)	UNKNOWN STEP	2026-09-24T02:34:37.0721673Z 27::debug::Was not able to coerce latest with semver
Elixir tests (mix credo + mix test)	UNKNOWN STEP	2026-09-24T02:34:37.0736067Z Using Elixir 1.18.4 (built for Erlang/OTP 27)
Elixir tests (mix credo + mix test)	UNKNOWN STEP	2026-09-24T02:34:37.0737188Z ##[group]Installing Elixir v1.18.4-otp-27
Elixir tests (mix credo + mix test)	UNKNOWN STEP	2026-09-24T02:34:37.3605635Z [command]/usr/bin/unzip -o -q /home/runner/work/_temp/58f05ffc-2131-49d7-a745-b8aebf82606a
Elixir tests (mix credo + mix test)	UNKNOWN STEP	2026-09-24T02:34:37.6729501Z Installed Elixir version
Elixir tests (mix credo + mix test)	UNKNOWN STEP	2026-09-24T02:34:37.6744582Z [command]/home/runner/work/_temp/.setup-beam/elixir/bin/elixir -v
Elixir tests (mix credo + mix test)	UNKNOWN STEP	2026-09-24T02:34:37.8585617Z Erlang/OTP 27 [erts-15.2.2] [source] [64-bit] [smp:4:4] [ds:4:4:10] [async-threads:1] [jit:ns]
Elixir tests (mix credo + mix test)	UNKNOWN STEP	2026-09-24T02:34:37.8586755Z 
Elixir tests (mix credo + mix test)	UNKNOWN STEP	2026-09-24T02:34:37.8636546Z Elixir 1.18.4 (compiled with Erlang/OTP 27)
Elixir tests (mix credo + mix test)	UNKNOWN STEP	2026-09-24T02:34:37.8672983Z ##[endgroup]
Elixir tests (mix credo + mix test)	UNKNOWN STEP	2026-09-24T02:34:37.8673545Z ##[group]Running mix local.rebar,--force
Elixir tests (mix credo + mix test)	UNKNOWN STEP	2026-09-24T02:34:37.8690200Z [command]/home/runner/work/_temp/.setup-beam/elixir/bin/mix local.rebar --force
Elixir tests (mix credo + mix test)	UNKNOWN STEP	2026-09-24T02:34:38.7609454Z * creating /home/runner/.mix/elixir/1-18-otp-27/rebar3
Elixir tests (mix credo + mix test)	UNKNOWN STEP	2026-09-24T02:34:38.7655018Z ##[endgroup]
Elixir tests (mix credo + mix test)	UNKNOWN STEP	2026-09-24T02:34:38.7655882Z ##[group]Running mix local.hex,--force
Elixir tests (mix credo + mix test)	UNKNOWN STEP	2026-09-24T02:34:38.7669493Z [command]/home/runner/work/_temp/.setup-beam/elixir/bin/mix local.hex --force
Elixir tests (mix credo + mix test)	UNKNOWN STEP	2026-09-24T02:34:39.6792784Z * creating /home/runner/.mix/archives/hex-2.5.1
Elixir tests (mix credo + mix test)	UNKNOWN STEP	2026-09-24T02:34:39.6848458Z ##[endgroup]
Elixir tests (mix credo + mix test)	UNKNOWN STEP	2026-09-24T02:34:40.2908691Z ##[group]Installing rebar3 3.24.0
Elixir tests (mix credo + mix test)	UNKNOWN STEP	2026-09-24T02:34:40.5874277Z Installed Rebar3 version
Elixir tests (mix credo + mix test)	UNKNOWN STEP	2026-09-24T02:34:40.5890370Z [command]/home/runner/work/_temp/.setup-beam/rebar3/bin/rebar3 version
Elixir tests (mix credo + mix test)	UNKNOWN STEP	2026-09-24T02:34:40.8518846Z rebar 3.24.0 on Erlang/OTP 27 Erts 15.2.2
Elixir tests (mix credo + mix test)	UNKNOWN STEP	2026-09-24T02:34:40.8543707Z ##[endgroup]
Elixir tests (mix credo + mix test)	UNKNOWN STEP	2026-09-24T02:34:40.9251259Z ##[group]Run actions/cache@0057852bfaa89a56745cba8c7296529d2fc39830
Elixir tests (mix credo + mix test)	UNKNOWN STEP	2026-09-24T02:34:40.9251702Z with:
Elixir tests (mix credo + mix test)	UNKNOWN STEP	2026-09-24T02:34:40.9252254Z   restore-keys: Linux-mix-deps-27.2.4-1.18.4-
Elixir tests (mix credo + mix test)	UNKNOWN STEP	Linux-mix-deps-27.2.4-
Elixir tests (mix credo + mix test)	UNKNOWN STEP	Linux-mix-deps-
Elixir tests (mix credo + mix test)	UNKNOWN STEP	
Elixir tests (mix credo + mix test)	UNKNOWN STEP	2026-09-24T02:34:40.9252911Z   key: Linux-mix-deps-27.2.4-1.18.4-fbfa9fca4422c9b0b149af177cd4b563cf6f8740c95a911f9e5754e35d32a73d
Elixir tests (mix credo + mix test)	UNKNOWN STEP	2026-09-24T02:34:40.9253412Z   path: deps
Elixir tests (mix credo + mix test)	UNKNOWN STEP	~/.hex
Elixir tests (mix credo + mix test)	UNKNOWN STEP	~/.mix
Elixir tests (mix credo + mix test)	UNKNOWN STEP	
Elixir tests (mix credo + mix test)	UNKNOWN STEP	2026-09-24T02:34:40.9253796Z   enableCrossOsArchive: false
Elixir tests (mix credo + mix test)	UNKNOWN STEP	2026-09-24T02:34:40.9254135Z   fail-on-cache-miss: false
Elixir tests (mix credo + mix test)	UNKNOWN STEP	2026-09-24T02:34:40.9254482Z   lookup-only: false
Elixir tests (mix credo + mix test)	UNKNOWN STEP	2026-09-24T02:34:40.9254765Z   save-always: false
Elixir tests (mix credo + mix test)	UNKNOWN STEP	2026-09-24T02:34:40.9255020Z env:
Elixir tests (mix credo + mix test)	UNKNOWN STEP	2026-09-24T02:34:40.9255427Z   INSTALL_DIR_FOR_OTP: /home/runner/work/_temp/.setup-beam/otp
Elixir tests (mix credo + mix test)	UNKNOWN STEP	2026-09-24T02:34:40.9256472Z   INSTALL_DIR_FOR_ELIXIR: /home/runner/work/_temp/.setup-beam/elixir
Elixir tests (mix credo + mix test)	UNKNOWN STEP	2026-09-24T02:34:40.9257005Z   INSTALL_DIR_FOR_REBAR3: /home/runner/work/_temp/.setup-beam/rebar3
Elixir tests (mix credo + mix test)	UNKNOWN STEP	2026-09-24T02:34:40.9257407Z ##[endgroup]
Elixir tests (mix credo + mix test)	UNKNOWN STEP	2026-09-24T02:34:41.0221992Z (node:2413) [DEP0040] DeprecationWarning: The `punycode` module is deprecated. Please use a userland alternative instead.
Elixir tests (mix credo + mix test)	UNKNOWN STEP	2026-09-24T02:34:41.0222717Z (Use `node --trace-deprecation ...` to show where the warning was created)
Elixir tests (mix credo + mix test)	UNKNOWN STEP	2026-09-24T02:34:41.1695053Z Cache not found for input keys: Linux-mix-deps-27.2.4-1.18.4-fbfa9fca4422c9b0b149af177cd4b563cf6f8740c95a911f9e5754e35d32a73d, Linux-mix-deps-27.2.4-1.18.4-, Linux-mix-deps-27.2.4-, Linux-mix-deps-
Elixir tests (mix credo + mix test)	UNKNOWN STEP	2026-09-24T02:34:41.2999756Z ##[group]Run actions/cache@0057852bfaa89a56745cba8c7296529d2fc39830
Elixir tests (mix credo + mix test)	UNKNOWN STEP	2026-09-24T02:34:41.3000174Z with:
Elixir tests (mix credo + mix test)	UNKNOWN STEP	2026-09-24T02:34:41.3000696Z   key: Linux-mix-build-27.2.4-1.18.4-c90adab6931fd88e0acd756512e5ac346c417f38c9a0cc3024cdf47a44ca4a9c
Elixir tests (mix credo + mix test)	UNKNOWN STEP	2026-09-24T02:34:41.3001402Z   path: _build
Elixir tests (mix credo + mix test)	UNKNOWN STEP	2026-09-24T02:34:41.3001693Z   enableCrossOsArchive: false
Elixir tests (mix credo + mix test)	UNKNOWN STEP	2026-09-24T02:34:41.3002053Z   fail-on-cache-miss: false
Elixir tests (mix credo + mix test)	UNKNOWN STEP	2026-09-24T02:34:41.3002389Z   lookup-only: false
Elixir tests (mix credo + mix test)	UNKNOWN STEP	2026-09-24T02:34:41.3002679Z   save-always: false
Elixir tests (mix credo + mix test)	UNKNOWN STEP	2026-09-24T02:34:41.3003001Z env:
Elixir tests (mix credo + mix test)	UNKNOWN STEP	2026-09-24T02:34:41.3003318Z   INSTALL_DIR_FOR_OTP: /home/runner/work/_temp/.setup-beam/otp
Elixir tests (mix credo + mix test)	UNKNOWN STEP	2026-09-24T02:34:41.3003803Z   INSTALL_DIR_FOR_ELIXIR: /home/runner/work/_temp/.setup-beam/elixir
Elixir tests (mix credo + mix test)	UNKNOWN STEP	2026-09-24T02:34:41.3004282Z   INSTALL_DIR_FOR_REBAR3: /home/runner/work/_temp/.setup-beam/rebar3
Elixir tests (mix credo + mix test)	UNKNOWN STEP	2026-09-24T02:34:41.3004664Z ##[endgroup]
Elixir tests (mix credo + mix test)	UNKNOWN STEP	2026-09-24T02:34:41.4062670Z (node:2437) [DEP0040] DeprecationWarning: The `punycode` module is deprecated. Please use a userland alternative instead.
Elixir tests (mix credo + mix test)	UNKNOWN STEP	2026-09-24T02:34:41.4064029Z (Use `node --trace-deprecation ...` to show where the warning was created)
Elixir tests (mix credo + mix test)	UNKNOWN STEP	2026-09-24T02:34:41.5253108Z Cache not found for input keys: Linux-mix-build-27.2.4-1.18.4-c90adab6931fd88e0acd756512e5ac346c417f38c9a0cc3024cdf47a44ca4a9c
Elixir tests (mix credo + mix test)	UNKNOWN STEP	2026-09-24T02:34:41.5872612Z ##[group]Run actions/cache@0057852bfaa89a56745cba8c7296529d2fc39830
Elixir tests (mix credo + mix test)	UNKNOWN STEP	2026-09-24T02:34:41.5873061Z with:
Elixir tests (mix credo + mix test)	UNKNOWN STEP	2026-09-24T02:34:41.5873542Z   key: Linux-nif-target-27.2.4-1.18.4-6e7b78f1038f4a17b73c21a2f33ae5c57ec8fe127b7b8f400f6cf9df2c1a7677
Elixir tests (mix credo + mix test)	UNKNOWN STEP	2026-09-24T02:34:41.5874095Z   path: native/ggen_graph_nif/target
Elixir tests (mix credo + mix test)	UNKNOWN STEP	2026-09-24T02:34:41.5874431Z   enableCrossOsArchive: false
Elixir tests (mix credo + mix test)	UNKNOWN STEP	2026-09-24T02:34:41.5874782Z   fail-on-cache-miss: false
Elixir tests (mix credo + mix test)	UNKNOWN STEP	2026-09-24T02:34:41.5875141Z   lookup-only: false
Elixir tests (mix credo + mix test)	UNKNOWN STEP	2026-09-24T02:34:41.5875424Z   save-always: false
Elixir tests (mix credo + mix test)	UNKNOWN STEP	2026-09-24T02:34:41.5876072Z env:
Elixir tests (mix credo + mix test)	UNKNOWN STEP	2026-09-24T02:34:41.5876526Z   INSTALL_DIR_FOR_OTP: /home/runner/work/_temp/.setup-beam/otp
Elixir tests (mix credo + mix test)	UNKNOWN STEP	2026-09-24T02:34:41.5876972Z   INSTALL_DIR_FOR_ELIXIR: /home/runner/work/_temp/.setup-beam/elixir
Elixir tests (mix credo + mix test)	UNKNOWN STEP	2026-09-24T02:34:41.5877495Z   INSTALL_DIR_FOR_REBAR3: /home/runner/work/_temp/.setup-beam/rebar3
Elixir tests (mix credo + mix test)	UNKNOWN STEP	2026-09-24T02:34:41.5877879Z ##[endgroup]
Elixir tests (mix credo + mix test)	UNKNOWN STEP	2026-09-24T02:34:41.6888471Z (node:2462) [DEP0040] DeprecationWarning: The `punycode` module is deprecated. Please use a userland alternative instead.
Elixir tests (mix credo + mix test)	UNKNOWN STEP	2026-09-24T02:34:41.6889270Z (Use `node --trace-deprecation ...` to show where the warning was created)
Elixir tests (mix credo + mix test)	UNKNOWN STEP	2026-09-24T02:34:41.8218949Z Cache not found for input keys: Linux-nif-target-27.2.4-1.18.4-6e7b78f1038f4a17b73c21a2f33ae5c57ec8fe127b7b8f400f6cf9df2c1a7677
Elixir tests (mix credo + mix test)	UNKNOWN STEP	2026-09-24T02:34:41.8284359Z ##[group]Run mix deps.get
Elixir tests (mix credo + mix test)	UNKNOWN STEP	2026-09-24T02:34:41.8284731Z ^[[36;1mmix deps.get^[[0m
Elixir tests (mix credo + mix test)	UNKNOWN STEP	2026-09-24T02:34:41.8309042Z shell: /usr/bin/bash --noprofile --norc -e -o pipefail {0}
Elixir tests (mix credo + mix test)	UNKNOWN STEP	2026-09-24T02:34:41.8309515Z env:
Elixir tests (mix credo + mix test)	UNKNOWN STEP	2026-09-24T02:34:41.8309879Z   INSTALL_DIR_FOR_OTP: /home/runner/work/_temp/.setup-beam/otp
Elixir tests (mix credo + mix test)	UNKNOWN STEP	2026-09-24T02:34:41.8310356Z   INSTALL_DIR_FOR_ELIXIR: /home/runner/work/_temp/.setup-beam/elixir
Elixir tests (mix credo + mix test)	UNKNOWN STEP	2026-09-24T02:34:41.8310853Z   INSTALL_DIR_FOR_REBAR3: /home/runner/work/_temp/.setup-beam/rebar3
Elixir tests (mix credo + mix test)	UNKNOWN STEP	2026-09-24T02:34:41.8311265Z ##[endgroup]
Elixir tests (mix credo + mix test)	UNKNOWN STEP	2026-09-24T02:34:43.0073298Z Resolving Hex dependencies...
Elixir tests (mix credo + mix test)	UNKNOWN STEP	2026-09-24T02:34:43.7452307Z Resolution completed in 0.735s
Elixir tests (mix credo + mix test)	UNKNOWN STEP	2026-09-24T02:34:43.9102510Z Unchanged:
Elixir tests (mix credo + mix test)	UNKNOWN STEP	2026-09-24T02:34:43.9103741Z   a2a 0.2.0
Elixir tests (mix credo + mix test)	UNKNOWN STEP	2026-09-24T02:34:43.9115536Z   abnf_parsec 2.1.0
Elixir tests (mix credo + mix test)	UNKNOWN STEP	2026-09-24T02:34:43.9116965Z   ash 3.33.1 VULNERABLE!
Elixir tests (mix credo + mix test)	UNKNOWN STEP	2026-09-24T02:34:43.9117678Z     EEF-CVE-2026-86338 (MEDIUM)
Elixir tests (mix credo + mix test)	UNKNOWN STEP	2026-09-24T02:34:43.9118313Z     aka: CVE-2026-86338, GHSA-7qr8-wrvq-566q
Elixir tests (mix credo + mix test)	UNKNOWN STEP	2026-09-24T02:34:43.9119718Z     Ash field policies do not filter-nil forbidden calculations and aggregates, enabling an information-disclosure oracle
Elixir tests (mix credo + mix test)	UNKNOWN STEP	2026-09-24T02:34:43.9120851Z     https://osv.dev/vulnerability/EEF-CVE-2026-86338
Elixir tests (mix credo + mix test)	UNKNOWN STEP	2026-09-24T02:34:43.9127783Z   ash_a2a 26.9.17
Elixir tests (mix credo + mix test)	UNKNOWN STEP	2026-09-24T02:34:43.9128425Z   ash_ai 1.0.3
Elixir tests (mix credo + mix test)	UNKNOWN STEP	2026-09-24T02:34:43.9129027Z   ash_json_api 1.7.1
Elixir tests (mix credo + mix test)	UNKNOWN STEP	2026-09-24T02:34:43.9129572Z   ash_oban 0.8.14
Elixir tests (mix credo + mix test)	UNKNOWN STEP	2026-09-24T02:34:43.9130098Z   ash_postgres 2.13.1
Elixir tests (mix credo + mix test)	UNKNOWN STEP	2026-09-24T02:34:43.9130723Z   ash_r2rml 26.9.12
Elixir tests (mix credo + mix test)	UNKNOWN STEP	2026-09-24T02:34:43.9131301Z   ash_sql 0.7.3
Elixir tests (mix credo + mix test)	UNKNOWN STEP	2026-09-24T02:34:43.9131865Z   ash_state_machine 0.2.13
Elixir tests (mix credo + mix test)	UNKNOWN STEP	2026-09-24T02:34:43.9132436Z   bandit 1.12.5
Elixir tests (mix credo + mix test)	UNKNOWN STEP	2026-09-24T02:34:43.9133281Z   bunt 1.0.0
Elixir tests (mix credo + mix test)	UNKNOWN STEP	2026-09-24T02:34:43.9133881Z   cc_precompiler 0.1.11
Elixir tests (mix credo + mix test)	UNKNOWN STEP	2026-09-24T02:34:43.9134487Z   content_type 0.1.0
Elixir tests (mix credo + mix test)	UNKNOWN STEP	2026-09-24T02:34:43.9135089Z   conv_case 0.2.3
Elixir tests (mix credo + mix test)	UNKNOWN STEP	2026-09-24T02:34:43.9135610Z   credo 1.7.19
Elixir tests (mix credo + mix test)	UNKNOWN STEP	2026-09-24T02:34:43.9136246Z   crux 0.1.4
Elixir tests (mix credo + mix test)	UNKNOWN STEP	2026-09-24T02:34:43.9136818Z   db_connection 2.10.2
Elixir tests (mix credo + mix test)	UNKNOWN STEP	2026-09-24T02:34:43.9137353Z   dcat 0.1.1
Elixir tests (mix credo + mix test)	UNKNOWN STEP	2026-09-24T02:34:43.9137890Z   dcatr 0.1.0
Elixir tests (mix credo + mix test)	UNKNOWN STEP	2026-09-24T02:34:43.9138437Z   decimal 3.1.1
Elixir tests (mix credo + mix test)	UNKNOWN STEP	2026-09-24T02:34:43.9138993Z   dialyxir 1.4.7
Elixir tests (mix credo + mix test)	UNKNOWN STEP	2026-09-24T02:34:43.9139521Z   dotenvy 1.2.1
Elixir tests (mix credo + mix test)	UNKNOWN STEP	2026-09-24T02:34:43.9140041Z   durable_server 0.1.5
Elixir tests (mix credo + mix test)	UNKNOWN STEP	2026-09-24T02:34:43.9140618Z   earmark_parser 1.4.46
Elixir tests (mix credo + mix test)	UNKNOWN STEP	2026-09-24T02:34:43.9141161Z   ecto 3.14.2
Elixir tests (mix credo + mix test)	UNKNOWN STEP	2026-09-24T02:34:43.9141757Z   ecto_sql 3.14.0
Elixir tests (mix credo + mix test)	UNKNOWN STEP	2026-09-24T02:34:43.9142292Z   ekv 0.4.3
Elixir tests (mix credo + mix test)	UNKNOWN STEP	2026-09-24T02:34:43.9142807Z   elixir_make 0.10.0
Elixir tests (mix credo + mix test)	UNKNOWN STEP	2026-09-24T02:34:43.9143349Z   erlex 0.2.9
Elixir tests (mix credo + mix test)	UNKNOWN STEP	2026-09-24T02:34:43.9143844Z   ets 0.9.0
Elixir tests (mix credo + mix test)	UNKNOWN STEP	2026-09-24T02:34:43.9144349Z   ex_ast 0.13.1
Elixir tests (mix credo + mix test)	UNKNOWN STEP	2026-09-24T02:34:43.9144894Z   ex_doc 0.40.3
Elixir tests (mix credo + mix test)	UNKNOWN STEP	2026-09-24T02:34:43.9145453Z   excoveralls 0.18.5
Elixir tests (mix credo + mix test)	UNKNOWN STEP	2026-09-24T02:34:43.9146123Z   faker 0.18.0
Elixir tests (mix credo + mix test)	UNKNOWN STEP	2026-09-24T02:34:43.9146644Z   file_system 1.1.1
Elixir tests (mix credo + mix test)	UNKNOWN STEP	2026-09-24T02:34:43.9147180Z   finch 0.23.0
Elixir tests (mix credo + mix test)	UNKNOWN STEP	2026-09-24T02:34:43.9147717Z   flame 0.5.4
Elixir tests (mix credo + mix test)	UNKNOWN STEP	2026-09-24T02:34:43.9148214Z   foaf 0.1.1
Elixir tests (mix credo + mix test)	UNKNOWN STEP	2026-09-24T02:34:43.9148789Z   glob_ex 0.1.12
Elixir tests (mix credo + mix test)	UNKNOWN STEP	2026-09-24T02:34:43.9149384Z   gno 0.1.0
Elixir tests (mix credo + mix test)	UNKNOWN STEP	2026-09-24T02:34:43.9149940Z   grax 0.6.1
Elixir tests (mix credo + mix test)	UNKNOWN STEP	2026-09-24T02:34:43.9150481Z   group 0.2.1
Elixir tests (mix credo + mix test)	UNKNOWN STEP	2026-09-24T02:34:43.9150979Z   hpax 1.0.4
Elixir tests (mix credo + mix test)	UNKNOWN STEP	2026-09-24T02:34:43.9151478Z   idna 7.1.0
Elixir tests (mix credo + mix test)	UNKNOWN STEP	2026-09-24T02:34:43.9152049Z   igniter 0.8.3 VULNERABLE!
Elixir tests (mix credo + mix test)	UNKNOWN STEP	2026-09-24T02:34:43.9152652Z     EEF-CVE-2026-82584 (LOW)
Elixir tests (mix credo + mix test)	UNKNOWN STEP	2026-09-24T02:34:43.9153303Z     aka: CVE-2026-82584, GHSA-cj7w-j579-gc42
Elixir tests (mix credo + mix test)	UNKNOWN STEP	2026-09-24T02:34:43.9154270Z     Terminal escape sequence injection in the mix igniter.install confirmation prompt via package metadata
Elixir tests (mix credo + mix test)	UNKNOWN STEP	2026-09-24T02:34:43.9155295Z     https://osv.dev/vulnerability/EEF-CVE-2026-82584
Elixir tests (mix credo + mix test)	UNKNOWN STEP	2026-09-24T02:34:43.9156086Z   iterex 0.1.2
Elixir tests (mix credo + mix test)	UNKNOWN STEP	2026-09-24T02:34:43.9156657Z   jason 1.4.5
Elixir tests (mix credo + mix test)	UNKNOWN STEP	2026-09-24T02:34:43.9157197Z   jcs 0.2.0
Elixir tests (mix credo + mix test)	UNKNOWN STEP	2026-09-24T02:34:43.9157711Z   json_ld 1.0.1
Elixir tests (mix credo + mix test)	UNKNOWN STEP	2026-09-24T02:34:43.9158224Z   json_xema 0.6.5
Elixir tests (mix credo + mix test)	UNKNOWN STEP	2026-09-24T02:34:43.9158749Z   jsv 0.23.0
Elixir tests (mix credo + mix test)	UNKNOWN STEP	2026-09-24T02:34:43.9159281Z   llm_db 2026.9.4
Elixir tests (mix credo + mix test)	UNKNOWN STEP	2026-09-24T02:34:43.9159861Z   makeup 1.2.2
Elixir tests (mix credo + mix test)	UNKNOWN STEP	2026-09-24T02:34:43.9160382Z   makeup_elixir 1.0.1
Elixir tests (mix credo + mix test)	UNKNOWN STEP	2026-09-24T02:34:43.9161078Z   makeup_erlang 1.1.0
Elixir tests (mix credo + mix test)	UNKNOWN STEP	2026-09-24T02:34:43.9161930Z   mime 2.0.7
Elixir tests (mix credo + mix test)	UNKNOWN STEP	2026-09-24T02:34:43.9162480Z   mint 1.9.3 VULNERABLE!
Elixir tests (mix credo + mix test)	UNKNOWN STEP	2026-09-24T02:34:43.9163290Z     EEF-CVE-2026-82672 (MEDIUM)
Elixir tests (mix credo + mix test)	UNKNOWN STEP	2026-09-24T02:34:43.9164604Z     aka: CVE-2026-82672, GHSA-rj5m-69wp-cxq9
Elixir tests (mix credo + mix test)	UNKNOWN STEP	2026-09-24T02:34:43.9166307Z     Unvalidated chunk-size line tail in Mint HTTP/1 client enables response smuggling against strict intermediaries on pooled connections
Elixir tests (mix credo + mix test)	UNKNOWN STEP	2026-09-24T02:34:43.9167626Z     https://osv.dev/vulnerability/EEF-CVE-2026-82672
Elixir tests (mix credo + mix test)	UNKNOWN STEP	2026-09-24T02:34:43.9168069Z 
Elixir tests (mix credo + mix test)	UNKNOWN STEP	2026-09-24T02:34:43.9168386Z     EEF-CVE-2026-82729 (MEDIUM)
Elixir tests (mix credo + mix test)	UNKNOWN STEP	2026-09-24T02:34:43.9169109Z     aka: CVE-2026-82729, GHSA-7p8w-j234-7qc8
Elixir tests (mix credo + mix test)	UNKNOWN STEP	2026-09-24T02:34:43.9170018Z     Quadratic chunk-size parsing in Mint.HTTP1.Parse allows CPU-exhaustion DoS
Elixir tests (mix credo + mix test)	UNKNOWN STEP	2026-09-24T02:34:43.9171074Z     https://osv.dev/vulnerability/EEF-CVE-2026-82729
Elixir tests (mix credo + mix test)	UNKNOWN STEP	2026-09-24T02:34:43.9171538Z 
Elixir tests (mix credo + mix test)	UNKNOWN STEP	2026-09-24T02:34:43.9171786Z     EEF-CVE-2026-82728 (HIGH)
Elixir tests (mix credo + mix test)	UNKNOWN STEP	2026-09-24T02:34:43.9172283Z     aka: CVE-2026-82728, GHSA-g83f-2j6r-q6m4
Elixir tests (mix credo + mix test)	UNKNOWN STEP	2026-09-24T02:34:43.9173111Z     Unbounded HTTP/1 status-line and chunk-extension buffering in Mint causes memory-exhaustion DoS
Elixir tests (mix credo + mix test)	UNKNOWN STEP	2026-09-24T02:34:43.9173979Z     https://osv.dev/vulnerability/EEF-CVE-2026-82728
Elixir tests (mix credo + mix test)	UNKNOWN STEP	2026-09-24T02:34:43.9174693Z   multigraph 0.16.1-mg.4
Elixir tests (mix credo + mix test)	UNKNOWN STEP	2026-09-24T02:34:43.9175129Z   nimble_csv 1.3.0
Elixir tests (mix credo + mix test)	UNKNOWN STEP	2026-09-24T02:34:43.9175610Z   nimble_options 1.1.1
Elixir tests (mix credo + mix test)	UNKNOWN STEP	2026-09-24T02:34:43.9176194Z   nimble_parsec 1.4.2
Elixir tests (mix credo + mix test)	UNKNOWN STEP	2026-09-24T02:34:43.9176600Z   nimble_pool 1.1.0
Elixir tests (mix credo + mix test)	UNKNOWN STEP	2026-09-24T02:34:43.9177028Z   oban 2.24.1
Elixir tests (mix credo + mix test)	UNKNOWN STEP	2026-09-24T02:34:43.9177437Z   open_api_spex 3.22.4
Elixir tests (mix credo + mix test)	UNKNOWN STEP	2026-09-24T02:34:43.9177827Z   owl 0.13.1
Elixir tests (mix credo + mix test)	UNKNOWN STEP	2026-09-24T02:34:43.9178294Z   phoenix 1.8.14
Elixir tests (mix credo + mix test)	UNKNOWN STEP	2026-09-24T02:34:43.9178711Z   phoenix_pubsub 2.3.0
Elixir tests (mix credo + mix test)	UNKNOWN STEP	2026-09-24T02:34:43.9179491Z   phoenix_template 1.0.4
Elixir tests (mix credo + mix test)	UNKNOWN STEP	2026-09-24T02:34:43.9179926Z   plug 1.20.3
Elixir tests (mix credo + mix test)	UNKNOWN STEP	2026-09-24T02:34:43.9180352Z   plug_crypto 2.2.0
Elixir tests (mix credo + mix test)	UNKNOWN STEP	2026-09-24T02:34:43.9180843Z   postgrex 0.22.4
Elixir tests (mix credo + mix test)	UNKNOWN STEP	2026-09-24T02:34:43.9181260Z   protocol_ex 0.5.1
Elixir tests (mix credo + mix test)	UNKNOWN STEP	2026-09-24T02:34:43.9181679Z   prov 0.1.1
Elixir tests (mix credo + mix test)	UNKNOWN STEP	2026-09-24T02:34:43.9182095Z   rdf 3.0.1
Elixir tests (mix credo + mix test)	UNKNOWN STEP	2026-09-24T02:34:43.9182524Z   rdf_xml 1.2.1
Elixir tests (mix credo + mix test)	UNKNOWN STEP	2026-09-24T02:34:43.9183008Z   reactor 1.0.6
Elixir tests (mix credo + mix test)	UNKNOWN STEP	2026-09-24T02:34:43.9183398Z   req 0.7.4
Elixir tests (mix credo + mix test)	UNKNOWN STEP	2026-09-24T02:34:43.9183790Z   req_llm 1.24.0
Elixir tests (mix credo + mix test)	UNKNOWN STEP	2026-09-24T02:34:43.9184212Z   req_s3 0.2.5
Elixir tests (mix credo + mix test)	UNKNOWN STEP	2026-09-24T02:34:43.9184647Z   rewrite 1.3.0
Elixir tests (mix credo + mix test)	UNKNOWN STEP	2026-09-24T02:34:43.9185072Z   rustler 0.38.0
Elixir tests (mix credo + mix test)	UNKNOWN STEP	2026-09-24T02:34:43.9185508Z   rustler_precompiled 0.9.0
Elixir tests (mix credo + mix test)	UNKNOWN STEP	2026-09-24T02:34:43.9186069Z   saxy 1.6.1
Elixir tests (mix credo + mix test)	UNKNOWN STEP	2026-09-24T02:34:43.9186485Z   server_sent_events 1.1.0
Elixir tests (mix credo + mix test)	UNKNOWN STEP	2026-09-24T02:34:43.9186929Z   skos 0.1.1
Elixir tests (mix credo + mix test)	UNKNOWN STEP	2026-09-24T02:34:43.9187283Z   sourceror 1.12.2
Elixir tests (mix credo + mix test)	UNKNOWN STEP	2026-09-24T02:34:43.9187616Z   spark 2.7.2
Elixir tests (mix credo + mix test)	UNKNOWN STEP	2026-09-24T02:34:43.9187931Z   sparql 0.3.12
Elixir tests (mix credo + mix test)	UNKNOWN STEP	2026-09-24T02:34:43.9188295Z   sparql_client 0.5.1
Elixir tests (mix credo + mix test)	UNKNOWN STEP	2026-09-24T02:34:43.9188686Z   spitfire 0.4.0
Elixir tests (mix credo + mix test)	UNKNOWN STEP	2026-09-24T02:34:43.9189082Z   splode 0.3.2
Elixir tests (mix credo + mix test)	UNKNOWN STEP	2026-09-24T02:34:43.9189441Z   stream_data 1.4.0
Elixir tests (mix credo + mix test)	UNKNOWN STEP	2026-09-24T02:34:43.9189800Z   sweet_xml 0.7.5
Elixir tests (mix credo + mix test)	UNKNOWN STEP	2026-09-24T02:34:43.9190172Z   telemetry 1.4.2
Elixir tests (mix credo + mix test)	UNKNOWN STEP	2026-09-24T02:34:43.9190550Z   tesla 1.21.2
Elixir tests (mix credo + mix test)	UNKNOWN STEP	2026-09-24T02:34:43.9190877Z   text_diff 0.1.0
Elixir tests (mix credo + mix test)	UNKNOWN STEP	2026-09-24T02:34:43.9191212Z   texture 1.2.1
Elixir tests (mix credo + mix test)	UNKNOWN STEP	2026-09-24T02:34:43.9191559Z   thousand_island 1.5.0
Elixir tests (mix credo + mix test)	UNKNOWN STEP	2026-09-24T02:34:43.9191921Z   toml 0.7.0
Elixir tests (mix credo + mix test)	UNKNOWN STEP	2026-09-24T02:34:43.9192257Z   uniq 0.6.3
Elixir tests (mix credo + mix test)	UNKNOWN STEP	2026-09-24T02:34:43.9192615Z   wasmex 0.15.1
Elixir tests (mix credo + mix test)	UNKNOWN STEP	2026-09-24T02:34:43.9192976Z   websock 0.5.3
Elixir tests (mix credo + mix test)	UNKNOWN STEP	2026-09-24T02:34:43.9193331Z   websock_adapter 0.6.0
Elixir tests (mix credo + mix test)	UNKNOWN STEP	2026-09-24T02:34:43.9193649Z   websockex 0.5.1
Elixir tests (mix credo + mix test)	UNKNOWN STEP	2026-09-24T02:34:43.9193948Z   xema 0.17.9
Elixir tests (mix credo + mix test)	UNKNOWN STEP	2026-09-24T02:34:43.9194795Z   yamerl 0.10.0
Elixir tests (mix credo + mix test)	UNKNOWN STEP	2026-09-24T02:34:43.9195157Z   yaml_elixir 2.12.2
Elixir tests (mix credo + mix test)	UNKNOWN STEP	2026-09-24T02:34:43.9195444Z   ymlr 5.1.6
Elixir tests (mix credo + mix test)	UNKNOWN STEP	2026-09-24T02:34:43.9195971Z   yuri_template 1.1.0
Elixir tests (mix credo + mix test)	UNKNOWN STEP	2026-09-24T02:34:43.9196292Z   zoi 0.18.7
Elixir tests (mix credo + mix test)	UNKNOWN STEP	2026-09-24T02:34:43.9341902Z * Getting rdf (Hex package)
Elixir tests (mix credo + mix test)	UNKNOWN STEP	2026-09-24T02:34:44.5434446Z * Getting sparql (Hex package)
Elixir tests (mix credo + mix test)	UNKNOWN STEP	2026-09-24T02:34:44.5607061Z * Getting igniter (Hex package)
Elixir tests (mix credo + mix test)	UNKNOWN STEP	2026-09-24T02:34:44.5810272Z * Getting reactor (Hex package)
Elixir tests (mix credo + mix test)	UNKNOWN STEP	2026-09-24T02:34:44.6124086Z * Getting toml (Hex package)
Elixir tests (mix credo + mix test)	UNKNOWN STEP	2026-09-24T02:34:44.6169902Z * Getting yaml_elixir (Hex package)
Elixir tests (mix credo + mix test)	UNKNOWN STEP	2026-09-24T02:34:44.6207224Z * Getting rustler (Hex package)
Elixir tests (mix credo + mix test)	UNKNOWN STEP	2026-09-24T02:34:44.6258029Z * Getting tesla (Hex package)
Elixir tests (mix credo + mix test)	UNKNOWN STEP	2026-09-24T02:34:44.6435951Z * Getting gno (Hex package)
Elixir tests (mix credo + mix test)	UNKNOWN STEP	2026-09-24T02:34:44.7218696Z * Getting stream_data (Hex package)
Elixir tests (mix credo + mix test)	UNKNOWN STEP	2026-09-24T02:34:44.7447228Z * Getting faker (Hex package)
Elixir tests (mix credo + mix test)	UNKNOWN STEP	2026-09-24T02:34:44.7810918Z * Getting ash (Hex package)
Elixir tests (mix credo + mix test)	UNKNOWN STEP	2026-09-24T02:34:44.9545914Z * Getting ash_postgres (Hex package)
Elixir tests (mix credo + mix test)	UNKNOWN STEP	2026-09-24T02:34:44.9800147Z * Getting ash_a2a (Hex package)
Elixir tests (mix credo + mix test)	UNKNOWN STEP	2026-09-24T02:34:45.1109719Z * Getting plug (Hex package)
Elixir tests (mix credo + mix test)	UNKNOWN STEP	2026-09-24T02:34:45.1251076Z * Getting bandit (Hex package)
Elixir tests (mix credo + mix test)	UNKNOWN STEP	2026-09-24T02:34:45.1439606Z * Getting dialyxir (Hex package)
Elixir tests (mix credo + mix test)	UNKNOWN STEP	2026-09-24T02:34:45.1625384Z * Getting credo (Hex package)
Elixir tests (mix credo + mix test)	UNKNOWN STEP	2026-09-24T02:34:45.2163697Z * Getting excoveralls (Hex package)
Elixir tests (mix credo + mix test)	UNKNOWN STEP	2026-09-24T02:34:45.2259300Z * Getting ex_doc (Hex package)
Elixir tests (mix credo + mix test)	UNKNOWN STEP	2026-09-24T02:34:45.2482614Z * Getting jason (Hex package)
Elixir tests (mix credo + mix test)	UNKNOWN STEP	2026-09-24T02:34:45.2523208Z * Getting wasmex (Hex package)
Elixir tests (mix credo + mix test)	UNKNOWN STEP	2026-09-24T02:34:45.2691930Z * Getting rustler_precompiled (Hex package)
Elixir tests (mix credo + mix test)	UNKNOWN STEP	2026-09-24T02:34:45.2734297Z * Getting earmark_parser (Hex package)
Elixir tests (mix credo + mix test)	UNKNOWN STEP	2026-09-24T02:34:45.2836038Z * Getting makeup_elixir (Hex package)
Elixir tests (mix credo + mix test)	UNKNOWN STEP	2026-09-24T02:34:45.2888205Z * Getting makeup_erlang (Hex package)
Elixir tests (mix credo + mix test)	UNKNOWN STEP	2026-09-24T02:34:45.2925586Z * Getting makeup (Hex package)
Elixir tests (mix credo + mix test)	UNKNOWN STEP	2026-09-24T02:34:45.2988668Z * Getting nimble_parsec (Hex package)
Elixir tests (mix credo + mix test)	UNKNOWN STEP	2026-09-24T02:34:45.3026132Z * Getting bunt (Hex package)
Elixir tests (mix credo + mix test)	UNKNOWN STEP	2026-09-24T02:34:45.3056174Z * Getting file_system (Hex package)
Elixir tests (mix credo + mix test)	UNKNOWN STEP	2026-09-24T02:34:45.3107394Z * Getting erlex (Hex package)
Elixir tests (mix credo + mix test)	UNKNOWN STEP	2026-09-24T02:34:45.3138651Z * Getting hpax (Hex package)
Elixir tests (mix credo + mix test)	UNKNOWN STEP	2026-09-24T02:34:45.3173809Z * Getting telemetry (Hex package)
Elixir tests (mix credo + mix test)	UNKNOWN STEP	2026-09-24T02:34:45.3234344Z * Getting thousand_island (Hex package)
Elixir tests (mix credo + mix test)	UNKNOWN STEP	2026-09-24T02:34:45.3299427Z * Getting websock (Hex package)
Elixir tests (mix credo + mix test)	UNKNOWN STEP	2026-09-24T02:34:45.3323429Z * Getting mime (Hex package)
Elixir tests (mix credo + mix test)	UNKNOWN STEP	2026-09-24T02:34:45.3347773Z * Getting plug_crypto (Hex package)
Elixir tests (mix credo + mix test)	UNKNOWN STEP	2026-09-24T02:34:45.3381128Z * Getting a2a (Hex package)
Elixir tests (mix credo + mix test)	UNKNOWN STEP	2026-09-24T02:34:45.3472343Z * Getting ash_ai (Hex package)
Elixir tests (mix credo + mix test)	UNKNOWN STEP	2026-09-24T02:34:45.3670560Z * Getting ash_oban (Hex package)
Elixir tests (mix credo + mix test)	UNKNOWN STEP	2026-09-24T02:34:45.3822953Z * Getting ash_r2rml (Hex package)
Elixir tests (mix credo + mix test)	UNKNOWN STEP	2026-09-24T02:34:45.4191941Z * Getting ash_state_machine (Hex package)
Elixir tests (mix credo + mix test)	UNKNOWN STEP	2026-09-24T02:34:45.4272126Z * Getting durable_server (Hex package)
Elixir tests (mix credo + mix test)	UNKNOWN STEP	2026-09-24T02:34:45.4370193Z * Getting ekv (Hex package)
Elixir tests (mix credo + mix test)	UNKNOWN STEP	2026-09-24T02:34:45.5057522Z * Getting flame (Hex package)
Elixir tests (mix credo + mix test)	UNKNOWN STEP	2026-09-24T02:34:45.5118854Z * Getting oban (Hex package)
Elixir tests (mix credo + mix test)	UNKNOWN STEP	2026-09-24T02:34:45.5304645Z * Getting phoenix (Hex package)
Elixir tests (mix credo + mix test)	UNKNOWN STEP	2026-09-24T02:34:45.5747467Z * Getting phoenix_pubsub (Hex package)
Elixir tests (mix credo + mix test)	UNKNOWN STEP	2026-09-24T02:34:45.5804507Z * Getting postgrex (Hex package)
Elixir tests (mix credo + mix test)	UNKNOWN STEP	2026-09-24T02:34:45.5966781Z * Getting req (Hex package)
Elixir tests (mix credo + mix test)	UNKNOWN STEP	2026-09-24T02:34:45.6057819Z * Getting req_llm (Hex package)
Elixir tests (mix credo + mix test)	UNKNOWN STEP	2026-09-24T02:34:45.6726424Z * Getting dotenvy (Hex package)
Elixir tests (mix credo + mix test)	UNKNOWN STEP	2026-09-24T02:34:45.6773819Z * Getting jsv (Hex package)
Elixir tests (mix credo + mix test)	UNKNOWN STEP	2026-09-24T02:34:45.6974653Z * Getting llm_db (Hex package)
Elixir tests (mix credo + mix test)	UNKNOWN STEP	2026-09-24T02:34:45.7398647Z * Getting nimble_options (Hex package)
Elixir tests (mix credo + mix test)	UNKNOWN STEP	2026-09-24T02:34:45.7434341Z * Getting server_sent_events (Hex package)
Elixir tests (mix credo + mix test)	UNKNOWN STEP	2026-09-24T02:34:45.7465399Z * Getting splode (Hex package)
Elixir tests (mix credo + mix test)	UNKNOWN STEP	2026-09-24T02:34:45.7505282Z * Getting websockex (Hex package)
Elixir tests (mix credo + mix test)	UNKNOWN STEP	2026-09-24T02:34:45.7545442Z * Getting zoi (Hex package)
Elixir tests (mix credo + mix test)	UNKNOWN STEP	2026-09-24T02:34:45.7716742Z * Getting abnf_parsec (Hex package)
Elixir tests (mix credo + mix test)	UNKNOWN STEP	2026-09-24T02:34:45.7752299Z * Getting idna (Hex package)
Elixir tests (mix credo + mix test)	UNKNOWN STEP	2026-09-24T02:34:45.7840499Z * Getting texture (Hex package)
Elixir tests (mix credo + mix test)	UNKNOWN STEP	2026-09-24T02:34:45.7887862Z * Getting finch (Hex package)
Elixir tests (mix credo + mix test)	UNKNOWN STEP	2026-09-24T02:34:45.7966680Z * Getting mint (Hex package)
Elixir tests (mix credo + mix test)	UNKNOWN STEP	2026-09-24T02:34:45.8043160Z * Getting nimble_pool (Hex package)
Elixir tests (mix credo + mix test)	UNKNOWN STEP	2026-09-24T02:34:45.8072775Z * Getting db_connection (Hex package)
Elixir tests (mix credo + mix test)	UNKNOWN STEP	2026-09-24T02:34:45.8138457Z * Getting decimal (Hex package)
Elixir tests (mix credo + mix test)	UNKNOWN STEP	2026-09-24T02:34:45.8175201Z * Getting phoenix_template (Hex package)
Elixir tests (mix credo + mix test)	UNKNOWN STEP	2026-09-24T02:34:45.8208609Z * Getting websock_adapter (Hex package)
Elixir tests (mix credo + mix test)	UNKNOWN STEP	2026-09-24T02:34:45.8248279Z * Getting ecto_sql (Hex package)
Elixir tests (mix credo + mix test)	UNKNOWN STEP	2026-09-24T02:34:45.8382733Z * Getting ecto (Hex package)
Elixir tests (mix credo + mix test)	UNKNOWN STEP	2026-09-24T02:34:45.8595101Z * Getting cc_precompiler (Hex package)
Elixir tests (mix credo + mix test)	UNKNOWN STEP	2026-09-24T02:34:45.8632289Z * Getting elixir_make (Hex package)
Elixir tests (mix credo + mix test)	UNKNOWN STEP	2026-09-24T02:34:45.8676562Z * Getting group (Hex package)
Elixir tests (mix credo + mix test)	UNKNOWN STEP	2026-09-24T02:34:45.8730767Z * Getting req_s3 (Hex package)
Elixir tests (mix credo + mix test)	UNKNOWN STEP	2026-09-24T02:34:45.8764405Z * Getting sweet_xml (Hex package)
Elixir tests (mix credo + mix test)	UNKNOWN STEP	2026-09-24T02:34:45.8793082Z * Getting json_ld (Hex package)
Elixir tests (mix credo + mix test)	UNKNOWN STEP	2026-09-24T02:34:45.8858708Z * Getting spark (Hex package)
Elixir tests (mix credo + mix test)	UNKNOWN STEP	2026-09-24T02:34:45.9013797Z * Getting sparql_client (Hex package)
Elixir tests (mix credo + mix test)	UNKNOWN STEP	2026-09-24T02:34:45.9097573Z * Getting content_type (Hex package)
Elixir tests (mix credo + mix test)	UNKNOWN STEP	2026-09-24T02:34:45.9139342Z * Getting rdf_xml (Hex package)
Elixir tests (mix credo + mix test)	UNKNOWN STEP	2026-09-24T02:34:45.9245283Z * Getting saxy (Hex package)
Elixir tests (mix credo + mix test)	UNKNOWN STEP	2026-09-24T02:34:45.9340855Z * Getting ash_json_api (Hex package)
Elixir tests (mix credo + mix test)	UNKNOWN STEP	2026-09-24T02:34:45.9679776Z * Getting open_api_spex (Hex package)
Elixir tests (mix credo + mix test)	UNKNOWN STEP	2026-09-24T02:34:45.9914853Z * Getting json_xema (Hex package)
Elixir tests (mix credo + mix test)	UNKNOWN STEP	2026-09-24T02:34:45.9962195Z * Getting conv_case (Hex package)
Elixir tests (mix credo + mix test)	UNKNOWN STEP	2026-09-24T02:34:45.9991876Z * Getting xema (Hex package)
Elixir tests (mix credo + mix test)	UNKNOWN STEP	2026-09-24T02:34:46.0073285Z * Getting ash_sql (Hex package)
Elixir tests (mix credo + mix test)	UNKNOWN STEP	2026-09-24T02:34:46.0141043Z * Getting crux (Hex package)
Elixir tests (mix credo + mix test)	UNKNOWN STEP	2026-09-24T02:34:46.0212282Z * Getting ets (Hex package)
Elixir tests (mix credo + mix test)	UNKNOWN STEP	2026-09-24T02:34:46.0254477Z * Getting dcat (Hex package)
Elixir tests (mix credo + mix test)	UNKNOWN STEP	2026-09-24T02:34:46.0792081Z * Getting dcatr (Hex package)
Elixir tests (mix credo + mix test)	UNKNOWN STEP	2026-09-24T02:34:46.1493232Z * Getting grax (Hex package)
Elixir tests (mix credo + mix test)	UNKNOWN STEP	2026-09-24T02:34:46.1925140Z * Getting prov (Hex package)
Elixir tests (mix credo + mix test)	UNKNOWN STEP	2026-09-24T02:34:46.2379226Z * Getting uniq (Hex package)
Elixir tests (mix credo + mix test)	UNKNOWN STEP	2026-09-24T02:34:46.2413113Z * Getting yuri_template (Hex package)
Elixir tests (mix credo + mix test)	UNKNOWN STEP	2026-09-24T02:34:46.2464847Z * Getting foaf (Hex package)
Elixir tests (mix credo + mix test)	UNKNOWN STEP	2026-09-24T02:34:46.2840758Z * Getting skos (Hex package)
Elixir tests (mix credo + mix test)	UNKNOWN STEP	2026-09-24T02:34:46.3194606Z * Getting yamerl (Hex package)
Elixir tests (mix credo + mix test)	UNKNOWN STEP	2026-09-24T02:34:46.3323574Z * Getting iterex (Hex package)
Elixir tests (mix credo + mix test)	UNKNOWN STEP	2026-09-24T02:34:46.3501209Z * Getting multigraph (Hex package)
Elixir tests (mix credo + mix test)	UNKNOWN STEP	2026-09-24T02:34:46.3587684Z * Getting ymlr (Hex package)
Elixir tests (mix credo + mix test)	UNKNOWN STEP	2026-09-24T02:34:46.3635805Z * Getting ex_ast (Hex package)
Elixir tests (mix credo + mix test)	UNKNOWN STEP	2026-09-24T02:34:46.3787757Z * Getting glob_ex (Hex package)
Elixir tests (mix credo + mix test)	UNKNOWN STEP	2026-09-24T02:34:46.3835350Z * Getting owl (Hex package)
Elixir tests (mix credo + mix test)	UNKNOWN STEP	2026-09-24T02:34:46.3930071Z * Getting rewrite (Hex package)
Elixir tests (mix credo + mix test)	UNKNOWN STEP	2026-09-24T02:34:46.4013463Z * Getting sourceror (Hex package)
Elixir tests (mix credo + mix test)	UNKNOWN STEP	2026-09-24T02:34:46.4121932Z * Getting spitfire (Hex package)
Elixir tests (mix credo + mix test)	UNKNOWN STEP	2026-09-24T02:34:46.4177947Z * Getting text_diff (Hex package)
Elixir tests (mix credo + mix test)	UNKNOWN STEP	2026-09-24T02:34:46.4206153Z * Getting nimble_csv (Hex package)
Elixir tests (mix credo + mix test)	UNKNOWN STEP	2026-09-24T02:34:46.4235649Z * Getting protocol_ex (Hex package)
Elixir tests (mix credo + mix test)	UNKNOWN STEP	2026-09-24T02:34:46.4265119Z * Getting jcs (Hex package)
Elixir tests (mix credo + mix test)	UNKNOWN STEP	2026-09-24T02:34:46.4297645Z Found packages with security advisories, see above for details
Elixir tests (mix credo + mix test)	UNKNOWN STEP	2026-09-24T02:34:46.4298483Z You have added/upgraded packages you could sponsor, run `mix hex.sponsor` to learn more
Elixir tests (mix credo + mix test)	UNKNOWN STEP	2026-09-24T02:34:46.7504534Z ##[group]Run set -euo pipefail
Elixir tests (mix credo + mix test)	UNKNOWN STEP	2026-09-24T02:34:46.7504970Z ^[[36;1mset -euo pipefail^[[0m
Elixir tests (mix credo + mix test)	UNKNOWN STEP	2026-09-24T02:34:46.7505409Z ^[[36;1mrm -rf _build/dev/lib/ggen_igniter _build/test/lib/ggen_igniter^[[0m
Elixir tests (mix credo + mix test)	UNKNOWN STEP	2026-09-24T02:34:46.7530871Z shell: /usr/bin/bash --noprofile --norc -e -o pipefail {0}
Elixir tests (mix credo + mix test)	UNKNOWN STEP	2026-09-24T02:34:46.7531312Z env:
Elixir tests (mix credo + mix test)	UNKNOWN STEP	2026-09-24T02:34:46.7531671Z   INSTALL_DIR_FOR_OTP: /home/runner/work/_temp/.setup-beam/otp
Elixir tests (mix credo + mix test)	UNKNOWN STEP	2026-09-24T02:34:46.7532265Z   INSTALL_DIR_FOR_ELIXIR: /home/runner/work/_temp/.setup-beam/elixir
Elixir tests (mix credo + mix test)	UNKNOWN STEP	2026-09-24T02:34:46.7532754Z   INSTALL_DIR_FOR_REBAR3: /home/runner/work/_temp/.setup-beam/rebar3
Elixir tests (mix credo + mix test)	UNKNOWN STEP	2026-09-24T02:34:46.7533150Z ##[endgroup]
Elixir tests (mix credo + mix test)	UNKNOWN STEP	2026-09-24T02:34:46.7618406Z ##[group]Run mix format --check-formatted
Elixir tests (mix credo + mix test)	UNKNOWN STEP	2026-09-24T02:34:46.7618800Z ^[[36;1mmix format --check-formatted^[[0m
Elixir tests (mix credo + mix test)	UNKNOWN STEP	2026-09-24T02:34:46.7639617Z shell: /usr/bin/bash --noprofile --norc -e -o pipefail {0}
Elixir tests (mix credo + mix test)	UNKNOWN STEP	2026-09-24T02:34:46.7640069Z env:
Elixir tests (mix credo + mix test)	UNKNOWN STEP	2026-09-24T02:34:46.7640422Z   INSTALL_DIR_FOR_OTP: /home/runner/work/_temp/.setup-beam/otp
Elixir tests (mix credo + mix test)	UNKNOWN STEP	2026-09-24T02:34:46.7640894Z   INSTALL_DIR_FOR_ELIXIR: /home/runner/work/_temp/.setup-beam/elixir
Elixir tests (mix credo + mix test)	UNKNOWN STEP	2026-09-24T02:34:46.7641429Z   INSTALL_DIR_FOR_REBAR3: /home/runner/work/_temp/.setup-beam/rebar3
Elixir tests (mix credo + mix test)	UNKNOWN STEP	2026-09-24T02:34:46.7641852Z ##[endgroup]
Elixir tests (mix credo + mix test)	UNKNOWN STEP	2026-09-24T02:34:47.5403623Z ##[group]Run mix credo
Elixir tests (mix credo + mix test)	UNKNOWN STEP	2026-09-24T02:34:47.5404095Z ^[[36;1mmix credo^[[0m
Elixir tests (mix credo + mix test)	UNKNOWN STEP	2026-09-24T02:34:47.5436798Z shell: /usr/bin/bash --noprofile --norc -e -o pipefail {0}
Elixir tests (mix credo + mix test)	UNKNOWN STEP	2026-09-24T02:34:47.5565688Z env:
Elixir tests (mix credo + mix test)	UNKNOWN STEP	2026-09-24T02:34:47.5566352Z   INSTALL_DIR_FOR_OTP: /home/runner/work/_temp/.setup-beam/otp
Elixir tests (mix credo + mix test)	UNKNOWN STEP	2026-09-24T02:34:47.5566867Z   INSTALL_DIR_FOR_ELIXIR: /home/runner/work/_temp/.setup-beam/elixir
Elixir tests (mix credo + mix test)	UNKNOWN STEP	2026-09-24T02:34:47.5567348Z   INSTALL_DIR_FOR_REBAR3: /home/runner/work/_temp/.setup-beam/rebar3
Elixir tests (mix credo + mix test)	UNKNOWN STEP	2026-09-24T02:34:47.5567648Z ##[endgroup]
Elixir tests (mix credo + mix test)	UNKNOWN STEP	2026-09-24T02:34:48.1826452Z ==> earmark_parser
Elixir tests (mix credo + mix test)	UNKNOWN STEP	2026-09-24T02:34:48.1827401Z Compiling 2 files (.xrl)
Elixir tests (mix credo + mix test)	UNKNOWN STEP	2026-09-24T02:34:48.2055449Z Compiling 1 file (.yrl)
Elixir tests (mix credo + mix test)	UNKNOWN STEP	2026-09-24T02:34:48.2345496Z Compiling 3 files (.erl)
Elixir tests (mix credo + mix test)	UNKNOWN STEP	2026-09-24T02:34:48.3909663Z Compiling 32 files (.ex)
Elixir tests (mix credo + mix test)	UNKNOWN STEP	2026-09-24T02:34:48.9903487Z Generated earmark_parser app
Elixir tests (mix credo + mix test)	UNKNOWN STEP	2026-09-24T02:34:49.0989037Z ==> sourceror
Elixir tests (mix credo + mix test)	UNKNOWN STEP	2026-09-24T02:34:49.0990457Z Compiling 20 files (.ex)
Elixir tests (mix credo + mix test)	UNKNOWN STEP	2026-09-24T02:34:50.0490738Z Generated sourceror app
Elixir tests (mix credo + mix test)	UNKNOWN STEP	2026-09-24T02:34:50.0943350Z ==> text_diff
Elixir tests (mix credo + mix test)	UNKNOWN STEP	2026-09-24T02:34:50.0944067Z Compiling 1 file (.ex)
Elixir tests (mix credo + mix test)	UNKNOWN STEP	2026-09-24T02:34:50.1738370Z Generated text_diff app
Elixir tests (mix credo + mix test)	UNKNOWN STEP	2026-09-24T02:34:50.2002350Z ==> file_system
Elixir tests (mix credo + mix test)	UNKNOWN STEP	2026-09-24T02:34:50.2003137Z Compiling 7 files (.ex)
Elixir tests (mix credo + mix test)	UNKNOWN STEP	2026-09-24T02:34:50.3287075Z Generated file_system app
Elixir tests (mix credo + mix test)	UNKNOWN STEP	2026-09-24T02:34:50.3802183Z ==> stream_data
Elixir tests (mix credo + mix test)	UNKNOWN STEP	2026-09-24T02:34:50.3802878Z Compiling 3 files (.ex)
Elixir tests (mix credo + mix test)	UNKNOWN STEP	2026-09-24T02:34:50.9430685Z Generated stream_data app
Elixir tests (mix credo + mix test)	UNKNOWN STEP	2026-09-24T02:34:50.9725957Z ==> decimal
Elixir tests (mix credo + mix test)	UNKNOWN STEP	2026-09-24T02:34:50.9726923Z Compiling 4 files (.ex)
Elixir tests (mix credo + mix test)	UNKNOWN STEP	2026-09-24T02:34:51.5716471Z Generated decimal app
Elixir tests (mix credo + mix test)	UNKNOWN STEP	2026-09-24T02:34:51.5980411Z ==> spitfire
Elixir tests (mix credo + mix test)	UNKNOWN STEP	2026-09-24T02:34:51.5981618Z Compiling 2 files (.erl)
Elixir tests (mix credo + mix test)	UNKNOWN STEP	2026-09-24T02:34:52.2589691Z Compiling 5 files (.ex)
Elixir tests (mix credo + mix test)	UNKNOWN STEP	2026-09-24T02:34:53.3967852Z Generated spitfire app
Elixir tests (mix credo + mix test)	UNKNOWN STEP	2026-09-24T02:34:53.4194242Z ==> ymlr
Elixir tests (mix credo + mix test)	UNKNOWN STEP	2026-09-24T02:34:53.4194591Z Compiling 3 files (.ex)
Elixir tests (mix credo + mix test)	UNKNOWN STEP	2026-09-24T02:34:53.6346296Z Generated ymlr app
Elixir tests (mix credo + mix test)	UNKNOWN STEP	2026-09-24T02:34:53.6747049Z ==> mime
Elixir tests (mix credo + mix test)	UNKNOWN STEP	2026-09-24T02:34:53.6747651Z Compiling 1 file (.ex)
Elixir tests (mix credo + mix test)	UNKNOWN STEP	2026-09-24T02:34:53.7629751Z Generated mime app
Elixir tests (mix credo + mix test)	UNKNOWN STEP	2026-09-24T02:34:53.7941371Z ==> toml
Elixir tests (mix credo + mix test)	UNKNOWN STEP	2026-09-24T02:34:53.7941699Z Compiling 10 files (.ex)
Elixir tests (mix credo + mix test)	UNKNOWN STEP	2026-09-24T02:34:53.8070302Z      warning: using single-quoted strings to represent charlists is deprecated.
Elixir tests (mix credo + mix test)	UNKNOWN STEP	2026-09-24T02:34:53.8071549Z      Use ~c"" if you indeed want a charlist or use "" instead.
Elixir tests (mix credo + mix test)	UNKNOWN STEP	2026-09-24T02:34:53.8072434Z      You may run "mix format --migrate" to change all single-quoted
Elixir tests (mix credo + mix test)	UNKNOWN STEP	2026-09-24T02:34:53.8073260Z      strings to use the ~c sigil and fix this warning.
Elixir tests (mix credo + mix test)	UNKNOWN STEP	2026-09-24T02:34:53.8074103Z      │
Elixir tests (mix credo + mix test)	UNKNOWN STEP	2026-09-24T02:34:53.8074974Z  264 │   defp handle_token(lexer, original, doc, type, skip, _data, lines) when type in '-_' do
Elixir tests (mix credo + mix test)	UNKNOWN STEP	2026-09-24T02:34:53.8076247Z      │                                                                                  ~
Elixir tests (mix credo + mix test)	UNKNOWN STEP	2026-09-24T02:34:53.8077003Z      │
Elixir tests (mix credo + mix test)	UNKNOWN STEP	2026-09-24T02:34:53.8077790Z      └─ lib/decoder.ex:264:82
Elixir tests (mix credo + mix test)	UNKNOWN STEP	2026-09-24T02:34:53.8078300Z 
Elixir tests (mix credo + mix test)	UNKNOWN STEP	2026-09-24T02:34:53.8102768Z      warning: using single-quoted strings to represent charlists is deprecated.
Elixir tests (mix credo + mix test)	UNKNOWN STEP	2026-09-24T02:34:53.8110027Z      Use ~c"" if you indeed want a charlist or use "" instead.
Elixir tests (mix credo + mix test)	UNKNOWN STEP	2026-09-24T02:34:53.8130297Z      You may run "mix format --migrate" to change all single-quoted
Elixir tests (mix credo + mix test)	UNKNOWN STEP	2026-09-24T02:34:53.8131196Z      strings to use the ~c sigil and fix this warning.
Elixir tests (mix credo + mix test)	UNKNOWN STEP	2026-09-24T02:34:53.8132138Z      │
Elixir tests (mix credo + mix test)	UNKNOWN STEP	2026-09-24T02:34:53.8132767Z  371 │       {:ok, {type, _skip, _data, _lines}} when type in '-+' ->
Elixir tests (mix credo + mix test)	UNKNOWN STEP	2026-09-24T02:34:53.8133537Z      │                                                        ~
Elixir tests (mix credo + mix test)	UNKNOWN STEP	2026-09-24T02:34:53.8134075Z      │
Elixir tests (mix credo + mix test)	UNKNOWN STEP	2026-09-24T02:34:53.8134525Z      └─ lib/decoder.ex:371:56
Elixir tests (mix credo + mix test)	UNKNOWN STEP	2026-09-24T02:34:53.8135010Z 
Elixir tests (mix credo + mix test)	UNKNOWN STEP	2026-09-24T02:34:53.8135516Z      warning: using single-quoted strings to represent charlists is deprecated.
Elixir tests (mix credo + mix test)	UNKNOWN STEP	2026-09-24T02:34:53.8136494Z      Use ~c"" if you indeed want a charlist or use "" instead.
Elixir tests (mix credo + mix test)	UNKNOWN STEP	2026-09-24T02:34:53.8137284Z      You may run "mix format --migrate" to change all single-quoted
Elixir tests (mix credo + mix test)	UNKNOWN STEP	2026-09-24T02:34:53.8138462Z      strings to use the ~c sigil and fix this warning.
Elixir tests (mix credo + mix test)	UNKNOWN STEP	2026-09-24T02:34:53.8139059Z      │
Elixir tests (mix credo + mix test)	UNKNOWN STEP	2026-09-24T02:34:53.8139813Z  419 │           {:ok, {:alpha, _, <<c::utf8>>, _}} when c in 'eE' ->
Elixir tests (mix credo + mix test)	UNKNOWN STEP	2026-09-24T02:34:53.8140626Z      │                                                        ~
Elixir tests (mix credo + mix test)	UNKNOWN STEP	2026-09-24T02:34:53.8141164Z      │
Elixir tests (mix credo + mix test)	UNKNOWN STEP	2026-09-24T02:34:53.8141635Z      └─ lib/decoder.ex:419:56
Elixir tests (mix credo + mix test)	UNKNOWN STEP	2026-09-24T02:34:53.8141985Z 
Elixir tests (mix credo + mix test)	UNKNOWN STEP	2026-09-24T02:34:53.8177268Z      warning: using single-quoted strings to represent charlists is deprecated.
Elixir tests (mix credo + mix test)	UNKNOWN STEP	2026-09-24T02:34:53.8177923Z      Use ~c"" if you indeed want a charlist or use "" instead.
Elixir tests (mix credo + mix test)	UNKNOWN STEP	2026-09-24T02:34:53.8178450Z      You may run "mix format --migrate" to change all single-quoted
Elixir tests (mix credo + mix test)	UNKNOWN STEP	2026-09-24T02:34:53.8178947Z      strings to use the ~c sigil and fix this warning.
Elixir tests (mix credo + mix test)	UNKNOWN STEP	2026-09-24T02:34:53.8179476Z      │
Elixir tests (mix credo + mix test)	UNKNOWN STEP	2026-09-24T02:34:53.8180015Z  474 │       {:ok, {:alpha, _, <<c::utf8>>, _}} when c in 'eE' ->
Elixir tests (mix credo + mix test)	UNKNOWN STEP	2026-09-24T02:34:53.8180529Z      │                                                    ~
Elixir tests (mix credo + mix test)	UNKNOWN STEP	2026-09-24T02:34:53.8180933Z      │
Elixir tests (mix credo + mix test)	UNKNOWN STEP	2026-09-24T02:34:53.8181259Z      └─ lib/decoder.ex:474:52
Elixir tests (mix credo + mix test)	UNKNOWN STEP	2026-09-24T02:34:53.8181478Z 
Elixir tests (mix credo + mix test)	UNKNOWN STEP	2026-09-24T02:34:53.8201560Z      warning: using single-quoted strings to represent charlists is deprecated.
Elixir tests (mix credo + mix test)	UNKNOWN STEP	2026-09-24T02:34:53.8202269Z      Use ~c"" if you indeed want a charlist or use "" instead.
Elixir tests (mix credo + mix test)	UNKNOWN STEP	2026-09-24T02:34:53.8202831Z      You may run "mix format --migrate" to change all single-quoted
Elixir tests (mix credo + mix test)	UNKNOWN STEP	2026-09-24T02:34:53.8203397Z      strings to use the ~c sigil and fix this warning.
Elixir tests (mix credo + mix test)	UNKNOWN STEP	2026-09-24T02:34:53.8203912Z      │
Elixir tests (mix credo + mix test)	UNKNOWN STEP	2026-09-24T02:34:53.8204367Z  514 │       {:ok, {sign, _, _, _}} when sign in '-+' and last == ?e ->
Elixir tests (mix credo + mix test)	UNKNOWN STEP	2026-09-24T02:34:53.8205004Z      │                                           ~
Elixir tests (mix credo + mix test)	UNKNOWN STEP	2026-09-24T02:34:53.8205391Z      │
Elixir tests (mix credo + mix test)	UNKNOWN STEP	2026-09-24T02:34:53.8205844Z      └─ lib/decoder.ex:514:43
Elixir tests (mix credo + mix test)	UNKNOWN STEP	2026-09-24T02:34:53.8206082Z 
Elixir tests (mix credo + mix test)	UNKNOWN STEP	2026-09-24T02:34:53.8221213Z      warning: using single-quoted strings to represent charlists is deprecated.
Elixir tests (mix credo + mix test)	UNKNOWN STEP	2026-09-24T02:34:53.8222880Z      Use ~c"" if you indeed want a charlist or use "" instead.
Elixir tests (mix credo + mix test)	UNKNOWN STEP	2026-09-24T02:34:53.8223889Z      You may run "mix format --migrate" to change all single-quoted
Elixir tests (mix credo + mix test)	UNKNOWN STEP	2026-09-24T02:34:53.8236587Z      strings to use the ~c sigil and fix this warning.
Elixir tests (mix credo + mix test)	UNKNOWN STEP	2026-09-24T02:34:53.8251313Z      │
Elixir tests (mix credo + mix test)	UNKNOWN STEP	2026-09-24T02:34:53.8266486Z  518 │       {:ok, {:alpha, _, <<c::utf8>>, _}} when c in 'eE' and signal == ?. ->
Elixir tests (mix credo + mix test)	UNKNOWN STEP	2026-09-24T02:34:53.8267679Z      │                                                    ~
Elixir tests (mix credo + mix test)	UNKNOWN STEP	2026-09-24T02:34:53.8268123Z      │
Elixir tests (mix credo + mix test)	UNKNOWN STEP	2026-09-24T02:34:53.8268459Z      └─ lib/decoder.ex:518:52
Elixir tests (mix credo + mix test)	UNKNOWN STEP	2026-09-24T02:34:53.8268674Z 
Elixir tests (mix credo + mix test)	UNKNOWN STEP	2026-09-24T02:34:53.8268976Z      warning: using single-quoted strings to represent charlists is deprecated.
Elixir tests (mix credo + mix test)	UNKNOWN STEP	2026-09-24T02:34:53.8269809Z      Use ~c"" if you indeed want a charlist or use "" instead.
Elixir tests (mix credo + mix test)	UNKNOWN STEP	2026-09-24T02:34:53.8270358Z      You may run "mix format --migrate" to change all single-quoted
Elixir tests (mix credo + mix test)	UNKNOWN STEP	2026-09-24T02:34:53.8270911Z      strings to use the ~c sigil and fix this warning.
Elixir tests (mix credo + mix test)	UNKNOWN STEP	2026-09-24T02:34:53.8271340Z      │
Elixir tests (mix credo + mix test)	UNKNOWN STEP	2026-09-24T02:34:53.8271736Z  522 │       {:ok, {?_, skip, _, lines}} when last not in '_e.' ->
Elixir tests (mix credo + mix test)	UNKNOWN STEP	2026-09-24T02:34:53.8272254Z      │                                                    ~
Elixir tests (mix credo + mix test)	UNKNOWN STEP	2026-09-24T02:34:53.8272605Z      │
Elixir tests (mix credo + mix test)	UNKNOWN STEP	2026-09-24T02:34:53.8272904Z      └─ lib/decoder.ex:522:52
Elixir tests (mix credo + mix test)	UNKNOWN STEP	2026-09-24T02:34:53.8273122Z 
Elixir tests (mix credo + mix test)	UNKNOWN STEP	2026-09-24T02:34:53.8273409Z      warning: using single-quoted strings to represent charlists is deprecated.
Elixir tests (mix credo + mix test)	UNKNOWN STEP	2026-09-24T02:34:53.8273981Z      Use ~c"" if you indeed want a charlist or use "" instead.
Elixir tests (mix credo + mix test)	UNKNOWN STEP	2026-09-24T02:34:53.8274471Z      You may run "mix format --migrate" to change all single-quoted
Elixir tests (mix credo + mix test)	UNKNOWN STEP	2026-09-24T02:34:53.8274924Z      strings to use the ~c sigil and fix this warning.
Elixir tests (mix credo + mix test)	UNKNOWN STEP	2026-09-24T02:34:53.8275274Z      │
Elixir tests (mix credo + mix test)	UNKNOWN STEP	2026-09-24T02:34:53.8275635Z  538 │       {:ok, {type, skip, data, lines}} when last in 'e.' ->
Elixir tests (mix credo + mix test)	UNKNOWN STEP	2026-09-24T02:34:53.8276221Z      │                                                     ~
Elixir tests (mix credo + mix test)	UNKNOWN STEP	2026-09-24T02:34:53.8276547Z      │
Elixir tests (mix credo + mix test)	UNKNOWN STEP	2026-09-24T02:34:53.8276854Z      └─ lib/decoder.ex:538:53
Elixir tests (mix credo + mix test)	UNKNOWN STEP	2026-09-24T02:34:53.8277119Z 
Elixir tests (mix credo + mix test)	UNKNOWN STEP	2026-09-24T02:34:53.8277724Z      warning: using single-quoted strings to represent charlists is deprecated.
Elixir tests (mix credo + mix test)	UNKNOWN STEP	2026-09-24T02:34:53.8278270Z      Use ~c"" if you indeed want a charlist or use "" instead.
Elixir tests (mix credo + mix test)	UNKNOWN STEP	2026-09-24T02:34:53.8278733Z      You may run "mix format --migrate" to change all single-quoted
Elixir tests (mix credo + mix test)	UNKNOWN STEP	2026-09-24T02:34:53.8279183Z      strings to use the ~c sigil and fix this warning.
Elixir tests (mix credo + mix test)	UNKNOWN STEP	2026-09-24T02:34:53.8279545Z      │
Elixir tests (mix credo + mix test)	UNKNOWN STEP	2026-09-24T02:34:53.8279949Z  542 │       {:ok, {_type, skip, _data, lines} = token} when last not in '_e.' ->
Elixir tests (mix credo + mix test)	UNKNOWN STEP	2026-09-24T02:34:53.8280372Z      │                                                                   ~
Elixir tests (mix credo + mix test)	UNKNOWN STEP	2026-09-24T02:34:53.8280648Z      │
Elixir tests (mix credo + mix test)	UNKNOWN STEP	2026-09-24T02:34:53.8280875Z      └─ lib/decoder.ex:542:67
Elixir tests (mix credo + mix test)	UNKNOWN STEP	2026-09-24T02:34:53.8281023Z 
Elixir tests (mix credo + mix test)	UNKNOWN STEP	2026-09-24T02:34:53.8301690Z      warning: using single-quoted strings to represent charlists is deprecated.
Elixir tests (mix credo + mix test)	UNKNOWN STEP	2026-09-24T02:34:53.8302350Z      Use ~c"" if you indeed want a charlist or use "" instead.
Elixir tests (mix credo + mix test)	UNKNOWN STEP	2026-09-24T02:34:53.8303018Z      You may run "mix format --migrate" to change all single-quoted
Elixir tests (mix credo + mix test)	UNKNOWN STEP	2026-09-24T02:34:53.8303641Z      strings to use the ~c sigil and fix this warning.
Elixir tests (mix credo + mix test)	UNKNOWN STEP	2026-09-24T02:34:53.8304082Z      │
Elixir tests (mix credo + mix test)	UNKNOWN STEP	2026-09-24T02:34:53.8304486Z  682 │         {:ok, {sign, _, _, _}} when sign in '-+' ->
Elixir tests (mix credo + mix test)	UNKNOWN STEP	2026-09-24T02:34:53.8304966Z      │                                             ~
Elixir tests (mix credo + mix test)	UNKNOWN STEP	2026-09-24T02:34:53.8305319Z      │
Elixir tests (mix credo + mix test)	UNKNOWN STEP	2026-09-24T02:34:53.8305645Z      └─ lib/decoder.ex:682:45
Elixir tests (mix credo + mix test)	UNKNOWN STEP	2026-09-24T02:34:53.8305986Z 
Elixir tests (mix credo + mix test)	UNKNOWN STEP	2026-09-24T02:34:53.8352145Z      warning: using single-quoted strings to represent charlists is deprecated.
Elixir tests (mix credo + mix test)	UNKNOWN STEP	2026-09-24T02:34:53.8352953Z      Use ~c"" if you indeed want a charlist or use "" instead.
Elixir tests (mix credo + mix test)	UNKNOWN STEP	2026-09-24T02:34:53.8353572Z      You may run "mix format --migrate" to change all single-quoted
Elixir tests (mix credo + mix test)	UNKNOWN STEP	2026-09-24T02:34:53.8354121Z      strings to use the ~c sigil and fix this warning.
Elixir tests (mix credo + mix test)	UNKNOWN STEP	2026-09-24T02:34:53.8354736Z      │
Elixir tests (mix credo + mix test)	UNKNOWN STEP	2026-09-24T02:34:53.8355175Z  796 │       {:ok, {sign, _, _, _}} when sign in '-+' ->
Elixir tests (mix credo + mix test)	UNKNOWN STEP	2026-09-24T02:34:53.8355832Z      │                                           ~
Elixir tests (mix credo + mix test)	UNKNOWN STEP	2026-09-24T02:34:53.8356603Z      │
Elixir tests (mix credo + mix test)	UNKNOWN STEP	2026-09-24T02:34:53.8356988Z      └─ lib/decoder.ex:796:43
Elixir tests (mix credo + mix test)	UNKNOWN STEP	2026-09-24T02:34:53.8357219Z 
Elixir tests (mix credo + mix test)	UNKNOWN STEP	2026-09-24T02:34:53.8392333Z      warning: using single-quoted strings to represent charlists is deprecated.
Elixir tests (mix credo + mix test)	UNKNOWN STEP	2026-09-24T02:34:53.8393005Z      Use ~c"" if you indeed want a charlist or use "" instead.
Elixir tests (mix credo + mix test)	UNKNOWN STEP	2026-09-24T02:34:53.8393552Z      You may run "mix format --migrate" to change all single-quoted
Elixir tests (mix credo + mix test)	UNKNOWN STEP	2026-09-24T02:34:53.8394069Z      strings to use the ~c sigil and fix this warning.
Elixir tests (mix credo + mix test)	UNKNOWN STEP	2026-09-24T02:34:53.8394578Z      │
Elixir tests (mix credo + mix test)	UNKNOWN STEP	2026-09-24T02:34:53.8395023Z  916 │         {:ok, {type, skip, _, lines}} when type in '-_' ->
Elixir tests (mix credo + mix test)	UNKNOWN STEP	2026-09-24T02:34:53.8395542Z      │                                                    ~
Elixir tests (mix credo + mix test)	UNKNOWN STEP	2026-09-24T02:34:53.8396066Z      │
Elixir tests (mix credo + mix test)	UNKNOWN STEP	2026-09-24T02:34:53.8396444Z      └─ lib/decoder.ex:916:52
Elixir tests (mix credo + mix test)	UNKNOWN STEP	2026-09-24T02:34:53.8396664Z 
Elixir tests (mix credo + mix test)	UNKNOWN STEP	2026-09-24T02:34:53.8440173Z      warning: using single-quoted strings to represent charlists is deprecated.
Elixir tests (mix credo + mix test)	UNKNOWN STEP	2026-09-24T02:34:53.8440916Z      Use ~c"" if you indeed want a charlist or use "" instead.
Elixir tests (mix credo + mix test)	UNKNOWN STEP	2026-09-24T02:34:53.8442948Z      You may run "mix format --migrate" to change all single-quoted
Elixir tests (mix credo + mix test)	UNKNOWN STEP	2026-09-24T02:34:53.8443532Z      strings to use the ~c sigil and fix this warning.
Elixir tests (mix credo + mix test)	UNKNOWN STEP	2026-09-24T02:34:53.8444062Z      │
Elixir tests (mix credo + mix test)	UNKNOWN STEP	2026-09-24T02:34:53.8444497Z  954 │               {:ok, {type, _, _, _}} when type in '-_' ->
Elixir tests (mix credo + mix test)	UNKNOWN STEP	2026-09-24T02:34:53.8445069Z      │                                                   ~
Elixir tests (mix credo + mix test)	UNKNOWN STEP	2026-09-24T02:34:53.8445478Z      │
Elixir tests (mix credo + mix test)	UNKNOWN STEP	2026-09-24T02:34:53.8456639Z      └─ lib/decoder.ex:954:51
Elixir tests (mix credo + mix test)	UNKNOWN STEP	2026-09-24T02:34:53.8457106Z 
Elixir tests (mix credo + mix test)	UNKNOWN STEP	2026-09-24T02:34:53.8478809Z      warning: using single-quoted strings to represent charlists is deprecated.
Elixir tests (mix credo + mix test)	UNKNOWN STEP	2026-09-24T02:34:53.8496904Z      Use ~c"" if you indeed want a charlist or use "" instead.
Elixir tests (mix credo + mix test)	UNKNOWN STEP	2026-09-24T02:34:53.8497871Z      You may run "mix format --migrate" to change all single-quoted
Elixir tests (mix credo + mix test)	UNKNOWN STEP	2026-09-24T02:34:53.8498644Z      strings to use the ~c sigil and fix this warning.
Elixir tests (mix credo + mix test)	UNKNOWN STEP	2026-09-24T02:34:53.8499317Z      │
Elixir tests (mix credo + mix test)	UNKNOWN STEP	2026-09-24T02:34:53.8499986Z  969 │       {:ok, {type, _, _, _}} when type in '-_' ->
Elixir tests (mix credo + mix test)	UNKNOWN STEP	2026-09-24T02:34:53.8501020Z      │                                           ~
Elixir tests (mix credo + mix test)	UNKNOWN STEP	2026-09-24T02:34:53.8501563Z      │
Elixir tests (mix credo + mix test)	UNKNOWN STEP	2026-09-24T02:34:53.8502060Z      └─ lib/decoder.ex:969:43
Elixir tests (mix credo + mix test)	UNKNOWN STEP	2026-09-24T02:34:53.8502447Z 
Elixir tests (mix credo + mix test)	UNKNOWN STEP	2026-09-24T02:34:53.8520918Z      warning: using single-quoted strings to represent charlists is deprecated.
Elixir tests (mix credo + mix test)	UNKNOWN STEP	2026-09-24T02:34:53.8521832Z      Use ~c"" if you indeed want a charlist or use "" instead.
Elixir tests (mix credo + mix test)	UNKNOWN STEP	2026-09-24T02:34:53.8522465Z      You may run "mix format --migrate" to change all single-quoted
Elixir tests (mix credo + mix test)	UNKNOWN STEP	2026-09-24T02:34:53.8523086Z      strings to use the ~c sigil and fix this warning.
Elixir tests (mix credo + mix test)	UNKNOWN STEP	2026-09-24T02:34:53.8523896Z      │
Elixir tests (mix credo + mix test)	UNKNOWN STEP	2026-09-24T02:34:53.8524471Z  983 │           {:ok, {type, _, _, _}} when type in '-_' ->
Elixir tests (mix credo + mix test)	UNKNOWN STEP	2026-09-24T02:34:53.8525150Z      │                                               ~
Elixir tests (mix credo + mix test)	UNKNOWN STEP	2026-09-24T02:34:53.8525677Z      │
Elixir tests (mix credo + mix test)	UNKNOWN STEP	2026-09-24T02:34:53.8526410Z      └─ lib/decoder.ex:983:47
Elixir tests (mix credo + mix test)	UNKNOWN STEP	2026-09-24T02:34:53.8526901Z 
Elixir tests (mix credo + mix test)	UNKNOWN STEP	2026-09-24T02:34:54.3048584Z Generated toml app
Elixir tests (mix credo + mix test)	UNKNOWN STEP	2026-09-24T02:34:54.6237452Z ==> ggen_igniter
Elixir tests (mix credo + mix test)	UNKNOWN STEP	2026-09-24T02:34:54.6237982Z ===> Analyzing applications...
Elixir tests (mix credo + mix test)	UNKNOWN STEP	2026-09-24T02:34:54.9045231Z ===> Compiling idna
Elixir tests (mix credo + mix test)	UNKNOWN STEP	2026-09-24T02:35:00.1206164Z ==> nimble_options
Elixir tests (mix credo + mix test)	UNKNOWN STEP	2026-09-24T02:35:00.1206582Z Compiling 3 files (.ex)
Elixir tests (mix credo + mix test)	UNKNOWN STEP	2026-09-24T02:35:00.3974975Z Generated nimble_options app
Elixir tests (mix credo + mix test)	UNKNOWN STEP	2026-09-24T02:35:00.4237918Z ==> nimble_parsec
Elixir tests (mix credo + mix test)	UNKNOWN STEP	2026-09-24T02:35:00.4239187Z Compiling 4 files (.ex)
Elixir tests (mix credo + mix test)	UNKNOWN STEP	2026-09-24T02:35:00.7506797Z Generated nimble_parsec app
Elixir tests (mix credo + mix test)	UNKNOWN STEP	2026-09-24T02:35:00.7727764Z ==> bunt
Elixir tests (mix credo + mix test)	UNKNOWN STEP	2026-09-24T02:35:00.7728117Z Compiling 2 files (.ex)
Elixir tests (mix credo + mix test)	UNKNOWN STEP	2026-09-24T02:35:01.1050662Z Generated bunt app
Elixir tests (mix credo + mix test)	UNKNOWN STEP	2026-09-24T02:35:01.1250306Z ==> phoenix_template
Elixir tests (mix credo + mix test)	UNKNOWN STEP	2026-09-24T02:35:01.1251043Z Compiling 4 files (.ex)
Elixir tests (mix credo + mix test)	UNKNOWN STEP	2026-09-24T02:35:01.2177503Z Generated phoenix_template app
Elixir tests (mix credo + mix test)	UNKNOWN STEP	2026-09-24T02:35:01.2424929Z ==> multigraph
Elixir tests (mix credo + mix test)	UNKNOWN STEP	2026-09-24T02:35:01.2425370Z Compiling 16 files (.ex)
Elixir tests (mix credo + mix test)	UNKNOWN STEP	2026-09-24T02:35:01.7867147Z Generated multigraph app
Elixir tests (mix credo + mix test)	UNKNOWN STEP	2026-09-24T02:35:02.1327114Z ==> ggen_igniter
Elixir tests (mix credo + mix test)	UNKNOWN STEP	2026-09-24T02:35:02.1327511Z ===> Analyzing applications...
Elixir tests (mix credo + mix test)	UNKNOWN STEP	2026-09-24T02:35:02.1691437Z ===> Compiling telemetry
Elixir tests (mix credo + mix test)	UNKNOWN STEP	2026-09-24T02:35:02.4087012Z ==> thousand_island
Elixir tests (mix credo + mix test)	UNKNOWN STEP	2026-09-24T02:35:02.4087448Z Compiling 18 files (.ex)
Elixir tests (mix credo + mix test)	UNKNOWN STEP	2026-09-24T02:35:02.6494560Z Generated thousand_island app
Elixir tests (mix credo + mix test)	UNKNOWN STEP	2026-09-24T02:35:02.7032601Z ==> zoi
Elixir tests (mix credo + mix test)	UNKNOWN STEP	2026-09-24T02:35:02.7033760Z Compiling 85 files (.ex)
Elixir tests (mix credo + mix test)	UNKNOWN STEP	2026-09-24T02:35:04.9349797Z Generated zoi app
Elixir tests (mix credo + mix test)	UNKNOWN STEP	2026-09-24T02:35:05.0320025Z ==> jason
Elixir tests (mix credo + mix test)	UNKNOWN STEP	2026-09-24T02:35:05.0321236Z Compiling 10 files (.ex)
Elixir tests (mix credo + mix test)	UNKNOWN STEP	2026-09-24T02:35:07.8157885Z Generated jason app
Elixir tests (mix credo + mix test)	UNKNOWN STEP	2026-09-24T02:35:07.8849638Z ==> excoveralls
Elixir tests (mix credo + mix test)	UNKNOWN STEP	2026-09-24T02:35:07.8850362Z Compiling 29 files (.ex)
Elixir tests (mix credo + mix test)	UNKNOWN STEP	2026-09-24T02:35:08.3469549Z      warning: CAStore.file_path/0 is undefined (module CAStore is not available or is yet to be defined). Make sure the module name is correct and has been specified in full (or that an alias has been defined)
Elixir tests (mix credo + mix test)	UNKNOWN STEP	2026-09-24T02:35:08.3471327Z      │
Elixir tests (mix credo + mix test)	UNKNOWN STEP	2026-09-24T02:35:08.3472714Z  111 │         [cacertfile: String.to_charlist(CAStore.file_path())]
Elixir tests (mix credo + mix test)	UNKNOWN STEP	2026-09-24T02:35:08.3473256Z      │                                                 ~
Elixir tests (mix credo + mix test)	UNKNOWN STEP	2026-09-24T02:35:08.3473644Z      │
Elixir tests (mix credo + mix test)	UNKNOWN STEP	2026-09-24T02:35:08.3474111Z      └─ lib/excoveralls/poster.ex:111:49: ExCoveralls.Poster.cacert_option/0
Elixir tests (mix credo + mix test)	UNKNOWN STEP	2026-09-24T02:35:08.3474456Z 
Elixir tests (mix credo + mix test)	UNKNOWN STEP	2026-09-24T02:35:08.3568784Z Generated excoveralls app
Elixir tests (mix credo + mix test)	UNKNOWN STEP	2026-09-24T02:35:08.4238080Z ==> flame
Elixir tests (mix credo + mix test)	UNKNOWN STEP	2026-09-24T02:35:08.4238876Z Compiling 16 files (.ex)
Elixir tests (mix credo + mix test)	UNKNOWN STEP	2026-09-24T02:35:08.8980095Z Generated flame app
Elixir tests (mix credo + mix test)	UNKNOWN STEP	2026-09-24T02:35:08.9793912Z ==> db_connection
Elixir tests (mix credo + mix test)	UNKNOWN STEP	2026-09-24T02:35:08.9794240Z Compiling 18 files (.ex)
Elixir tests (mix credo + mix test)	UNKNOWN STEP	2026-09-24T02:35:09.6041822Z Generated db_connection app
Elixir tests (mix credo + mix test)	UNKNOWN STEP	2026-09-24T02:35:09.6861384Z ==> phoenix_pubsub
Elixir tests (mix credo + mix test)	UNKNOWN STEP	2026-09-24T02:35:09.6861696Z Compiling 12 files (.ex)
Elixir tests (mix credo + mix test)	UNKNOWN STEP	2026-09-24T02:35:10.0260446Z Generated phoenix_pubsub app
Elixir tests (mix credo + mix test)	UNKNOWN STEP	2026-09-24T02:35:10.0694600Z ==> abnf_parsec
Elixir tests (mix credo + mix test)	UNKNOWN STEP	2026-09-24T02:35:10.0694979Z Compiling 4 files (.ex)
Elixir tests (mix credo + mix test)	UNKNOWN STEP	2026-09-24T02:35:11.4844277Z Generated abnf_parsec app
Elixir tests (mix credo + mix test)	UNKNOWN STEP	2026-09-24T02:35:11.5127086Z ==> websockex
Elixir tests (mix credo + mix test)	UNKNOWN STEP	2026-09-24T02:35:11.5128241Z Compiling 6 files (.ex)
Elixir tests (mix credo + mix test)	UNKNOWN STEP	2026-09-24T02:35:11.9593966Z Generated websockex app
Elixir tests (mix credo + mix test)	UNKNOWN STEP	2026-09-24T02:35:12.0027212Z ==> protocol_ex
Elixir tests (mix credo + mix test)	UNKNOWN STEP	2026-09-24T02:35:12.0028286Z Compiling 2 files (.ex)
Elixir tests (mix credo + mix test)	UNKNOWN STEP	2026-09-24T02:35:12.5343907Z Generated protocol_ex app
Elixir tests (mix credo + mix test)	UNKNOWN STEP	2026-09-24T02:35:12.5621225Z ==> plug_crypto
Elixir tests (mix credo + mix test)	UNKNOWN STEP	2026-09-24T02:35:12.5621556Z Compiling 5 files (.ex)
Elixir tests (mix credo + mix test)	UNKNOWN STEP	2026-09-24T02:35:12.6812778Z Generated plug_crypto app
Elixir tests (mix credo + mix test)	UNKNOWN STEP	2026-09-24T02:35:12.7127405Z ==> yuri_template
Elixir tests (mix credo + mix test)	UNKNOWN STEP	2026-09-24T02:35:12.7128130Z Compiling 15 files (.ex)
Elixir tests (mix credo + mix test)	UNKNOWN STEP	2026-09-24T02:35:12.7508365Z     warning: using single-quoted strings to represent charlists is deprecated.
Elixir tests (mix credo + mix test)	UNKNOWN STEP	2026-09-24T02:35:12.7509692Z     Use ~c"" if you indeed want a charlist or use "" instead.
Elixir tests (mix credo + mix test)	UNKNOWN STEP	2026-09-24T02:35:12.7510530Z     You may run "mix format --migrate" to change all single-quoted
Elixir tests (mix credo + mix test)	UNKNOWN STEP	2026-09-24T02:35:12.7511317Z     strings to use the ~c sigil and fix this warning.
Elixir tests (mix credo + mix test)	UNKNOWN STEP	2026-09-24T02:35:12.7512134Z     │
Elixir tests (mix credo + mix test)	UNKNOWN STEP	2026-09-24T02:35:12.7513049Z   9 │   def operator_level_2(prev \\ empty()), do: prev |> choice(Enum.map('+#', &ascii_char([&1])))
Elixir tests (mix credo + mix test)	UNKNOWN STEP	2026-09-24T02:35:12.7514221Z     │                                                                      ~
Elixir tests (mix credo + mix test)	UNKNOWN STEP	2026-09-24T02:35:12.7514895Z     │
Elixir tests (mix credo + mix test)	UNKNOWN STEP	2026-09-24T02:35:12.7515493Z     └─ lib/yuri_template/parsec.ex:9:70
Elixir tests (mix credo + mix test)	UNKNOWN STEP	2026-09-24T02:35:12.7516103Z 
Elixir tests (mix credo + mix test)	UNKNOWN STEP	2026-09-24T02:35:12.7545687Z     warning: using single-quoted strings to represent charlists is deprecated.
Elixir tests (mix credo + mix test)	UNKNOWN STEP	2026-09-24T02:35:12.7547168Z     Use ~c"" if you indeed want a charlist or use "" instead.
Elixir tests (mix credo + mix test)	UNKNOWN STEP	2026-09-24T02:35:12.7548296Z     You may run "mix format --migrate" to change all single-quoted
Elixir tests (mix credo + mix test)	UNKNOWN STEP	2026-09-24T02:35:12.7549121Z     strings to use the ~c sigil and fix this warning.
Elixir tests (mix credo + mix test)	UNKNOWN STEP	2026-09-24T02:35:12.7549883Z     │
Elixir tests (mix credo + mix test)	UNKNOWN STEP	2026-09-24T02:35:12.7550570Z  12 │     do: prev |> choice(Enum.map('./;?&', &ascii_char([&1])))
Elixir tests (mix credo + mix test)	UNKNOWN STEP	2026-09-24T02:35:12.7551452Z     │                                 ~
Elixir tests (mix credo + mix test)	UNKNOWN STEP	2026-09-24T02:35:12.7552016Z     │
Elixir tests (mix credo + mix test)	UNKNOWN STEP	2026-09-24T02:35:12.7552574Z     └─ lib/yuri_template/parsec.ex:12:33
Elixir tests (mix credo + mix test)	UNKNOWN STEP	2026-09-24T02:35:12.7553035Z 
Elixir tests (mix credo + mix test)	UNKNOWN STEP	2026-09-24T02:35:12.7572346Z     warning: using single-quoted strings to represent charlists is deprecated.
Elixir tests (mix credo + mix test)	UNKNOWN STEP	2026-09-24T02:35:12.7573800Z     Use ~c"" if you indeed want a charlist or use "" instead.
Elixir tests (mix credo + mix test)	UNKNOWN STEP	2026-09-24T02:35:12.7596852Z     You may run "mix format --migrate" to change all single-quoted
Elixir tests (mix credo + mix test)	UNKNOWN STEP	2026-09-24T02:35:12.7626014Z     strings to use the ~c sigil and fix this warning.
Elixir tests (mix credo + mix test)	UNKNOWN STEP	2026-09-24T02:35:12.7626805Z     │
Elixir tests (mix credo + mix test)	UNKNOWN STEP	2026-09-24T02:35:12.7627432Z  15 │     do: prev |> choice(Enum.map('=,!@|', &ascii_char([&1])))
Elixir tests (mix credo + mix test)	UNKNOWN STEP	2026-09-24T02:35:12.7628115Z     │                                 ~
Elixir tests (mix credo + mix test)	UNKNOWN STEP	2026-09-24T02:35:12.7628612Z     │
Elixir tests (mix credo + mix test)	UNKNOWN STEP	2026-09-24T02:35:12.7629117Z     └─ lib/yuri_template/parsec.ex:15:33
Elixir tests (mix credo + mix test)	UNKNOWN STEP	2026-09-24T02:35:12.7629530Z 
Elixir tests (mix credo + mix test)	UNKNOWN STEP	2026-09-24T02:35:12.7976271Z     warning: using single-quoted strings to represent charlists is deprecated.
Elixir tests (mix credo + mix test)	UNKNOWN STEP	2026-09-24T02:35:12.7996577Z     Use ~c"" if you indeed want a charlist or use "" instead.
Elixir tests (mix credo + mix test)	UNKNOWN STEP	2026-09-24T02:35:12.7997776Z     You may run "mix format --migrate" to change all single-quoted
Elixir tests (mix credo + mix test)	UNKNOWN STEP	2026-09-24T02:35:12.7998577Z     strings to use the ~c sigil and fix this warning.
Elixir tests (mix credo + mix test)	UNKNOWN STEP	2026-09-24T02:35:12.7999429Z     │
Elixir tests (mix credo + mix test)	UNKNOWN STEP	2026-09-24T02:35:12.8000064Z  15 │   defguardp is_op(op) when op in '+#?./;?&'
Elixir tests (mix credo + mix test)	UNKNOWN STEP	2026-09-24T02:35:12.8000895Z     │                                  ~
Elixir tests (mix credo + mix test)	UNKNOWN STEP	2026-09-24T02:35:12.8001434Z     │
Elixir tests (mix credo + mix test)	UNKNOWN STEP	2026-09-24T02:35:12.8001980Z     └─ lib/yuri_template/rfc6570.ex:15:34
Elixir tests (mix credo + mix test)	UNKNOWN STEP	2026-09-24T02:35:12.8002436Z 
Elixir tests (mix credo + mix test)	UNKNOWN STEP	2026-09-24T02:35:13.8348733Z Generated yuri_template app
Elixir tests (mix credo + mix test)	UNKNOWN STEP	2026-09-24T02:35:13.8611337Z ==> hpax
Elixir tests (mix credo + mix test)	UNKNOWN STEP	2026-09-24T02:35:13.8611647Z Compiling 4 files (.ex)
Elixir tests (mix credo + mix test)	UNKNOWN STEP	2026-09-24T02:35:14.2258527Z Generated hpax app
Elixir tests (mix credo + mix test)	UNKNOWN STEP	2026-09-24T02:35:14.2474044Z ==> mint
Elixir tests (mix credo + mix test)	UNKNOWN STEP	2026-09-24T02:35:14.2474398Z Compiling 1 file (.erl)
Elixir tests (mix credo + mix test)	UNKNOWN STEP	2026-09-24T02:35:14.3193179Z Compiling 19 files (.ex)
Elixir tests (mix credo + mix test)	UNKNOWN STEP	2026-09-24T02:35:15.2745953Z Generated mint app
Elixir tests (mix credo + mix test)	UNKNOWN STEP	2026-09-24T02:35:15.7114190Z ==> ggen_igniter
Elixir tests (mix credo + mix test)	UNKNOWN STEP	2026-09-24T02:35:15.7115543Z ===> Analyzing applications...
Elixir tests (mix credo + mix test)	UNKNOWN STEP	2026-09-24T02:35:15.8345649Z ===> Compiling yamerl
Elixir tests (mix credo + mix test)	UNKNOWN STEP	2026-09-24T02:35:17.2696041Z ==> yaml_elixir
Elixir tests (mix credo + mix test)	UNKNOWN STEP	2026-09-24T02:35:17.2696510Z Compiling 6 files (.ex)
Elixir tests (mix credo + mix test)	UNKNOWN STEP	2026-09-24T02:35:17.3599734Z Generated yaml_elixir app
Elixir tests (mix credo + mix test)	UNKNOWN STEP	2026-09-24T02:35:17.3951586Z ==> nimble_csv
Elixir tests (mix credo + mix test)	UNKNOWN STEP	2026-09-24T02:35:17.3952044Z Compiling 1 file (.ex)
Elixir tests (mix credo + mix test)	UNKNOWN STEP	2026-09-24T02:35:17.6129046Z Generated nimble_csv app
Elixir tests (mix credo + mix test)	UNKNOWN STEP	2026-09-24T02:35:17.6385388Z ==> jcs
Elixir tests (mix credo + mix test)	UNKNOWN STEP	2026-09-24T02:35:17.6385882Z Compiling 1 file (.ex)
Elixir tests (mix credo + mix test)	UNKNOWN STEP	2026-09-24T02:35:17.6951307Z Generated jcs app
Elixir tests (mix credo + mix test)	UNKNOWN STEP	2026-09-24T02:35:17.7194423Z ==> ex_ast
Elixir tests (mix credo + mix test)	UNKNOWN STEP	2026-09-24T02:35:17.7194961Z Compiling 36 files (.ex)
Elixir tests (mix credo + mix test)	UNKNOWN STEP	2026-09-24T02:35:18.6356955Z Generated ex_ast app
Elixir tests (mix credo + mix test)	UNKNOWN STEP	2026-09-24T02:35:18.7353602Z ==> splode
Elixir tests (mix credo + mix test)	UNKNOWN STEP	2026-09-24T02:35:18.7361883Z Compiling 5 files (.ex)
Elixir tests (mix credo + mix test)	UNKNOWN STEP	2026-09-24T02:35:18.8917227Z Generated splode app
Elixir tests (mix credo + mix test)	UNKNOWN STEP	2026-09-24T02:35:18.9151478Z ==> content_type
Elixir tests (mix credo + mix test)	UNKNOWN STEP	2026-09-24T02:35:18.9152189Z Compiling 1 file (.ex)
Elixir tests (mix credo + mix test)	UNKNOWN STEP	2026-09-24T02:35:18.9719379Z Generated content_type app
Elixir tests (mix credo + mix test)	UNKNOWN STEP	2026-09-24T02:35:18.9964530Z ==> glob_ex
Elixir tests (mix credo + mix test)	UNKNOWN STEP	2026-09-24T02:35:18.9965066Z Compiling 4 files (.ex)
Elixir tests (mix credo + mix test)	UNKNOWN STEP	2026-09-24T02:35:19.1320496Z Generated glob_ex app
Elixir tests (mix credo + mix test)	UNKNOWN STEP	2026-09-24T02:35:19.1669364Z ==> credo
Elixir tests (mix credo + mix test)	UNKNOWN STEP	2026-09-24T02:35:19.1670187Z Compiling 257 files (.ex)
Elixir tests (mix credo + mix test)	UNKNOWN STEP	2026-09-24T02:35:24.2764334Z Generated credo app
Elixir tests (mix credo + mix test)	UNKNOWN STEP	2026-09-24T02:35:24.3920369Z ==> ecto
Elixir tests (mix credo + mix test)	UNKNOWN STEP	2026-09-24T02:35:24.3920756Z Compiling 56 files (.ex)
Elixir tests (mix credo + mix test)	UNKNOWN STEP	2026-09-24T02:35:28.2040525Z Generated ecto app
Elixir tests (mix credo + mix test)	UNKNOWN STEP	2026-09-24T02:35:28.2833162Z ==> uniq
Elixir tests (mix credo + mix test)	UNKNOWN STEP	2026-09-24T02:35:28.2834464Z Compiling 5 files (.ex)
Elixir tests (mix credo + mix test)	UNKNOWN STEP	2026-09-24T02:35:28.9381339Z Generated uniq app
Elixir tests (mix credo + mix test)	UNKNOWN STEP	2026-09-24T02:35:28.9596306Z ==> rdf
Elixir tests (mix credo + mix test)	UNKNOWN STEP	2026-09-24T02:35:28.9596750Z Compiling 2 files (.xrl)
Elixir tests (mix credo + mix test)	UNKNOWN STEP	2026-09-24T02:35:29.5300409Z Compiling 4 files (.yrl)
Elixir tests (mix credo + mix test)	UNKNOWN STEP	2026-09-24T02:35:29.6135187Z Compiling 6 files (.erl)
Elixir tests (mix credo + mix test)	UNKNOWN STEP	2026-09-24T02:35:31.0242937Z Compiling 140 files (.ex)
Elixir tests (mix credo + mix test)	UNKNOWN STEP	2026-09-24T02:35:35.2488761Z Generated rdf app
Elixir tests (mix credo + mix test)	UNKNOWN STEP	2026-09-24T02:35:35.8835987Z ==> grax
Elixir tests (mix credo + mix test)	UNKNOWN STEP	2026-09-24T02:35:35.8836523Z Compiling 35 files (.ex)
Elixir tests (mix credo + mix test)	UNKNOWN STEP	2026-09-24T02:35:36.7054729Z Generated grax app
Elixir tests (mix credo + mix test)	UNKNOWN STEP	2026-09-24T02:35:36.8015314Z ==> prov
Elixir tests (mix credo + mix test)	UNKNOWN STEP	2026-09-24T02:35:36.8016465Z Compiling 52 files (.ex)
Elixir tests (mix credo + mix test)	UNKNOWN STEP	2026-09-24T02:35:40.9433406Z Generated prov app
Elixir tests (mix credo + mix test)	UNKNOWN STEP	2026-09-24T02:35:41.0401374Z ==> foaf
Elixir tests (mix credo + mix test)	UNKNOWN STEP	2026-09-24T02:35:41.0428767Z Compiling 15 files (.ex)
Elixir tests (mix credo + mix test)	UNKNOWN STEP	2026-09-24T02:35:42.5268219Z Generated foaf app
Elixir tests (mix credo + mix test)	UNKNOWN STEP	2026-09-24T02:35:42.6014666Z ==> skos
Elixir tests (mix credo + mix test)	UNKNOWN STEP	2026-09-24T02:35:42.6015451Z Compiling 5 files (.ex)
Elixir tests (mix credo + mix test)	UNKNOWN STEP	2026-09-24T02:35:42.9788881Z Generated skos app
Elixir tests (mix credo + mix test)	UNKNOWN STEP	2026-09-24T02:35:43.0133198Z ==> dcat
Elixir tests (mix credo + mix test)	UNKNOWN STEP	2026-09-24T02:35:43.0133641Z Compiling 23 files (.ex)
Elixir tests (mix credo + mix test)	UNKNOWN STEP	2026-09-24T02:35:45.0502060Z Generated dcat app
Elixir tests (mix credo + mix test)	UNKNOWN STEP	2026-09-24T02:35:45.1707728Z ==> rustler
Elixir tests (mix credo + mix test)	UNKNOWN STEP	2026-09-24T02:35:45.1708833Z Compiling 7 files (.ex)
Elixir tests (mix credo + mix test)	UNKNOWN STEP	2026-09-24T02:35:45.3310725Z Generated rustler app
Elixir tests (mix credo + mix test)	UNKNOWN STEP	2026-09-24T02:35:45.3642685Z ==> rustler_precompiled
Elixir tests (mix credo + mix test)	UNKNOWN STEP	2026-09-24T02:35:45.3643371Z Compiling 4 files (.ex)
Elixir tests (mix credo + mix test)	UNKNOWN STEP	2026-09-24T02:35:45.6252141Z Generated rustler_precompiled app
Elixir tests (mix credo + mix test)	UNKNOWN STEP	2026-09-24T02:35:45.6602386Z ==> dcatr
Elixir tests (mix credo + mix test)	UNKNOWN STEP	2026-09-24T02:35:45.6602849Z Compiling 32 files (.ex)
Elixir tests (mix credo + mix test)	UNKNOWN STEP	2026-09-24T02:35:46.3364881Z Generated dcatr app
Elixir tests (mix credo + mix test)	UNKNOWN STEP	2026-09-24T02:35:46.4549448Z ==> ets
Elixir tests (mix credo + mix test)	UNKNOWN STEP	2026-09-24T02:35:46.4550436Z Compiling 7 files (.ex)
Elixir tests (mix credo + mix test)	UNKNOWN STEP	2026-09-24T02:35:47.4846201Z Generated ets app
Elixir tests (mix credo + mix test)	UNKNOWN STEP	2026-09-24T02:35:47.5115465Z ==> plug
Elixir tests (mix credo + mix test)	UNKNOWN STEP	2026-09-24T02:35:47.5116055Z Compiling 1 file (.erl)
Elixir tests (mix credo + mix test)	UNKNOWN STEP	2026-09-24T02:35:47.6351596Z Compiling 42 files (.ex)
Elixir tests (mix credo + mix test)	UNKNOWN STEP	2026-09-24T02:35:49.1778414Z Generated plug app
Elixir tests (mix credo + mix test)	UNKNOWN STEP	2026-09-24T02:35:49.2643117Z ==> open_api_spex
Elixir tests (mix credo + mix test)	UNKNOWN STEP	2026-09-24T02:35:49.2643494Z Compiling 80 files (.ex)
Elixir tests (mix credo + mix test)	UNKNOWN STEP	2026-09-24T02:35:50.6399806Z Generated open_api_spex app
Elixir tests (mix credo + mix test)	UNKNOWN STEP	2026-09-24T02:35:50.7401722Z ==> postgrex
Elixir tests (mix credo + mix test)	UNKNOWN STEP	2026-09-24T02:35:50.7402554Z Compiling 70 files (.ex)
Elixir tests (mix credo + mix test)	UNKNOWN STEP	2026-09-24T02:35:55.1738213Z Generated postgrex app
Elixir tests (mix credo + mix test)	UNKNOWN STEP	2026-09-24T02:35:55.2717791Z ==> dotenvy
Elixir tests (mix credo + mix test)	UNKNOWN STEP	2026-09-24T02:35:55.2718858Z Compiling 3 files (.ex)
Elixir tests (mix credo + mix test)	UNKNOWN STEP	2026-09-24T02:35:55.6628536Z Generated dotenvy app
Elixir tests (mix credo + mix test)	UNKNOWN STEP	2026-09-24T02:35:55.7081699Z ==> makeup
Elixir tests (mix credo + mix test)	UNKNOWN STEP	2026-09-24T02:35:55.7082607Z Compiling 15 files (.ex)
Elixir tests (mix credo + mix test)	UNKNOWN STEP	2026-09-24T02:35:56.0768189Z Generated makeup app
Elixir tests (mix credo + mix test)	UNKNOWN STEP	2026-09-24T02:35:56.1370459Z ==> makeup_elixir
Elixir tests (mix credo + mix test)	UNKNOWN STEP	2026-09-24T02:35:56.1371258Z Compiling 6 files (.ex)
Elixir tests (mix credo + mix test)	UNKNOWN STEP	2026-09-24T02:36:04.4595917Z Generated makeup_elixir app
Elixir tests (mix credo + mix test)	UNKNOWN STEP	2026-09-24T02:36:04.4909802Z ==> makeup_erlang
Elixir tests (mix credo + mix test)	UNKNOWN STEP	2026-09-24T02:36:04.4910433Z Compiling 4 files (.ex)
Elixir tests (mix credo + mix test)	UNKNOWN STEP	2026-09-24T02:36:15.3330189Z Compiling lib/makeup/lexers/erlang_lexer.ex (it's taking more than 10s)
Elixir tests (mix credo + mix test)	UNKNOWN STEP	2026-09-24T02:36:15.5250529Z Generated makeup_erlang app
Elixir tests (mix credo + mix test)	UNKNOWN STEP	2026-09-24T02:36:15.5669455Z ==> ex_doc
Elixir tests (mix credo + mix test)	UNKNOWN STEP	2026-09-24T02:36:15.5669955Z Compiling 30 files (.ex)
Elixir tests (mix credo + mix test)	UNKNOWN STEP	2026-09-24T02:36:16.6725073Z Generated ex_doc app
Elixir tests (mix credo + mix test)	UNKNOWN STEP	2026-09-24T02:36:16.7149950Z ==> group
Elixir tests (mix credo + mix test)	UNKNOWN STEP	2026-09-24T02:36:16.7160258Z warning: the dependency :group requires Elixir "~> 1.19" but you are running on v1.18.4
Elixir tests (mix credo + mix test)	UNKNOWN STEP	2026-09-24T02:36:16.7565909Z Compiling 9 files (.ex)
Elixir tests (mix credo + mix test)	UNKNOWN STEP	2026-09-24T02:36:17.4516570Z Generated group app
Elixir tests (mix credo + mix test)	UNKNOWN STEP	2026-09-24T02:36:17.4924711Z ==> faker
Elixir tests (mix credo + mix test)	UNKNOWN STEP	2026-09-24T02:36:17.4925076Z Compiling 111 files (.ex)
Elixir tests (mix credo + mix test)	UNKNOWN STEP	2026-09-24T02:36:17.4954976Z     warning: using single-quoted strings to represent charlists is deprecated.
Elixir tests (mix credo + mix test)	UNKNOWN STEP	2026-09-24T02:36:17.4957106Z     Use ~c"" if you indeed want a charlist or use "" instead.
Elixir tests (mix credo + mix test)	UNKNOWN STEP	2026-09-24T02:36:17.4966797Z     You may run "mix format --migrate" to change all single-quoted
Elixir tests (mix credo + mix test)	UNKNOWN STEP	2026-09-24T02:36:17.4967500Z     strings to use the ~c sigil and fix this warning.
Elixir tests (mix credo + mix test)	UNKNOWN STEP	2026-09-24T02:36:17.4968400Z     │
Elixir tests (mix credo + mix test)	UNKNOWN STEP	2026-09-24T02:36:17.4988047Z  50 │   @alphabet 'ABCDEFGHIJKLMNOPQRSTUVWXYZabcdefghijklmnopqrstuvwxyz'
Elixir tests (mix credo + mix test)	UNKNOWN STEP	2026-09-24T02:36:17.4988825Z     │             ~
Elixir tests (mix credo + mix test)	UNKNOWN STEP	2026-09-24T02:36:17.4989195Z     │
Elixir tests (mix credo + mix test)	UNKNOWN STEP	2026-09-24T02:36:17.4989750Z     └─ lib/faker.ex:50:13
Elixir tests (mix credo + mix test)	UNKNOWN STEP	2026-09-24T02:36:17.4990044Z 
Elixir tests (mix credo + mix test)	UNKNOWN STEP	2026-09-24T02:36:17.4990596Z     warning: using single-quoted strings to represent charlists is deprecated.
Elixir tests (mix credo + mix test)	UNKNOWN STEP	2026-09-24T02:36:17.4991279Z     Use ~c"" if you indeed want a charlist or use "" instead.
Elixir tests (mix credo + mix test)	UNKNOWN STEP	2026-09-24T02:36:17.4991866Z     You may run "mix format --migrate" to change all single-quoted
Elixir tests (mix credo + mix test)	UNKNOWN STEP	2026-09-24T02:36:17.4992427Z     strings to use the ~c sigil and fix this warning.
Elixir tests (mix credo + mix test)	UNKNOWN STEP	2026-09-24T02:36:17.4992906Z     │
Elixir tests (mix credo + mix test)	UNKNOWN STEP	2026-09-24T02:36:17.4993368Z   6 │   @geobase32 '0123456789bcdefghjkmnpqrstuvwxyz'
Elixir tests (mix credo + mix test)	UNKNOWN STEP	2026-09-24T02:36:17.4993887Z     │              ~
Elixir tests (mix credo + mix test)	UNKNOWN STEP	2026-09-24T02:36:17.4994411Z     │
Elixir tests (mix credo + mix test)	UNKNOWN STEP	2026-09-24T02:36:17.4994771Z     └─ lib/faker/address.ex:6:14
Elixir tests (mix credo + mix test)	UNKNOWN STEP	2026-09-24T02:36:17.4995000Z 
Elixir tests (mix credo + mix test)	UNKNOWN STEP	2026-09-24T02:36:18.0617310Z      warning: using single-quoted strings to represent charlists is deprecated.
Elixir tests (mix credo + mix test)	UNKNOWN STEP	2026-09-24T02:36:18.0617853Z      Use ~c"" if you indeed want a charlist or use "" instead.
Elixir tests (mix credo + mix test)	UNKNOWN STEP	2026-09-24T02:36:18.0618327Z      You may run "mix format --migrate" to change all single-quoted
Elixir tests (mix credo + mix test)	UNKNOWN STEP	2026-09-24T02:36:18.0619209Z      strings to use the ~c sigil and fix this warning.
Elixir tests (mix credo + mix test)	UNKNOWN STEP	2026-09-24T02:36:18.0619803Z      │
Elixir tests (mix credo + mix test)	UNKNOWN STEP	2026-09-24T02:36:18.0620387Z  501 │     alphabet = 'ABCDEFGHIJKLMNOPQRSTUVWXYZabcdefghijklmnopqrstuvwxyz0123456789'
Elixir tests (mix credo + mix test)	UNKNOWN STEP	2026-09-24T02:36:18.0621012Z      │                ~
Elixir tests (mix credo + mix test)	UNKNOWN STEP	2026-09-24T02:36:18.0621289Z      │
Elixir tests (mix credo + mix test)	UNKNOWN STEP	2026-09-24T02:36:18.0621603Z      └─ lib/faker/lorem.ex:501:16
Elixir tests (mix credo + mix test)	UNKNOWN STEP	2026-09-24T02:36:18.0621819Z 
Elixir tests (mix credo + mix test)	UNKNOWN STEP	2026-09-24T02:36:18.0769007Z warning: first..last inside match is deprecated, you must always match on the step: first..last//var or first..last//_ if you want to ignore it
Elixir tests (mix credo + mix test)	UNKNOWN STEP	2026-09-24T02:36:18.0789554Z ##[warning]  lib/faker/lorem.ex:299: Faker.Lorem.characters/1
Elixir tests (mix credo + mix test)	UNKNOWN STEP	2026-09-24T02:36:18.0799608Z 
Elixir tests (mix credo + mix test)	UNKNOWN STEP	2026-09-24T02:36:18.0800521Z warning: first..last inside match is deprecated, you must always match on the step: first..last//var or first..last//_ if you want to ignore it
Elixir tests (mix credo + mix test)	UNKNOWN STEP	2026-09-24T02:36:18.0802673Z ##[warning]  lib/faker/lorem.ex:333: Faker.Lorem.paragraph/1
Elixir tests (mix credo + mix test)	UNKNOWN STEP	2026-09-24T02:36:18.0803740Z 
Elixir tests (mix credo + mix test)	UNKNOWN STEP	2026-09-24T02:36:18.0804460Z warning: first..last inside match is deprecated, you must always match on the step: first..last//var or first..last//_ if you want to ignore it
Elixir tests (mix credo + mix test)	UNKNOWN STEP	2026-09-24T02:36:18.0806155Z ##[warning]  lib/faker/lorem.ex:363: Faker.Lorem.paragraphs/1
Elixir tests (mix credo + mix test)	UNKNOWN STEP	2026-09-24T02:36:18.0807080Z 
Elixir tests (mix credo + mix test)	UNKNOWN STEP	2026-09-24T02:36:18.0822650Z warning: first..last inside match is deprecated, you must always match on the step: first..last//var or first..last//_ if you want to ignore it
Elixir tests (mix credo + mix test)	UNKNOWN STEP	2026-09-24T02:36:18.0847604Z ##[warning]  lib/faker/lorem.ex:397: Faker.Lorem.sentence/1
Elixir tests (mix credo + mix test)	UNKNOWN STEP	2026-09-24T02:36:18.0851230Z 
Elixir tests (mix credo + mix test)	UNKNOWN STEP	2026-09-24T02:36:18.0852522Z warning: first..last inside match is deprecated, you must always match on the step: first..last//var or first..last//_ if you want to ignore it
Elixir tests (mix credo + mix test)	UNKNOWN STEP	2026-09-24T02:36:18.0854354Z ##[warning]  lib/faker/lorem.ex:454: Faker.Lorem.sentences/1
Elixir tests (mix credo + mix test)	UNKNOWN STEP	2026-09-24T02:36:18.0855458Z 
Elixir tests (mix credo + mix test)	UNKNOWN STEP	2026-09-24T02:36:18.0856315Z warning: first..last inside match is deprecated, you must always match on the step: first..last//var or first..last//_ if you want to ignore it
Elixir tests (mix credo + mix test)	UNKNOWN STEP	2026-09-24T02:36:18.0858289Z ##[warning]  lib/faker/lorem.ex:488: Faker.Lorem.words/1
Elixir tests (mix credo + mix test)	UNKNOWN STEP	2026-09-24T02:36:18.0859293Z 
Elixir tests (mix credo + mix test)	UNKNOWN STEP	2026-09-24T02:36:18.2778114Z warning: first..last inside match is deprecated, you must always match on the step: first..last//var or first..last//_ if you want to ignore it
Elixir tests (mix credo + mix test)	UNKNOWN STEP	2026-09-24T02:36:18.2780395Z ##[warning]  lib/faker/pizza.ex:50: Faker.Pizza.pizzas/1
Elixir tests (mix credo + mix test)	UNKNOWN STEP	2026-09-24T02:36:18.2781938Z 
Elixir tests (mix credo + mix test)	UNKNOWN STEP	2026-09-24T02:36:18.2783124Z warning: first..last inside match is deprecated, you must always match on the step: first..last//var or first..last//_ if you want to ignore it
Elixir tests (mix credo + mix test)	UNKNOWN STEP	2026-09-24T02:36:18.2784422Z ##[warning]  lib/faker/pizza.ex:105: Faker.Pizza.toppings/1
Elixir tests (mix credo + mix test)	UNKNOWN STEP	2026-09-24T02:36:18.2785249Z 
Elixir tests (mix credo + mix test)	UNKNOWN STEP	2026-09-24T02:36:18.5336205Z Generated faker app
Elixir tests (mix credo + mix test)	UNKNOWN STEP	2026-09-24T02:36:18.6237899Z ==> wasmex
Elixir tests (mix credo + mix test)	UNKNOWN STEP	2026-09-24T02:36:18.6250355Z Compiling 27 files (.ex)
Elixir tests (mix credo + mix test)	UNKNOWN STEP	2026-09-24T02:36:19.0547492Z 
Elixir tests (mix credo + mix test)	UNKNOWN STEP	2026-09-24T02:36:19.0548794Z 02:36:19.053 [debug] Downloading NIF from https://github.com/tessi/wasmex/releases/download/v0.15.1/libwasmex-v0.15.1-nif-2.15-x86_64-unknown-linux-gnu.so.tar.gz
Elixir tests (mix credo + mix test)	UNKNOWN STEP	2026-09-24T02:36:20.3757317Z 
Elixir tests (mix credo + mix test)	UNKNOWN STEP	2026-09-24T02:36:20.3759007Z 02:36:20.374 [debug] NIF cached at /home/runner/.cache/rustler_precompiled/precompiled_nifs/libwasmex-v0.15.1-nif-2.15-x86_64-unknown-linux-gnu.so.tar.gz and extracted to /home/runner/work/ggen_igniter/ggen_igniter/_build/dev/lib/wasmex/priv/native/libwasmex-v0.15.1-nif-2.15-x86_64-unknown-linux-gnu.so.tar.gz
Elixir tests (mix credo + mix test)	UNKNOWN STEP	2026-09-24T02:36:20.4253489Z Generated wasmex app
Elixir tests (mix credo + mix test)	UNKNOWN STEP	2026-09-24T02:36:20.5384066Z ==> erlex
Elixir tests (mix credo + mix test)	UNKNOWN STEP	2026-09-24T02:36:20.5384548Z Compiling 1 file (.xrl)
Elixir tests (mix credo + mix test)	UNKNOWN STEP	2026-09-24T02:36:20.5748525Z Compiling 1 file (.yrl)
Elixir tests (mix credo + mix test)	UNKNOWN STEP	2026-09-24T02:36:20.6221788Z Compiling 2 files (.erl)
Elixir tests (mix credo + mix test)	UNKNOWN STEP	2026-09-24T02:36:21.0184942Z Compiling 2 files (.ex)
Elixir tests (mix credo + mix test)	UNKNOWN STEP	2026-09-24T02:36:21.1784083Z Generated erlex app
Elixir tests (mix credo + mix test)	UNKNOWN STEP	2026-09-24T02:36:21.2107317Z ==> dialyxir
Elixir tests (mix credo + mix test)	UNKNOWN STEP	2026-09-24T02:36:21.2107914Z Compiling 67 files (.ex)
Elixir tests (mix credo + mix test)	UNKNOWN STEP	2026-09-24T02:36:21.9532350Z Generated dialyxir app
Elixir tests (mix credo + mix test)	UNKNOWN STEP	2026-09-24T02:36:22.0490671Z ==> crux
Elixir tests (mix credo + mix test)	UNKNOWN STEP	2026-09-24T02:36:22.0491800Z Compiling 20 files (.ex)
Elixir tests (mix credo + mix test)	UNKNOWN STEP	2026-09-24T02:36:22.5236925Z Generated crux app
Elixir tests (mix credo + mix test)	UNKNOWN STEP	2026-09-24T02:36:22.6059690Z ==> iterex
Elixir tests (mix credo + mix test)	UNKNOWN STEP	2026-09-24T02:36:22.6060291Z Compiling 48 files (.ex)
Elixir tests (mix credo + mix test)	UNKNOWN STEP	2026-09-24T02:36:25.4681453Z Generated iterex app
Elixir tests (mix credo + mix test)	UNKNOWN STEP	2026-09-24T02:36:25.5714179Z ==> nimble_pool
Elixir tests (mix credo + mix test)	UNKNOWN STEP	2026-09-24T02:36:25.5722101Z Compiling 2 files (.ex)
Elixir tests (mix credo + mix test)	UNKNOWN STEP	2026-09-24T02:36:25.8920545Z Generated nimble_pool app
Elixir tests (mix credo + mix test)	UNKNOWN STEP	2026-09-24T02:36:25.9212853Z ==> finch
Elixir tests (mix credo + mix test)	UNKNOWN STEP	2026-09-24T02:36:25.9213602Z Compiling 23 files (.ex)
Elixir tests (mix credo + mix test)	UNKNOWN STEP	2026-09-24T02:36:26.5509922Z Generated finch app
Elixir tests (mix credo + mix test)	UNKNOWN STEP	2026-09-24T02:36:26.6273582Z ==> tesla
Elixir tests (mix credo + mix test)	UNKNOWN STEP	2026-09-24T02:36:26.6273966Z Compiling 57 files (.ex)
Elixir tests (mix credo + mix test)	UNKNOWN STEP	2026-09-24T02:36:27.6354112Z Generated tesla app
Elixir tests (mix credo + mix test)	UNKNOWN STEP	2026-09-24T02:36:27.7589385Z ==> json_ld
Elixir tests (mix credo + mix test)	UNKNOWN STEP	2026-09-24T02:36:27.7590152Z Compiling 17 files (.ex)
Elixir tests (mix credo + mix test)	UNKNOWN STEP	2026-09-24T02:36:28.6668815Z Generated json_ld app
Elixir tests (mix credo + mix test)	UNKNOWN STEP	2026-09-24T02:36:28.7146509Z ==> req
Elixir tests (mix credo + mix test)	UNKNOWN STEP	2026-09-24T02:36:28.7146919Z Compiling 24 files (.ex)
Elixir tests (mix credo + mix test)	UNKNOWN STEP	2026-09-24T02:36:29.7399526Z Generated req app
Elixir tests (mix credo + mix test)	UNKNOWN STEP	2026-09-24T02:36:29.8107224Z ==> req_s3
Elixir tests (mix credo + mix test)	UNKNOWN STEP	2026-09-24T02:36:29.8107841Z Compiling 2 files (.ex)
Elixir tests (mix credo + mix test)	UNKNOWN STEP	2026-09-24T02:36:29.9175471Z Generated req_s3 app
Elixir tests (mix credo + mix test)	UNKNOWN STEP	2026-09-24T02:36:29.9672968Z ==> ecto_sql
Elixir tests (mix credo + mix test)	UNKNOWN STEP	2026-09-24T02:36:29.9673454Z Compiling 25 files (.ex)
Elixir tests (mix credo + mix test)	UNKNOWN STEP	2026-09-24T02:36:31.0481132Z Generated ecto_sql app
Elixir tests (mix credo + mix test)	UNKNOWN STEP	2026-09-24T02:36:31.1017252Z ==> server_sent_events
Elixir tests (mix credo + mix test)	UNKNOWN STEP	2026-09-24T02:36:31.1018420Z Compiling 2 files (.ex)
Elixir tests (mix credo + mix test)	UNKNOWN STEP	2026-09-24T02:36:31.1881657Z Generated server_sent_events app
Elixir tests (mix credo + mix test)	UNKNOWN STEP	2026-09-24T02:36:31.2195061Z ==> rewrite
Elixir tests (mix credo + mix test)	UNKNOWN STEP	2026-09-24T02:36:31.2196215Z Compiling 13 files (.ex)
Elixir tests (mix credo + mix test)	UNKNOWN STEP	2026-09-24T02:36:31.6517816Z Generated rewrite app
Elixir tests (mix credo + mix test)	UNKNOWN STEP	2026-09-24T02:36:31.7101337Z ==> owl
Elixir tests (mix credo + mix test)	UNKNOWN STEP	2026-09-24T02:36:31.7101945Z Compiling 19 files (.ex)
Elixir tests (mix credo + mix test)	UNKNOWN STEP	2026-09-24T02:36:32.1543241Z Generated owl app
Elixir tests (mix credo + mix test)	UNKNOWN STEP	2026-09-24T02:36:32.2286774Z ==> igniter
Elixir tests (mix credo + mix test)	UNKNOWN STEP	2026-09-24T02:36:32.2287222Z Compiling 62 files (.ex)
Elixir tests (mix credo + mix test)	UNKNOWN STEP	2026-09-24T02:36:34.3821771Z Generated igniter app
Elixir tests (mix credo + mix test)	UNKNOWN STEP	2026-09-24T02:36:34.4786350Z ==> oban
Elixir tests (mix credo + mix test)	UNKNOWN STEP	2026-09-24T02:36:34.4786950Z Compiling 70 files (.ex)
Elixir tests (mix credo + mix test)	UNKNOWN STEP	2026-09-24T02:36:36.0920767Z Generated oban app
Elixir tests (mix credo + mix test)	UNKNOWN STEP	2026-09-24T02:36:36.2007313Z ==> llm_db
Elixir tests (mix credo + mix test)	UNKNOWN STEP	2026-09-24T02:36:36.2008335Z Compiling 65 files (.ex)
Elixir tests (mix credo + mix test)	UNKNOWN STEP	2026-09-24T02:36:37.8569910Z Generated llm_db app
Elixir tests (mix credo + mix test)	UNKNOWN STEP	2026-09-24T02:36:37.9725496Z ==> spark
Elixir tests (mix credo + mix test)	UNKNOWN STEP	2026-09-24T02:36:37.9726437Z Compiling 46 files (.ex)
Elixir tests (mix credo + mix test)	UNKNOWN STEP	2026-09-24T02:36:40.0325258Z Generated spark app
Elixir tests (mix credo + mix test)	UNKNOWN STEP	2026-09-24T02:36:40.1337460Z ==> reactor
Elixir tests (mix credo + mix test)	UNKNOWN STEP	2026-09-24T02:36:40.1338780Z Compiling 113 files (.ex)
Elixir tests (mix credo + mix test)	UNKNOWN STEP	2026-09-24T02:36:48.9379717Z Generated reactor app
Elixir tests (mix credo + mix test)	UNKNOWN STEP	2026-09-24T02:36:49.1275252Z ==> ash
Elixir tests (mix credo + mix test)	UNKNOWN STEP	2026-09-24T02:36:49.1276516Z Compiling 617 files (.ex)
Elixir tests (mix credo + mix test)	UNKNOWN STEP	2026-09-24T02:37:09.1360595Z Compiling lib/ash/reactor/reactor.ex (it's taking more than 10s)
Elixir tests (mix credo + mix test)	UNKNOWN STEP	2026-09-24T02:37:18.9383672Z 
Elixir tests (mix credo + mix test)	UNKNOWN STEP	2026-09-24T02:37:18.9407574Z 02:37:18.937 [warning] Mix.Tasks.Ash.Set.Domains (/home/runner/work/ggen_igniter/ggen_igniter/deps/ash/lib/mix/tasks/ash.set.domains.ex):
Elixir tests (mix credo + mix test)	UNKNOWN STEP	2026-09-24T02:37:18.9427033Z 
Elixir tests (mix credo + mix test)	UNKNOWN STEP	2026-09-24T02:37:18.9427826Z     Module defines `igniter/2`, but `igniter/2` is deprecated.
Elixir tests (mix credo + mix test)	UNKNOWN STEP	2026-09-24T02:37:18.9428755Z     Please refactor to `igniter/1`. Use `igniter.args` to access `argv`, `positional` and `options`.
Elixir tests (mix credo + mix test)	UNKNOWN STEP	2026-09-24T02:37:18.9429890Z 
Elixir tests (mix credo + mix test)	UNKNOWN STEP	2026-09-24T02:37:32.9718630Z Compiling lib/ash/resource/dsl.ex (it's taking more than 10s)
Elixir tests (mix credo + mix test)	UNKNOWN STEP	2026-09-24T02:37:37.1814756Z Generated ash app
Elixir tests (mix credo + mix test)	UNKNOWN STEP	2026-09-24T02:37:37.3226432Z ==> ash_state_machine
Elixir tests (mix credo + mix test)	UNKNOWN STEP	2026-09-24T02:37:37.3227918Z Compiling 17 files (.ex)
Elixir tests (mix credo + mix test)	UNKNOWN STEP	2026-09-24T02:37:38.1774800Z Generated ash_state_machine app
Elixir tests (mix credo + mix test)	UNKNOWN STEP	2026-09-24T02:37:38.2977730Z ==> ash_sql
Elixir tests (mix credo + mix test)	UNKNOWN STEP	2026-09-24T02:37:38.2978124Z Compiling 14 files (.ex)
Elixir tests (mix credo + mix test)	UNKNOWN STEP	2026-09-24T02:37:43.9972612Z Generated ash_sql app
Elixir tests (mix credo + mix test)	UNKNOWN STEP	2026-09-24T02:37:44.1528773Z ==> ash_postgres
Elixir tests (mix credo + mix test)	UNKNOWN STEP	2026-09-24T02:37:44.1529767Z Compiling 65 files (.ex)
Elixir tests (mix credo + mix test)	UNKNOWN STEP	2026-09-24T02:37:49.0507711Z Generated ash_postgres app
Elixir tests (mix credo + mix test)	UNKNOWN STEP	2026-09-24T02:37:49.2959757Z ==> elixir_make
Elixir tests (mix credo + mix test)	UNKNOWN STEP	2026-09-24T02:37:49.2960350Z Compiling 8 files (.ex)
Elixir tests (mix credo + mix test)	UNKNOWN STEP	2026-09-24T02:37:49.4827198Z Generated elixir_make app
Elixir tests (mix credo + mix test)	UNKNOWN STEP	2026-09-24T02:37:49.5168650Z ==> cc_precompiler
Elixir tests (mix credo + mix test)	UNKNOWN STEP	2026-09-24T02:37:49.5169284Z Compiling 3 files (.ex)
Elixir tests (mix credo + mix test)	UNKNOWN STEP	2026-09-24T02:37:49.6603395Z Generated cc_precompiler app
Elixir tests (mix credo + mix test)	UNKNOWN STEP	2026-09-24T02:37:49.6848884Z ==> ekv
Elixir tests (mix credo + mix test)	UNKNOWN STEP	2026-09-24T02:37:49.6849805Z warning: the dependency :ekv requires Elixir "~> 1.19" but you are running on v1.18.4
Elixir tests (mix credo + mix test)	UNKNOWN STEP	2026-09-24T02:37:49.6876728Z Downloading precompiled NIF to /home/runner/.cache/elixir_make/ekv-nif-2.17-x86_64-linux-gnu-0.4.3.tar.gz
Elixir tests (mix credo + mix test)	UNKNOWN STEP	2026-09-24T02:37:49.9145236Z Error happened while installing ekv from precompiled binary: "precompiled \"ekv-nif-2.17-x86_64-linux-gnu-0.4.3.tar.gz\" does not exist in checksum.exs".
Elixir tests (mix credo + mix test)	UNKNOWN STEP	2026-09-24T02:37:49.9146299Z 
Elixir tests (mix credo + mix test)	UNKNOWN STEP	2026-09-24T02:37:49.9146516Z Attempting to compile ekv from source...
Elixir tests (mix credo + mix test)	UNKNOWN STEP	2026-09-24T02:37:49.9714945Z cc -O2 -fPIC -I/home/runner/work/_temp/.setup-beam/otp/erts-15.2.2/include -Ic_src -DSQLITE_THREADSAFE=1 -DSQLITE_USE_URI=1 -DSQLITE_DQS=0 -DHAVE_USLEEP=1 -DSQLITE_ENABLE_STAT4=1 -DSQLITE_LIKE_DOESNT_MATCH_BLOBS=1 -DNDEBUG=1 -shared -lpthread -ldl -lm -o /home/runner/work/ggen_igniter/ggen_igniter/_build/dev/lib/ekv/priv/ekv_sqlite3_nif.so c_src/ekv_sqlite3_nif.c c_src/sqlite3.c
Elixir tests (mix credo + mix test)	UNKNOWN STEP	2026-09-24T02:38:11.6840870Z Compiling 24 files (.ex)
Elixir tests (mix credo + mix test)	UNKNOWN STEP	2026-09-24T02:38:13.9288247Z Generated ekv app
Elixir tests (mix credo + mix test)	UNKNOWN STEP	2026-09-24T02:38:14.0028739Z ==> websock
Elixir tests (mix credo + mix test)	UNKNOWN STEP	2026-09-24T02:38:14.0029397Z Compiling 1 file (.ex)
Elixir tests (mix credo + mix test)	UNKNOWN STEP	2026-09-24T02:38:14.0298094Z Generated websock app
Elixir tests (mix credo + mix test)	UNKNOWN STEP	2026-09-24T02:38:14.0715470Z ==> bandit
Elixir tests (mix credo + mix test)	UNKNOWN STEP	2026-09-24T02:38:14.0718375Z Compiling 54 files (.ex)
Elixir tests (mix credo + mix test)	UNKNOWN STEP	2026-09-24T02:38:15.7079399Z Generated bandit app
Elixir tests (mix credo + mix test)	UNKNOWN STEP	2026-09-24T02:38:15.8180438Z ==> a2a
Elixir tests (mix credo + mix test)	UNKNOWN STEP	2026-09-24T02:38:15.8181264Z Compiling 30 files (.ex)
Elixir tests (mix credo + mix test)	UNKNOWN STEP	2026-09-24T02:38:16.7386373Z Generated a2a app
Elixir tests (mix credo + mix test)	UNKNOWN STEP	2026-09-24T02:38:16.8630060Z ==> websock_adapter
Elixir tests (mix credo + mix test)	UNKNOWN STEP	2026-09-24T02:38:16.8630565Z Compiling 4 files (.ex)
Elixir tests (mix credo + mix test)	UNKNOWN STEP	2026-09-24T02:38:16.9644768Z Generated websock_adapter app
Elixir tests (mix credo + mix test)	UNKNOWN STEP	2026-09-24T02:38:17.0231599Z ==> phoenix
Elixir tests (mix credo + mix test)	UNKNOWN STEP	2026-09-24T02:38:17.0232088Z Compiling 75 files (.ex)
Elixir tests (mix credo + mix test)	UNKNOWN STEP	2026-09-24T02:38:19.4952589Z Generated phoenix app
Elixir tests (mix credo + mix test)	UNKNOWN STEP	2026-09-24T02:38:19.6574450Z ==> sweet_xml
Elixir tests (mix credo + mix test)	UNKNOWN STEP	2026-09-24T02:38:19.6575198Z Compiling 2 files (.ex)
Elixir tests (mix credo + mix test)	UNKNOWN STEP	2026-09-24T02:38:19.9364768Z Generated sweet_xml app
Elixir tests (mix credo + mix test)	UNKNOWN STEP	2026-09-24T02:38:19.9739870Z ==> sparql
Elixir tests (mix credo + mix test)	UNKNOWN STEP	2026-09-24T02:38:19.9740499Z Compiling 1 file (.xrl)
Elixir tests (mix credo + mix test)	UNKNOWN STEP	2026-09-24T02:38:24.3125596Z Compiling 1 file (.yrl)
Elixir tests (mix credo + mix test)	UNKNOWN STEP	2026-09-24T02:38:24.9092960Z Compiling 2 files (.erl)
Elixir tests (mix credo + mix test)	UNKNOWN STEP	2026-09-24T02:38:42.6317297Z Compiling 43 files (.ex)
Elixir tests (mix credo + mix test)	UNKNOWN STEP	2026-09-24T02:38:44.0274636Z Generated sparql app
Elixir tests (mix credo + mix test)	UNKNOWN STEP	2026-09-24T02:38:44.4863700Z warning: the dependency :durable_server requires Elixir "~> 1.19" but you are running on v1.18.4
Elixir tests (mix credo + mix test)	UNKNOWN STEP	2026-09-24T02:38:44.4864268Z ==> durable_server
Elixir tests (mix credo + mix test)	UNKNOWN STEP	2026-09-24T02:38:44.4982720Z Compiling 18 files (.ex)
Elixir tests (mix credo + mix test)	UNKNOWN STEP	2026-09-24T02:38:46.3474018Z Generated durable_server app
Elixir tests (mix credo + mix test)	UNKNOWN STEP	2026-09-24T02:38:46.4174841Z ==> texture
Elixir tests (mix credo + mix test)	UNKNOWN STEP	2026-09-24T02:38:46.4175821Z Compiling 7 files (.ex)
Elixir tests (mix credo + mix test)	UNKNOWN STEP	2026-09-24T02:38:47.3983834Z Generated texture app
Elixir tests (mix credo + mix test)	UNKNOWN STEP	2026-09-24T02:38:47.4569817Z ==> jsv
Elixir tests (mix credo + mix test)	UNKNOWN STEP	2026-09-24T02:38:47.4570986Z Compiling 74 files (.ex)
Elixir tests (mix credo + mix test)	UNKNOWN STEP	2026-09-24T02:38:51.0128844Z Generated jsv app
Elixir tests (mix credo + mix test)	UNKNOWN STEP	2026-09-24T02:38:51.1482987Z ==> req_llm
Elixir tests (mix credo + mix test)	UNKNOWN STEP	2026-09-24T02:38:51.1483859Z Compiling 211 files (.ex)
Elixir tests (mix credo + mix test)	UNKNOWN STEP	2026-09-24T02:38:59.5707258Z Generated req_llm app
Elixir tests (mix credo + mix test)	UNKNOWN STEP	2026-09-24T02:38:59.7762971Z ==> conv_case
Elixir tests (mix credo + mix test)	UNKNOWN STEP	2026-09-24T02:38:59.7763882Z Compiling 1 file (.ex)
Elixir tests (mix credo + mix test)	UNKNOWN STEP	2026-09-24T02:38:59.8950078Z Generated conv_case app
Elixir tests (mix credo + mix test)	UNKNOWN STEP	2026-09-24T02:38:59.9913875Z ==> xema
Elixir tests (mix credo + mix test)	UNKNOWN STEP	2026-09-24T02:38:59.9915633Z Compiling 19 files (.ex)
Elixir tests (mix credo + mix test)	UNKNOWN STEP	2026-09-24T02:39:01.2698292Z Generated xema app
Elixir tests (mix credo + mix test)	UNKNOWN STEP	2026-09-24T02:39:01.3675892Z ==> json_xema
Elixir tests (mix credo + mix test)	UNKNOWN STEP	2026-09-24T02:39:01.3677159Z Compiling 4 files (.ex)
Elixir tests (mix credo + mix test)	UNKNOWN STEP	2026-09-24T02:39:01.5490764Z Generated json_xema app
Elixir tests (mix credo + mix test)	UNKNOWN STEP	2026-09-24T02:39:01.5988505Z ==> ash_json_api
Elixir tests (mix credo + mix test)	UNKNOWN STEP	2026-09-24T02:39:01.5989147Z Compiling 76 files (.ex)
Elixir tests (mix credo + mix test)	UNKNOWN STEP	2026-09-24T02:39:10.5600844Z Generated ash_json_api app
Elixir tests (mix credo + mix test)	UNKNOWN STEP	2026-09-24T02:39:10.8494272Z ==> saxy
Elixir tests (mix credo + mix test)	UNKNOWN STEP	2026-09-24T02:39:10.8494947Z Compiling 19 files (.ex)
Elixir tests (mix credo + mix test)	UNKNOWN STEP	2026-09-24T02:39:13.3272433Z Generated saxy app
Elixir tests (mix credo + mix test)	UNKNOWN STEP	2026-09-24T02:39:13.4424652Z ==> rdf_xml
Elixir tests (mix credo + mix test)	UNKNOWN STEP	2026-09-24T02:39:13.4425419Z Compiling 17 files (.ex)
Elixir tests (mix credo + mix test)	UNKNOWN STEP	2026-09-24T02:39:14.4448834Z Generated rdf_xml app
Elixir tests (mix credo + mix test)	UNKNOWN STEP	2026-09-24T02:39:14.4983990Z ==> sparql_client
Elixir tests (mix credo + mix test)	UNKNOWN STEP	2026-09-24T02:39:14.4984641Z Compiling 9 files (.ex)
Elixir tests (mix credo + mix test)	UNKNOWN STEP	2026-09-24T02:39:14.7555033Z Generated sparql_client app
Elixir tests (mix credo + mix test)	UNKNOWN STEP	2026-09-24T02:39:14.8138988Z ==> gno
Elixir tests (mix credo + mix test)	UNKNOWN STEP	2026-09-24T02:39:14.8139648Z Compiling 36 files (.ex)
Elixir tests (mix credo + mix test)	UNKNOWN STEP	2026-09-24T02:39:16.2451708Z Generated gno app
Elixir tests (mix credo + mix test)	UNKNOWN STEP	2026-09-24T02:39:16.4004853Z ==> ash_r2rml
Elixir tests (mix credo + mix test)	UNKNOWN STEP	2026-09-24T02:39:16.4006709Z Compiling 111 files (.ex)
Elixir tests (mix credo + mix test)	UNKNOWN STEP	2026-09-24T02:39:22.5187037Z Generated ash_r2rml app
Elixir tests (mix credo + mix test)	UNKNOWN STEP	2026-09-24T02:39:22.6754701Z ==> ash_oban
Elixir tests (mix credo + mix test)	UNKNOWN STEP	2026-09-24T02:39:22.6762255Z Compiling 22 files (.ex)
Elixir tests (mix credo + mix test)	UNKNOWN STEP	2026-09-24T02:39:25.5683621Z Generated ash_oban app
Elixir tests (mix credo + mix test)	UNKNOWN STEP	2026-09-24T02:39:25.6380835Z ==> ash_ai
Elixir tests (mix credo + mix test)	UNKNOWN STEP	2026-09-24T02:39:25.6381218Z Compiling 42 files (.ex)
Elixir tests (mix credo + mix test)	UNKNOWN STEP	2026-09-24T02:39:28.1909935Z Generated ash_ai app
Elixir tests (mix credo + mix test)	UNKNOWN STEP	2026-09-24T02:39:28.2521544Z warning: the dependency :ash_a2a requires Elixir "~> 1.19" but you are running on v1.18.4
Elixir tests (mix credo + mix test)	UNKNOWN STEP	2026-09-24T02:39:28.2522274Z ==> ash_a2a
Elixir tests (mix credo + mix test)	UNKNOWN STEP	2026-09-24T02:39:28.3262581Z Compiling 309 files (.ex)
Elixir tests (mix credo + mix test)	UNKNOWN STEP	2026-09-24T02:39:46.5887875Z Generated ash_a2a app
Elixir tests (mix credo + mix test)	UNKNOWN STEP	2026-09-24T02:39:47.2133526Z Checking 324 source files (this might take a while) ...
Elixir tests (mix credo + mix test)	UNKNOWN STEP	2026-09-24T02:39:52.0860996Z 
Elixir tests (mix credo + mix test)	UNKNOWN STEP	2026-09-24T02:39:52.0862084Z Please report incorrect results: https://github.com/rrrene/credo/issues
Elixir tests (mix credo + mix test)	UNKNOWN STEP	2026-09-24T02:39:52.0862840Z 
Elixir tests (mix credo + mix test)	UNKNOWN STEP	2026-09-24T02:39:52.0863661Z Analysis took 5.2 seconds (0.4s to load, 4.8s running 57 checks on 324 files)
Elixir tests (mix credo + mix test)	UNKNOWN STEP	2026-09-24T02:39:52.1201591Z 2951 mods/funs, found no issues.
Elixir tests (mix credo + mix test)	UNKNOWN STEP	2026-09-24T02:39:52.1201938Z 
Elixir tests (mix credo + mix test)	UNKNOWN STEP	2026-09-24T02:39:52.1203053Z Showing priority issues: ↑ ↗ →  (use `mix credo explain` to explain issues, `mix credo --help` for options).
Elixir tests (mix credo + mix test)	UNKNOWN STEP	2026-09-24T02:39:52.1597182Z ##[group]Run mix compile
Elixir tests (mix credo + mix test)	UNKNOWN STEP	2026-09-24T02:39:52.1597460Z ^[[36;1mmix compile^[[0m
Elixir tests (mix credo + mix test)	UNKNOWN STEP	2026-09-24T02:39:52.1620023Z shell: /usr/bin/bash --noprofile --norc -e -o pipefail {0}
Elixir tests (mix credo + mix test)	UNKNOWN STEP	2026-09-24T02:39:52.1620341Z env:
Elixir tests (mix credo + mix test)	UNKNOWN STEP	2026-09-24T02:39:52.1620597Z   INSTALL_DIR_FOR_OTP: /home/runner/work/_temp/.setup-beam/otp
Elixir tests (mix credo + mix test)	UNKNOWN STEP	2026-09-24T02:39:52.1620984Z   INSTALL_DIR_FOR_ELIXIR: /home/runner/work/_temp/.setup-beam/elixir
Elixir tests (mix credo + mix test)	UNKNOWN STEP	2026-09-24T02:39:52.1621384Z   INSTALL_DIR_FOR_REBAR3: /home/runner/work/_temp/.setup-beam/rebar3
Elixir tests (mix credo + mix test)	UNKNOWN STEP	2026-09-24T02:39:52.1621688Z ##[endgroup]
Elixir tests (mix credo + mix test)	UNKNOWN STEP	2026-09-24T02:39:52.7935472Z Compiling 99 files (.ex)
Elixir tests (mix credo + mix test)	UNKNOWN STEP	2026-09-24T02:39:56.1840807Z     Updating crates.io index
Elixir tests (mix credo + mix test)	UNKNOWN STEP	2026-09-24T02:39:56.7778191Z  Downloading crates ...
Elixir tests (mix credo + mix test)	UNKNOWN STEP	2026-09-24T02:39:56.8592455Z   Downloaded block-buffer v0.10.4
Elixir tests (mix credo + mix test)	UNKNOWN STEP	2026-09-24T02:39:56.9096339Z   Downloaded heck v0.5.0
Elixir tests (mix credo + mix test)	UNKNOWN STEP	2026-09-24T02:39:56.9106092Z   Downloaded scopeguard v1.2.0
Elixir tests (mix credo + mix test)	UNKNOWN STEP	2026-09-24T02:39:56.9160180Z   Downloaded bitflags v2.13.1
Elixir tests (mix credo + mix test)	UNKNOWN STEP	2026-09-24T02:39:56.9230006Z   Downloaded bindgen v0.72.1
Elixir tests (mix credo + mix test)	UNKNOWN STEP	2026-09-24T02:39:56.9402370Z   Downloaded getrandom v0.4.3
Elixir tests (mix credo + mix test)	UNKNOWN STEP	2026-09-24T02:39:56.9469199Z   Downloaded cc v1.4.4
Elixir tests (mix credo + mix test)	UNKNOWN STEP	2026-09-24T02:39:56.9584041Z   Downloaded crypto-common v0.1.7
Elixir tests (mix credo + mix test)	UNKNOWN STEP	2026-09-24T02:39:56.9592176Z   Downloaded minimal-lexical v0.2.1
Elixir tests (mix credo + mix test)	UNKNOWN STEP	2026-09-24T02:39:56.9620692Z   Downloaded zerocopy-derive v0.8.56
Elixir tests (mix credo + mix test)	UNKNOWN STEP	2026-09-24T02:39:56.9668368Z   Downloaded inventory v0.3.24
Elixir tests (mix credo + mix test)	UNKNOWN STEP	2026-09-24T02:39:56.9684567Z   Downloaded cfg-if v1.0.4
Elixir tests (mix credo + mix test)	UNKNOWN STEP	2026-09-24T02:39:56.9694736Z   Downloaded cpufeatures v0.2.17
Elixir tests (mix credo + mix test)	UNKNOWN STEP	2026-09-24T02:39:56.9706208Z   Downloaded windows-link v0.2.1
Elixir tests (mix credo + mix test)	UNKNOWN STEP	2026-09-24T02:39:56.9711144Z   Downloaded cexpr v0.6.0
Elixir tests (mix credo + mix test)	UNKNOWN STEP	2026-09-24T02:39:56.9722136Z   Downloaded dashmap v6.2.1
Elixir tests (mix credo + mix test)	UNKNOWN STEP	2026-09-24T02:39:56.9735458Z   Downloaded either v1.18.0
Elixir tests (mix credo + mix test)	UNKNOWN STEP	2026-09-24T02:39:56.9743659Z   Downloaded sha1 v0.10.7
Elixir tests (mix credo + mix test)	UNKNOWN STEP	2026-09-24T02:39:56.9752336Z   Downloaded md-5 v0.10.6
Elixir tests (mix credo + mix test)	UNKNOWN STEP	2026-09-24T02:39:56.9760398Z   Downloaded generic-array v0.14.7
Elixir tests (mix credo + mix test)	UNKNOWN STEP	2026-09-24T02:39:56.9768826Z   Downloaded version_check v0.9.5
Elixir tests (mix credo + mix test)	UNKNOWN STEP	2026-09-24T02:39:56.9775819Z   Downloaded oxilangtag v0.1.6
Elixir tests (mix credo + mix test)	UNKNOWN STEP	2026-09-24T02:39:56.9784544Z   Downloaded oxrdfio v0.2.5
Elixir tests (mix credo + mix test)	UNKNOWN STEP	2026-09-24T02:39:56.9794562Z   Downloaded peg-runtime v0.8.6
Elixir tests (mix credo + mix test)	UNKNOWN STEP	2026-09-24T02:39:56.9799167Z   Downloaded find-msvc-tools v0.1.11
Elixir tests (mix credo + mix test)	UNKNOWN STEP	2026-09-24T02:39:56.9808224Z   Downloaded libloading v0.8.9
Elixir tests (mix credo + mix test)	UNKNOWN STEP	2026-09-24T02:39:56.9821027Z   Downloaded peg v0.8.6
Elixir tests (mix credo + mix test)	UNKNOWN STEP	2026-09-24T02:39:56.9843486Z   Downloaded oxiri v0.2.11
Elixir tests (mix credo + mix test)	UNKNOWN STEP	2026-09-24T02:39:56.9853876Z   Downloaded shlex v2.0.1
Elixir tests (mix credo + mix test)	UNKNOWN STEP	2026-09-24T02:39:56.9862097Z   Downloaded crossbeam-utils v0.8.22
Elixir tests (mix credo + mix test)	UNKNOWN STEP	2026-09-24T02:39:56.9877762Z   Downloaded siphasher v1.0.3
Elixir tests (mix credo + mix test)	UNKNOWN STEP	2026-09-24T02:39:56.9884734Z   Downloaded rustc-hash v2.1.3
Elixir tests (mix credo + mix test)	UNKNOWN STEP	2026-09-24T02:39:56.9891886Z   Downloaded sha2 v0.10.9
Elixir tests (mix credo + mix test)	UNKNOWN STEP	2026-09-24T02:39:56.9905187Z   Downloaded oxrdfxml v0.2.3
Elixir tests (mix credo + mix test)	UNKNOWN STEP	2026-09-24T02:39:56.9915618Z   Downloaded shlex v1.3.0
Elixir tests (mix credo + mix test)	UNKNOWN STEP	2026-09-24T02:39:56.9922861Z   Downloaded sparopt v0.3.6
Elixir tests (mix credo + mix test)	UNKNOWN STEP	2026-09-24T02:39:56.9932217Z   Downloaded rustler_codegen v0.36.2
Elixir tests (mix credo + mix test)	UNKNOWN STEP	2026-09-24T02:39:56.9943046Z   Downloaded thiserror v2.0.20
Elixir tests (mix credo + mix test)	UNKNOWN STEP	2026-09-24T02:39:56.9977747Z   Downloaded json-event-parser v0.2.3
Elixir tests (mix credo + mix test)	UNKNOWN STEP	2026-09-24T02:39:56.9990277Z   Downloaded redox_syscall v0.5.18
Elixir tests (mix credo + mix test)	UNKNOWN STEP	2026-09-24T02:39:57.0003481Z   Downloaded digest v0.10.7
Elixir tests (mix credo + mix test)	UNKNOWN STEP	2026-09-24T02:39:57.0013301Z   Downloaded thiserror-impl v2.0.20
Elixir tests (mix credo + mix test)	UNKNOWN STEP	2026-09-24T02:39:57.0021221Z   Downloaded hex v0.4.3
Elixir tests (mix credo + mix test)	UNKNOWN STEP	2026-09-24T02:39:57.0029617Z   Downloaded rustversion v1.0.23
Elixir tests (mix credo + mix test)	UNKNOWN STEP	2026-09-24T02:39:57.0043109Z   Downloaded once_cell v1.21.4
Elixir tests (mix credo + mix test)	UNKNOWN STEP	2026-09-24T02:39:57.0056988Z   Downloaded quote v1.0.47
Elixir tests (mix credo + mix test)	UNKNOWN STEP	2026-09-24T02:39:57.0071085Z   Downloaded sparesults v0.3.3
Elixir tests (mix credo + mix test)	UNKNOWN STEP	2026-09-24T02:39:57.0082852Z   Downloaded itertools v0.13.0
Elixir tests (mix credo + mix test)	UNKNOWN STEP	2026-09-24T02:39:57.0125685Z   Downloaded peg-macros v0.8.6
Elixir tests (mix credo + mix test)	UNKNOWN STEP	2026-09-24T02:39:57.0138903Z   Downloaded ppv-lite86 v0.2.21
Elixir tests (mix credo + mix test)	UNKNOWN STEP	2026-09-24T02:39:57.0146816Z   Downloaded rand_chacha v0.9.0
Elixir tests (mix credo + mix test)	UNKNOWN STEP	2026-09-24T02:39:57.0162234Z   Downloaded jobserver v0.1.35
Elixir tests (mix credo + mix test)	UNKNOWN STEP	2026-09-24T02:39:57.0172644Z   Downloaded lock_api v0.4.14
Elixir tests (mix credo + mix test)	UNKNOWN STEP	2026-09-24T02:39:57.0180810Z   Downloaded glob v0.3.4
Elixir tests (mix credo + mix test)	UNKNOWN STEP	2026-09-24T02:39:57.0189403Z   Downloaded oxjsonld v0.2.5
Elixir tests (mix credo + mix test)	UNKNOWN STEP	2026-09-24T02:39:57.0202583Z   Downloaded parking_lot_core v0.9.12
Elixir tests (mix credo + mix test)	UNKNOWN STEP	2026-09-24T02:39:57.0215398Z   Downloaded rand_core v0.9.5
Elixir tests (mix credo + mix test)	UNKNOWN STEP	2026-09-24T02:39:57.0224598Z   Downloaded oxrdf v0.3.3
Elixir tests (mix credo + mix test)	UNKNOWN STEP	2026-09-24T02:39:57.0238587Z   Downloaded oxsdatatypes v0.2.2
Elixir tests (mix credo + mix test)	UNKNOWN STEP	2026-09-24T02:39:57.0251515Z   Downloaded smallvec v1.15.2
Elixir tests (mix credo + mix test)	UNKNOWN STEP	2026-09-24T02:39:57.0261674Z   Downloaded spargebra v0.4.6
Elixir tests (mix credo + mix test)	UNKNOWN STEP	2026-09-24T02:39:57.0275863Z   Downloaded proc-macro2 v1.0.107
Elixir tests (mix credo + mix test)	UNKNOWN STEP	2026-09-24T02:39:57.0293422Z   Downloaded r-efi v6.0.0
Elixir tests (mix credo + mix test)	UNKNOWN STEP	2026-09-24T02:39:57.0319699Z   Downloaded serde_core v1.0.229
Elixir tests (mix credo + mix test)	UNKNOWN STEP	2026-09-24T02:39:57.0336914Z   Downloaded log v0.4.34
Elixir tests (mix credo + mix test)	UNKNOWN STEP	2026-09-24T02:39:57.0352303Z   Downloaded serde_derive v1.0.229
Elixir tests (mix credo + mix test)	UNKNOWN STEP	2026-09-24T02:39:57.0370615Z   Downloaded unicode-ident v1.0.24
Elixir tests (mix credo + mix test)	UNKNOWN STEP	2026-09-24T02:39:57.0386749Z   Downloaded aho-corasick v1.1.5
Elixir tests (mix credo + mix test)	UNKNOWN STEP	2026-09-24T02:39:57.0421455Z   Downloaded clang-sys v1.9.1
Elixir tests (mix credo + mix test)	UNKNOWN STEP	2026-09-24T02:39:57.0435909Z   Downloaded getrandom v0.3.4
Elixir tests (mix credo + mix test)	UNKNOWN STEP	2026-09-24T02:39:57.0455239Z   Downloaded rustler v0.36.2
Elixir tests (mix credo + mix test)	UNKNOWN STEP	2026-09-24T02:39:57.0478896Z   Downloaded spareval v0.2.6
Elixir tests (mix credo + mix test)	UNKNOWN STEP	2026-09-24T02:39:57.0494696Z   Downloaded wit-bindgen v0.57.1
Elixir tests (mix credo + mix test)	UNKNOWN STEP	2026-09-24T02:39:57.0515060Z   Downloaded oxttl v0.2.3
Elixir tests (mix credo + mix test)	UNKNOWN STEP	2026-09-24T02:39:57.0531700Z   Downloaded r-efi v5.3.0
Elixir tests (mix credo + mix test)	UNKNOWN STEP	2026-09-24T02:39:57.0557035Z   Downloaded regex v1.13.1
Elixir tests (mix credo + mix test)	UNKNOWN STEP	2026-09-24T02:39:57.0590330Z   Downloaded ryu-js v1.0.3
Elixir tests (mix credo + mix test)	UNKNOWN STEP	2026-09-24T02:39:57.0613918Z   Downloaded prettyplease v0.2.37
Elixir tests (mix credo + mix test)	UNKNOWN STEP	2026-09-24T02:39:57.0634361Z   Downloaded regex-lite v0.1.9
Elixir tests (mix credo + mix test)	UNKNOWN STEP	2026-09-24T02:39:57.0651739Z   Downloaded typenum v1.20.1
Elixir tests (mix credo + mix test)	UNKNOWN STEP	2026-09-24T02:39:57.0674494Z   Downloaded memchr v2.8.3
Elixir tests (mix credo + mix test)	UNKNOWN STEP	2026-09-24T02:39:57.0704279Z   Downloaded nom v7.1.3
Elixir tests (mix credo + mix test)	UNKNOWN STEP	2026-09-24T02:39:57.0735212Z   Downloaded rand v0.9.5
Elixir tests (mix credo + mix test)	UNKNOWN STEP	2026-09-24T02:39:57.0758478Z   Downloaded serde v1.0.229
Elixir tests (mix credo + mix test)	UNKNOWN STEP	2026-09-24T02:39:57.0779687Z   Downloaded oxigraph v0.5.9
Elixir tests (mix credo + mix test)	UNKNOWN STEP	2026-09-24T02:39:57.0810187Z   Downloaded wasip2 v1.0.4+wasi-0.2.12
Elixir tests (mix credo + mix test)	UNKNOWN STEP	2026-09-24T02:39:57.0838520Z   Downloaded hashbrown v0.14.5
Elixir tests (mix credo + mix test)	UNKNOWN STEP	2026-09-24T02:39:57.0868363Z   Downloaded quick-xml v0.37.5
Elixir tests (mix credo + mix test)	UNKNOWN STEP	2026-09-24T02:39:57.0904327Z   Downloaded zerocopy v0.8.56
Elixir tests (mix credo + mix test)	UNKNOWN STEP	2026-09-24T02:39:57.1012397Z   Downloaded syn v3.0.4
Elixir tests (mix credo + mix test)	UNKNOWN STEP	2026-09-24T02:39:57.1077358Z   Downloaded syn v2.0.119
Elixir tests (mix credo + mix test)	UNKNOWN STEP	2026-09-24T02:39:57.1144051Z   Downloaded regex-syntax v0.8.11
Elixir tests (mix credo + mix test)	UNKNOWN STEP	2026-09-24T02:39:57.1196751Z   Downloaded regex-automata v0.4.18
Elixir tests (mix credo + mix test)	UNKNOWN STEP	2026-09-24T02:39:57.1295478Z   Downloaded libc v0.2.189
Elixir tests (mix credo + mix test)	UNKNOWN STEP	2026-09-24T02:39:57.1525003Z   Downloaded oxrocksdb-sys v0.5.9
Elixir tests (mix credo + mix test)	UNKNOWN STEP	2026-09-24T02:39:57.2920927Z Compiling crate ggen_graph_nif in release mode (native/ggen_graph_nif)
Elixir tests (mix credo + mix test)	UNKNOWN STEP	2026-09-24T02:40:12.8009552Z Compiling lib/ggen_igniter/native/graph_nif.ex (it's taking more than 10s)
Elixir tests (mix credo + mix test)	UNKNOWN STEP	2026-09-24T02:47:49.8903375Z Copying /home/runner/work/ggen_igniter/ggen_igniter/native/ggen_graph_nif/target/release/libggen_graph_nif.so to priv/native/ggen_graph_nif.so
Elixir tests (mix credo + mix test)	UNKNOWN STEP	2026-09-24T02:47:51.4352465Z Generated ggen_igniter app
Elixir tests (mix credo + mix test)	UNKNOWN STEP	2026-09-24T02:47:52.7295552Z ##[group]Run mix ggen_igniter.verify --pack test/fixtures/ash_manufacture_pack --json
Elixir tests (mix credo + mix test)	UNKNOWN STEP	2026-09-24T02:47:52.7296677Z ^[[36;1mmix ggen_igniter.verify --pack test/fixtures/ash_manufacture_pack --json^[[0m
Elixir tests (mix credo + mix test)	UNKNOWN STEP	2026-09-24T02:47:52.7319930Z shell: /usr/bin/bash --noprofile --norc -e -o pipefail {0}
Elixir tests (mix credo + mix test)	UNKNOWN STEP	2026-09-24T02:47:52.7320248Z env:
Elixir tests (mix credo + mix test)	UNKNOWN STEP	2026-09-24T02:47:52.7320514Z   INSTALL_DIR_FOR_OTP: /home/runner/work/_temp/.setup-beam/otp
Elixir tests (mix credo + mix test)	UNKNOWN STEP	2026-09-24T02:47:52.7320904Z   INSTALL_DIR_FOR_ELIXIR: /home/runner/work/_temp/.setup-beam/elixir
Elixir tests (mix credo + mix test)	UNKNOWN STEP	2026-09-24T02:47:52.7321299Z   INSTALL_DIR_FOR_REBAR3: /home/runner/work/_temp/.setup-beam/rebar3
Elixir tests (mix credo + mix test)	UNKNOWN STEP	2026-09-24T02:47:52.7321615Z ##[endgroup]
Elixir tests (mix credo + mix test)	UNKNOWN STEP	2026-09-24T02:47:53.5357375Z {
Elixir tests (mix credo + mix test)	UNKNOWN STEP	2026-09-24T02:47:53.5361598Z   "cardinality": {
Elixir tests (mix credo + mix test)	UNKNOWN STEP	2026-09-24T02:47:53.5366284Z     "gates_under_contract": [
Elixir tests (mix credo + mix test)	UNKNOWN STEP	2026-09-24T02:47:53.5366644Z       "attributes",
Elixir tests (mix credo + mix test)	UNKNOWN STEP	2026-09-24T02:47:53.5366926Z       "capabilities",
Elixir tests (mix credo + mix test)	UNKNOWN STEP	2026-09-24T02:47:53.5367205Z       "default_actions",
Elixir tests (mix credo + mix test)	UNKNOWN STEP	2026-09-24T02:47:53.5367472Z       "domains",
Elixir tests (mix credo + mix test)	UNKNOWN STEP	2026-09-24T02:47:53.5367799Z       "enum_values",
Elixir tests (mix credo + mix test)	UNKNOWN STEP	2026-09-24T02:47:53.5368054Z       "extensions",
Elixir tests (mix credo + mix test)	UNKNOWN STEP	2026-09-24T02:47:53.5368372Z       "project",
Elixir tests (mix credo + mix test)	UNKNOWN STEP	2026-09-24T02:47:53.5368607Z       "refusals",
Elixir tests (mix credo + mix test)	UNKNOWN STEP	2026-09-24T02:47:53.5368867Z       "relationships",
Elixir tests (mix credo + mix test)	UNKNOWN STEP	2026-09-24T02:47:53.5369125Z       "resources",
Elixir tests (mix credo + mix test)	UNKNOWN STEP	2026-09-24T02:47:53.5369397Z       "support_modules"
Elixir tests (mix credo + mix test)	UNKNOWN STEP	2026-09-24T02:47:53.5369649Z     ],
Elixir tests (mix credo + mix test)	UNKNOWN STEP	2026-09-24T02:47:53.5370030Z     "note": "loaded 11 gate contract(s) from test/fixtures/ash_manufacture_pack/verify/cardinality.json"
Elixir tests (mix credo + mix test)	UNKNOWN STEP	2026-09-24T02:47:53.5370435Z   },
Elixir tests (mix credo + mix test)	UNKNOWN STEP	2026-09-24T02:47:53.5370615Z   "gates": {
Elixir tests (mix credo + mix test)	UNKNOWN STEP	2026-09-24T02:47:53.5370808Z     "passed": [
Elixir tests (mix credo + mix test)	UNKNOWN STEP	2026-09-24T02:47:53.5371002Z       "project",
Elixir tests (mix credo + mix test)	UNKNOWN STEP	2026-09-24T02:47:53.5371194Z       "domains",
Elixir tests (mix credo + mix test)	UNKNOWN STEP	2026-09-24T02:47:53.5371386Z       "resources",
Elixir tests (mix credo + mix test)	UNKNOWN STEP	2026-09-24T02:47:53.5371582Z       "default_actions",
Elixir tests (mix credo + mix test)	UNKNOWN STEP	2026-09-24T02:47:53.5371792Z       "attributes",
Elixir tests (mix credo + mix test)	UNKNOWN STEP	2026-09-24T02:47:53.5371990Z       "relationships",
Elixir tests (mix credo + mix test)	UNKNOWN STEP	2026-09-24T02:47:53.5372199Z       "extensions",
Elixir tests (mix credo + mix test)	UNKNOWN STEP	2026-09-24T02:47:53.5372404Z       "support_modules",
Elixir tests (mix credo + mix test)	UNKNOWN STEP	2026-09-24T02:47:53.5372614Z       "enum_values",
Elixir tests (mix credo + mix test)	UNKNOWN STEP	2026-09-24T02:47:53.5372820Z       "capabilities",
Elixir tests (mix credo + mix test)	UNKNOWN STEP	2026-09-24T02:47:53.5373023Z       "refusals",
Elixir tests (mix credo + mix test)	UNKNOWN STEP	2026-09-24T02:47:53.5373217Z       "citations",
Elixir tests (mix credo + mix test)	UNKNOWN STEP	2026-09-24T02:47:53.5373420Z       "dependency_pins"
Elixir tests (mix credo + mix test)	UNKNOWN STEP	2026-09-24T02:47:53.5373623Z     ],
Elixir tests (mix credo + mix test)	UNKNOWN STEP	2026-09-24T02:47:53.5373819Z     "status": "pass"
Elixir tests (mix credo + mix test)	UNKNOWN STEP	2026-09-24T02:47:53.5374011Z   },
Elixir tests (mix credo + mix test)	UNKNOWN STEP	2026-09-24T02:47:53.5374185Z   "ok": true,
Elixir tests (mix credo + mix test)	UNKNOWN STEP	2026-09-24T02:47:53.5374374Z   "verify": {
Elixir tests (mix credo + mix test)	UNKNOWN STEP	2026-09-24T02:47:53.5374778Z     "findings": [],
Elixir tests (mix credo + mix test)	UNKNOWN STEP	2026-09-24T02:47:53.5375158Z     "status": "pass"
Elixir tests (mix credo + mix test)	UNKNOWN STEP	2026-09-24T02:47:53.5375558Z   }
Elixir tests (mix credo + mix test)	UNKNOWN STEP	2026-09-24T02:47:53.5375985Z }
Elixir tests (mix credo + mix test)	UNKNOWN STEP	2026-09-24T02:47:53.5454887Z ##[group]Run # Cache-restore hardening (2026-09-15): a restored _build/test can
Elixir tests (mix credo + mix test)	UNKNOWN STEP	2026-09-24T02:47:53.5455396Z ^[[36;1m# Cache-restore hardening (2026-09-15): a restored _build/test can^[[0m
Elixir tests (mix credo + mix test)	UNKNOWN STEP	2026-09-24T02:47:53.5455995Z ^[[36;1m# carry current beams WITHOUT the rustler ggen_graph_nif.so (mix^[[0m
Elixir tests (mix credo + mix test)	UNKNOWN STEP	2026-09-24T02:47:53.5456410Z ^[[36;1m# considers the app compiled and never rebuilds the artifact),^[[0m
Elixir tests (mix credo + mix test)	UNKNOWN STEP	2026-09-24T02:47:53.5456841Z ^[[36;1m# which surfaces as NIF load_failed in every oxigraph/divergence^[[0m
Elixir tests (mix credo + mix test)	UNKNOWN STEP	2026-09-24T02:47:53.5457248Z ^[[36;1m# test. Proven environmental, not diff-related: the base branch's^[[0m
Elixir tests (mix credo + mix test)	UNKNOWN STEP	2026-09-24T02:47:53.5457664Z ^[[36;1m# own previously-green run (35004492197) fails identically on^[[0m
Elixir tests (mix credo + mix test)	UNKNOWN STEP	2026-09-24T02:47:53.5458058Z ^[[36;1m# rerun after the exact-key mix.lock cache was evicted and the^[[0m
Elixir tests (mix credo + mix test)	UNKNOWN STEP	2026-09-24T02:47:53.5458457Z ^[[36;1m# broad `restore-keys` prefix fallback restored a pre-NIF _build.^[[0m
Elixir tests (mix credo + mix test)	UNKNOWN STEP	2026-09-24T02:47:53.5458889Z ^[[36;1m# Force a full test-env recompile only when the artifact is^[[0m
Elixir tests (mix credo + mix test)	UNKNOWN STEP	2026-09-24T02:47:53.5459259Z ^[[36;1m# missing, so the NIF is always built before tests run.^[[0m
Elixir tests (mix credo + mix test)	UNKNOWN STEP	2026-09-24T02:47:53.5459670Z ^[[36;1mif [ ! -f _build/test/lib/ggen_igniter/priv/native/ggen_graph_nif.so ]; then^[[0m
Elixir tests (mix credo + mix test)	UNKNOWN STEP	2026-09-24T02:47:53.5460053Z ^[[36;1m  MIX_ENV=test mix compile --force^[[0m
Elixir tests (mix credo + mix test)	UNKNOWN STEP	2026-09-24T02:47:53.5460300Z ^[[36;1mfi^[[0m
Elixir tests (mix credo + mix test)	UNKNOWN STEP	2026-09-24T02:47:53.5460482Z ^[[36;1mmix test^[[0m
Elixir tests (mix credo + mix test)	UNKNOWN STEP	2026-09-24T02:47:53.5484276Z shell: /usr/bin/bash --noprofile --norc -e -o pipefail {0}
Elixir tests (mix credo + mix test)	UNKNOWN STEP	2026-09-24T02:47:53.5484588Z env:
Elixir tests (mix credo + mix test)	UNKNOWN STEP	2026-09-24T02:47:53.5484846Z   INSTALL_DIR_FOR_OTP: /home/runner/work/_temp/.setup-beam/otp
Elixir tests (mix credo + mix test)	UNKNOWN STEP	2026-09-24T02:47:53.5485477Z   INSTALL_DIR_FOR_ELIXIR: /home/runner/work/_temp/.setup-beam/elixir
Elixir tests (mix credo + mix test)	UNKNOWN STEP	2026-09-24T02:47:53.5486350Z   INSTALL_DIR_FOR_REBAR3: /home/runner/work/_temp/.setup-beam/rebar3
Elixir tests (mix credo + mix test)	UNKNOWN STEP	2026-09-24T02:47:53.5486659Z ##[endgroup]
Elixir tests (mix credo + mix test)	UNKNOWN STEP	2026-09-24T02:47:54.1670558Z ==> sourceror
Elixir tests (mix credo + mix test)	UNKNOWN STEP	2026-09-24T02:47:54.1671757Z Compiling 20 files (.ex)
Elixir tests (mix credo + mix test)	UNKNOWN STEP	2026-09-24T02:47:55.0285012Z Generated sourceror app
Elixir tests (mix credo + mix test)	UNKNOWN STEP	2026-09-24T02:47:55.0746524Z ==> text_diff
Elixir tests (mix credo + mix test)	UNKNOWN STEP	2026-09-24T02:47:55.0747257Z Compiling 1 file (.ex)
Elixir tests (mix credo + mix test)	UNKNOWN STEP	2026-09-24T02:47:55.1544022Z Generated text_diff app
Elixir tests (mix credo + mix test)	UNKNOWN STEP	2026-09-24T02:47:55.1831035Z ==> file_system
Elixir tests (mix credo + mix test)	UNKNOWN STEP	2026-09-24T02:47:55.1831855Z Compiling 7 files (.ex)
Elixir tests (mix credo + mix test)	UNKNOWN STEP	2026-09-24T02:47:55.3127987Z Generated file_system app
Elixir tests (mix credo + mix test)	UNKNOWN STEP	2026-09-24T02:47:55.3559489Z ==> stream_data
Elixir tests (mix credo + mix test)	UNKNOWN STEP	2026-09-24T02:47:55.3560323Z Compiling 3 files (.ex)
Elixir tests (mix credo + mix test)	UNKNOWN STEP	2026-09-24T02:47:55.9136551Z Generated stream_data app
Elixir tests (mix credo + mix test)	UNKNOWN STEP	2026-09-24T02:47:55.9355232Z ==> decimal
Elixir tests (mix credo + mix test)	UNKNOWN STEP	2026-09-24T02:47:55.9356011Z Compiling 4 files (.ex)
Elixir tests (mix credo + mix test)	UNKNOWN STEP	2026-09-24T02:47:56.5327291Z Generated decimal app
Elixir tests (mix credo + mix test)	UNKNOWN STEP	2026-09-24T02:47:56.5607783Z ==> spitfire
Elixir tests (mix credo + mix test)	UNKNOWN STEP	2026-09-24T02:47:56.5608213Z Compiling 2 files (.erl)
Elixir tests (mix credo + mix test)	UNKNOWN STEP	2026-09-24T02:47:57.2221132Z Compiling 5 files (.ex)
Elixir tests (mix credo + mix test)	UNKNOWN STEP	2026-09-24T02:47:58.3550101Z Generated spitfire app
Elixir tests (mix credo + mix test)	UNKNOWN STEP	2026-09-24T02:47:58.3818771Z ==> ymlr
Elixir tests (mix credo + mix test)	UNKNOWN STEP	2026-09-24T02:47:58.3819530Z Compiling 3 files (.ex)
Elixir tests (mix credo + mix test)	UNKNOWN STEP	2026-09-24T02:47:58.5936274Z Generated ymlr app
Elixir tests (mix credo + mix test)	UNKNOWN STEP	2026-09-24T02:47:58.6396677Z ==> mime
Elixir tests (mix credo + mix test)	UNKNOWN STEP	2026-09-24T02:47:58.6397053Z Compiling 1 file (.ex)
Elixir tests (mix credo + mix test)	UNKNOWN STEP	2026-09-24T02:47:58.7283373Z Generated mime app
Elixir tests (mix credo + mix test)	UNKNOWN STEP	2026-09-24T02:47:58.7609075Z ==> toml
Elixir tests (mix credo + mix test)	UNKNOWN STEP	2026-09-24T02:47:58.7609601Z Compiling 10 files (.ex)
Elixir tests (mix credo + mix test)	UNKNOWN STEP	2026-09-24T02:47:58.7726113Z      warning: using single-quoted strings to represent charlists is deprecated.
Elixir tests (mix credo + mix test)	UNKNOWN STEP	2026-09-24T02:47:58.7727248Z      Use ~c"" if you indeed want a charlist or use "" instead.
Elixir tests (mix credo + mix test)	UNKNOWN STEP	2026-09-24T02:47:58.7728285Z      You may run "mix format --migrate" to change all single-quoted
Elixir tests (mix credo + mix test)	UNKNOWN STEP	2026-09-24T02:47:58.7729260Z      strings to use the ~c sigil and fix this warning.
Elixir tests (mix credo + mix test)	UNKNOWN STEP	2026-09-24T02:47:58.7730122Z      │
Elixir tests (mix credo + mix test)	UNKNOWN STEP	2026-09-24T02:47:58.7730982Z  264 │   defp handle_token(lexer, original, doc, type, skip, _data, lines) when type in '-_' do
Elixir tests (mix credo + mix test)	UNKNOWN STEP	2026-09-24T02:47:58.7732209Z      │                                                                                  ~
Elixir tests (mix credo + mix test)	UNKNOWN STEP	2026-09-24T02:47:58.7732861Z      │
Elixir tests (mix credo + mix test)	UNKNOWN STEP	2026-09-24T02:47:58.7733389Z      └─ lib/decoder.ex:264:82
Elixir tests (mix credo + mix test)	UNKNOWN STEP	2026-09-24T02:47:58.7733796Z 
Elixir tests (mix credo + mix test)	UNKNOWN STEP	2026-09-24T02:47:58.7759832Z      warning: using single-quoted strings to represent charlists is deprecated.
Elixir tests (mix credo + mix test)	UNKNOWN STEP	2026-09-24T02:47:58.7778683Z      Use ~c"" if you indeed want a charlist or use "" instead.
Elixir tests (mix credo + mix test)	UNKNOWN STEP	2026-09-24T02:47:58.7780973Z      You may run "mix format --migrate" to change all single-quoted
Elixir tests (mix credo + mix test)	UNKNOWN STEP	2026-09-24T02:47:58.7781909Z      strings to use the ~c sigil and fix this warning.
Elixir tests (mix credo + mix test)	UNKNOWN STEP	2026-09-24T02:47:58.7782672Z      │
Elixir tests (mix credo + mix test)	UNKNOWN STEP	2026-09-24T02:47:58.7783291Z  371 │       {:ok, {type, _skip, _data, _lines}} when type in '-+' ->
Elixir tests (mix credo + mix test)	UNKNOWN STEP	2026-09-24T02:47:58.7783965Z      │                                                        ~
Elixir tests (mix credo + mix test)	UNKNOWN STEP	2026-09-24T02:47:58.7784535Z      │
Elixir tests (mix credo + mix test)	UNKNOWN STEP	2026-09-24T02:47:58.7785035Z      └─ lib/decoder.ex:371:56
Elixir tests (mix credo + mix test)	UNKNOWN STEP	2026-09-24T02:47:58.7785426Z 
Elixir tests (mix credo + mix test)	UNKNOWN STEP	2026-09-24T02:47:58.7793745Z      warning: using single-quoted strings to represent charlists is deprecated.
Elixir tests (mix credo + mix test)	UNKNOWN STEP	2026-09-24T02:47:58.7794553Z      Use ~c"" if you indeed want a charlist or use "" instead.
Elixir tests (mix credo + mix test)	UNKNOWN STEP	2026-09-24T02:47:58.7795155Z      You may run "mix format --migrate" to change all single-quoted
Elixir tests (mix credo + mix test)	UNKNOWN STEP	2026-09-24T02:47:58.7795855Z      strings to use the ~c sigil and fix this warning.
Elixir tests (mix credo + mix test)	UNKNOWN STEP	2026-09-24T02:47:58.7796401Z      │
Elixir tests (mix credo + mix test)	UNKNOWN STEP	2026-09-24T02:47:58.7797015Z  419 │           {:ok, {:alpha, _, <<c::utf8>>, _}} when c in 'eE' ->
Elixir tests (mix credo + mix test)	UNKNOWN STEP	2026-09-24T02:47:58.7797514Z      │                                                        ~
Elixir tests (mix credo + mix test)	UNKNOWN STEP	2026-09-24T02:47:58.7797881Z      │
Elixir tests (mix credo + mix test)	UNKNOWN STEP	2026-09-24T02:47:58.7798194Z      └─ lib/decoder.ex:419:56
Elixir tests (mix credo + mix test)	UNKNOWN STEP	2026-09-24T02:47:58.7798376Z 
Elixir tests (mix credo + mix test)	UNKNOWN STEP	2026-09-24T02:47:58.7816986Z      warning: using single-quoted strings to represent charlists is deprecated.
Elixir tests (mix credo + mix test)	UNKNOWN STEP	2026-09-24T02:47:58.7826401Z      Use ~c"" if you indeed want a charlist or use "" instead.
Elixir tests (mix credo + mix test)	UNKNOWN STEP	2026-09-24T02:47:58.7827312Z      You may run "mix format --migrate" to change all single-quoted
Elixir tests (mix credo + mix test)	UNKNOWN STEP	2026-09-24T02:47:58.7828687Z      strings to use the ~c sigil and fix this warning.
Elixir tests (mix credo + mix test)	UNKNOWN STEP	2026-09-24T02:47:58.7829164Z      │
Elixir tests (mix credo + mix test)	UNKNOWN STEP	2026-09-24T02:47:58.7829666Z  474 │       {:ok, {:alpha, _, <<c::utf8>>, _}} when c in 'eE' ->
Elixir tests (mix credo + mix test)	UNKNOWN STEP	2026-09-24T02:47:58.7830161Z      │                                                    ~
Elixir tests (mix credo + mix test)	UNKNOWN STEP	2026-09-24T02:47:58.7830509Z      │
Elixir tests (mix credo + mix test)	UNKNOWN STEP	2026-09-24T02:47:58.7830840Z      └─ lib/decoder.ex:474:52
Elixir tests (mix credo + mix test)	UNKNOWN STEP	2026-09-24T02:47:58.7831035Z 
Elixir tests (mix credo + mix test)	UNKNOWN STEP	2026-09-24T02:47:58.7867153Z      warning: using single-quoted strings to represent charlists is deprecated.
Elixir tests (mix credo + mix test)	UNKNOWN STEP	2026-09-24T02:47:58.7868063Z      Use ~c"" if you indeed want a charlist or use "" instead.
Elixir tests (mix credo + mix test)	UNKNOWN STEP	2026-09-24T02:47:58.7868913Z      You may run "mix format --migrate" to change all single-quoted
Elixir tests (mix credo + mix test)	UNKNOWN STEP	2026-09-24T02:47:58.7869707Z      strings to use the ~c sigil and fix this warning.
Elixir tests (mix credo + mix test)	UNKNOWN STEP	2026-09-24T02:47:58.7870473Z      │
Elixir tests (mix credo + mix test)	UNKNOWN STEP	2026-09-24T02:47:58.7871143Z  514 │       {:ok, {sign, _, _, _}} when sign in '-+' and last == ?e ->
Elixir tests (mix credo + mix test)	UNKNOWN STEP	2026-09-24T02:47:58.7871867Z      │                                           ~
Elixir tests (mix credo + mix test)	UNKNOWN STEP	2026-09-24T02:47:58.7872462Z      │
Elixir tests (mix credo + mix test)	UNKNOWN STEP	2026-09-24T02:47:58.7872975Z      └─ lib/decoder.ex:514:43
Elixir tests (mix credo + mix test)	UNKNOWN STEP	2026-09-24T02:47:58.7873585Z 
Elixir tests (mix credo + mix test)	UNKNOWN STEP	2026-09-24T02:47:58.7874079Z      warning: using single-quoted strings to represent charlists is deprecated.
Elixir tests (mix credo + mix test)	UNKNOWN STEP	2026-09-24T02:47:58.7875098Z      Use ~c"" if you indeed want a charlist or use "" instead.
Elixir tests (mix credo + mix test)	UNKNOWN STEP	2026-09-24T02:47:58.7876017Z      You may run "mix format --migrate" to change all single-quoted
Elixir tests (mix credo + mix test)	UNKNOWN STEP	2026-09-24T02:47:58.7877094Z      strings to use the ~c sigil and fix this warning.
Elixir tests (mix credo + mix test)	UNKNOWN STEP	2026-09-24T02:47:58.7877909Z      │
Elixir tests (mix credo + mix test)	UNKNOWN STEP	2026-09-24T02:47:58.7878779Z  518 │       {:ok, {:alpha, _, <<c::utf8>>, _}} when c in 'eE' and signal == ?. ->
Elixir tests (mix credo + mix test)	UNKNOWN STEP	2026-09-24T02:47:58.7879557Z      │                                                    ~
Elixir tests (mix credo + mix test)	UNKNOWN STEP	2026-09-24T02:47:58.7880195Z      │
Elixir tests (mix credo + mix test)	UNKNOWN STEP	2026-09-24T02:47:58.7880692Z      └─ lib/decoder.ex:518:52
Elixir tests (mix credo + mix test)	UNKNOWN STEP	2026-09-24T02:47:58.7881075Z 
Elixir tests (mix credo + mix test)	UNKNOWN STEP	2026-09-24T02:47:58.7881690Z      warning: using single-quoted strings to represent charlists is deprecated.
Elixir tests (mix credo + mix test)	UNKNOWN STEP	2026-09-24T02:47:58.7882575Z      Use ~c"" if you indeed want a charlist or use "" instead.
Elixir tests (mix credo + mix test)	UNKNOWN STEP	2026-09-24T02:47:58.7883351Z      You may run "mix format --migrate" to change all single-quoted
Elixir tests (mix credo + mix test)	UNKNOWN STEP	2026-09-24T02:47:58.7884198Z      strings to use the ~c sigil and fix this warning.
Elixir tests (mix credo + mix test)	UNKNOWN STEP	2026-09-24T02:47:58.7884824Z      │
Elixir tests (mix credo + mix test)	UNKNOWN STEP	2026-09-24T02:47:58.7885460Z  522 │       {:ok, {?_, skip, _, lines}} when last not in '_e.' ->
Elixir tests (mix credo + mix test)	UNKNOWN STEP	2026-09-24T02:47:58.7886886Z      │                                                    ~
Elixir tests (mix credo + mix test)	UNKNOWN STEP	2026-09-24T02:47:58.7887727Z      │
Elixir tests (mix credo + mix test)	UNKNOWN STEP	2026-09-24T02:47:58.7888280Z      └─ lib/decoder.ex:522:52
Elixir tests (mix credo + mix test)	UNKNOWN STEP	2026-09-24T02:47:58.7888837Z 
Elixir tests (mix credo + mix test)	UNKNOWN STEP	2026-09-24T02:47:58.7902377Z      warning: using single-quoted strings to represent charlists is deprecated.
Elixir tests (mix credo + mix test)	UNKNOWN STEP	2026-09-24T02:47:58.7903428Z      Use ~c"" if you indeed want a charlist or use "" instead.
Elixir tests (mix credo + mix test)	UNKNOWN STEP	2026-09-24T02:47:58.7904321Z      You may run "mix format --migrate" to change all single-quoted
Elixir tests (mix credo + mix test)	UNKNOWN STEP	2026-09-24T02:47:58.7905051Z      strings to use the ~c sigil and fix this warning.
Elixir tests (mix credo + mix test)	UNKNOWN STEP	2026-09-24T02:47:58.7905931Z      │
Elixir tests (mix credo + mix test)	UNKNOWN STEP	2026-09-24T02:47:58.7906653Z  538 │       {:ok, {type, skip, data, lines}} when last in 'e.' ->
Elixir tests (mix credo + mix test)	UNKNOWN STEP	2026-09-24T02:47:58.7907416Z      │                                                     ~
Elixir tests (mix credo + mix test)	UNKNOWN STEP	2026-09-24T02:47:58.7907975Z      │
Elixir tests (mix credo + mix test)	UNKNOWN STEP	2026-09-24T02:47:58.7908456Z      └─ lib/decoder.ex:538:53
Elixir tests (mix credo + mix test)	UNKNOWN STEP	2026-09-24T02:47:58.7908825Z 
Elixir tests (mix credo + mix test)	UNKNOWN STEP	2026-09-24T02:47:58.7918400Z      warning: using single-quoted strings to represent charlists is deprecated.
Elixir tests (mix credo + mix test)	UNKNOWN STEP	2026-09-24T02:47:58.7919107Z      Use ~c"" if you indeed want a charlist or use "" instead.
Elixir tests (mix credo + mix test)	UNKNOWN STEP	2026-09-24T02:47:58.7919680Z      You may run "mix format --migrate" to change all single-quoted
Elixir tests (mix credo + mix test)	UNKNOWN STEP	2026-09-24T02:47:58.7920211Z      strings to use the ~c sigil and fix this warning.
Elixir tests (mix credo + mix test)	UNKNOWN STEP	2026-09-24T02:47:58.7920691Z      │
Elixir tests (mix credo + mix test)	UNKNOWN STEP	2026-09-24T02:47:58.7921256Z  542 │       {:ok, {_type, skip, _data, lines} = token} when last not in '_e.' ->
Elixir tests (mix credo + mix test)	UNKNOWN STEP	2026-09-24T02:47:58.7921981Z      │                                                                   ~
Elixir tests (mix credo + mix test)	UNKNOWN STEP	2026-09-24T02:47:58.7922462Z      │
Elixir tests (mix credo + mix test)	UNKNOWN STEP	2026-09-24T02:47:58.7923106Z      └─ lib/decoder.ex:542:67
Elixir tests (mix credo + mix test)	UNKNOWN STEP	2026-09-24T02:47:58.7923371Z 
Elixir tests (mix credo + mix test)	UNKNOWN STEP	2026-09-24T02:47:58.7939422Z      warning: using single-quoted strings to represent charlists is deprecated.
Elixir tests (mix credo + mix test)	UNKNOWN STEP	2026-09-24T02:47:58.7940090Z      Use ~c"" if you indeed want a charlist or use "" instead.
Elixir tests (mix credo + mix test)	UNKNOWN STEP	2026-09-24T02:47:58.7940640Z      You may run "mix format --migrate" to change all single-quoted
Elixir tests (mix credo + mix test)	UNKNOWN STEP	2026-09-24T02:47:58.7941198Z      strings to use the ~c sigil and fix this warning.
Elixir tests (mix credo + mix test)	UNKNOWN STEP	2026-09-24T02:47:58.7941991Z      │
Elixir tests (mix credo + mix test)	UNKNOWN STEP	2026-09-24T02:47:58.7942339Z  682 │         {:ok, {sign, _, _, _}} when sign in '-+' ->
Elixir tests (mix credo + mix test)	UNKNOWN STEP	2026-09-24T02:47:58.7942693Z      │                                             ~
Elixir tests (mix credo + mix test)	UNKNOWN STEP	2026-09-24T02:47:58.7942959Z      │
Elixir tests (mix credo + mix test)	UNKNOWN STEP	2026-09-24T02:47:58.7943290Z      └─ lib/decoder.ex:682:45
Elixir tests (mix credo + mix test)	UNKNOWN STEP	2026-09-24T02:47:58.7943441Z 
Elixir tests (mix credo + mix test)	UNKNOWN STEP	2026-09-24T02:47:58.7963185Z      warning: using single-quoted strings to represent charlists is deprecated.
Elixir tests (mix credo + mix test)	UNKNOWN STEP	2026-09-24T02:47:58.7963860Z      Use ~c"" if you indeed want a charlist or use "" instead.
Elixir tests (mix credo + mix test)	UNKNOWN STEP	2026-09-24T02:47:58.7964413Z      You may run "mix format --migrate" to change all single-quoted
Elixir tests (mix credo + mix test)	UNKNOWN STEP	2026-09-24T02:47:58.7964974Z      strings to use the ~c sigil and fix this warning.
Elixir tests (mix credo + mix test)	UNKNOWN STEP	2026-09-24T02:47:58.7965457Z      │
Elixir tests (mix credo + mix test)	UNKNOWN STEP	2026-09-24T02:47:58.7965996Z  796 │       {:ok, {sign, _, _, _}} when sign in '-+' ->
Elixir tests (mix credo + mix test)	UNKNOWN STEP	2026-09-24T02:47:58.7966394Z      │                                           ~
Elixir tests (mix credo + mix test)	UNKNOWN STEP	2026-09-24T02:47:58.7966654Z      │
Elixir tests (mix credo + mix test)	UNKNOWN STEP	2026-09-24T02:47:58.7966890Z      └─ lib/decoder.ex:796:43
Elixir tests (mix credo + mix test)	UNKNOWN STEP	2026-09-24T02:47:58.7967060Z 
Elixir tests (mix credo + mix test)	UNKNOWN STEP	2026-09-24T02:47:58.7989943Z      warning: using single-quoted strings to represent charlists is deprecated.
Elixir tests (mix credo + mix test)	UNKNOWN STEP	2026-09-24T02:47:58.7990701Z      Use ~c"" if you indeed want a charlist or use "" instead.
Elixir tests (mix credo + mix test)	UNKNOWN STEP	2026-09-24T02:47:58.7991513Z      You may run "mix format --migrate" to change all single-quoted
Elixir tests (mix credo + mix test)	UNKNOWN STEP	2026-09-24T02:47:58.7992358Z      strings to use the ~c sigil and fix this warning.
Elixir tests (mix credo + mix test)	UNKNOWN STEP	2026-09-24T02:47:58.7993139Z      │
Elixir tests (mix credo + mix test)	UNKNOWN STEP	2026-09-24T02:47:58.7993766Z  916 │         {:ok, {type, skip, _, lines}} when type in '-_' ->
Elixir tests (mix credo + mix test)	UNKNOWN STEP	2026-09-24T02:47:58.7994517Z      │                                                    ~
Elixir tests (mix credo + mix test)	UNKNOWN STEP	2026-09-24T02:47:58.7995097Z      │
Elixir tests (mix credo + mix test)	UNKNOWN STEP	2026-09-24T02:47:58.7995661Z      └─ lib/decoder.ex:916:52
Elixir tests (mix credo + mix test)	UNKNOWN STEP	2026-09-24T02:47:58.7996181Z 
Elixir tests (mix credo + mix test)	UNKNOWN STEP	2026-09-24T02:47:58.8025842Z      warning: using single-quoted strings to represent charlists is deprecated.
Elixir tests (mix credo + mix test)	UNKNOWN STEP	2026-09-24T02:47:58.8026807Z      Use ~c"" if you indeed want a charlist or use "" instead.
Elixir tests (mix credo + mix test)	UNKNOWN STEP	2026-09-24T02:47:58.8027987Z      You may run "mix format --migrate" to change all single-quoted
Elixir tests (mix credo + mix test)	UNKNOWN STEP	2026-09-24T02:47:58.8028748Z      strings to use the ~c sigil and fix this warning.
Elixir tests (mix credo + mix test)	UNKNOWN STEP	2026-09-24T02:47:58.8029442Z      │
Elixir tests (mix credo + mix test)	UNKNOWN STEP	2026-09-24T02:47:58.8030101Z  954 │               {:ok, {type, _, _, _}} when type in '-_' ->
Elixir tests (mix credo + mix test)	UNKNOWN STEP	2026-09-24T02:47:58.8030898Z      │                                                   ~
Elixir tests (mix credo + mix test)	UNKNOWN STEP	2026-09-24T02:47:58.8031477Z      │
Elixir tests (mix credo + mix test)	UNKNOWN STEP	2026-09-24T02:47:58.8031985Z      └─ lib/decoder.ex:954:51
Elixir tests (mix credo + mix test)	UNKNOWN STEP	2026-09-24T02:47:58.8032370Z 
Elixir tests (mix credo + mix test)	UNKNOWN STEP	2026-09-24T02:47:58.8052667Z      warning: using single-quoted strings to represent charlists is deprecated.
Elixir tests (mix credo + mix test)	UNKNOWN STEP	2026-09-24T02:47:58.8053516Z      Use ~c"" if you indeed want a charlist or use "" instead.
Elixir tests (mix credo + mix test)	UNKNOWN STEP	2026-09-24T02:47:58.8054302Z      You may run "mix format --migrate" to change all single-quoted
Elixir tests (mix credo + mix test)	UNKNOWN STEP	2026-09-24T02:47:58.8055112Z      strings to use the ~c sigil and fix this warning.
Elixir tests (mix credo + mix test)	UNKNOWN STEP	2026-09-24T02:47:58.8055961Z      │
Elixir tests (mix credo + mix test)	UNKNOWN STEP	2026-09-24T02:47:58.8056599Z  969 │       {:ok, {type, _, _, _}} when type in '-_' ->
Elixir tests (mix credo + mix test)	UNKNOWN STEP	2026-09-24T02:47:58.8057472Z      │                                           ~
Elixir tests (mix credo + mix test)	UNKNOWN STEP	2026-09-24T02:47:58.8058018Z      │
Elixir tests (mix credo + mix test)	UNKNOWN STEP	2026-09-24T02:47:58.8058506Z      └─ lib/decoder.ex:969:43
Elixir tests (mix credo + mix test)	UNKNOWN STEP	2026-09-24T02:47:58.8058867Z 
Elixir tests (mix credo + mix test)	UNKNOWN STEP	2026-09-24T02:47:58.8080699Z      warning: using single-quoted strings to represent charlists is deprecated.
Elixir tests (mix credo + mix test)	UNKNOWN STEP	2026-09-24T02:47:58.8102682Z      Use ~c"" if you indeed want a charlist or use "" instead.
Elixir tests (mix credo + mix test)	UNKNOWN STEP	2026-09-24T02:47:58.8103675Z      You may run "mix format --migrate" to change all single-quoted
Elixir tests (mix credo + mix test)	UNKNOWN STEP	2026-09-24T02:47:58.8104467Z      strings to use the ~c sigil and fix this warning.
Elixir tests (mix credo + mix test)	UNKNOWN STEP	2026-09-24T02:47:58.8105220Z      │
Elixir tests (mix credo + mix test)	UNKNOWN STEP	2026-09-24T02:47:58.8106078Z  983 │           {:ok, {type, _, _, _}} when type in '-_' ->
Elixir tests (mix credo + mix test)	UNKNOWN STEP	2026-09-24T02:47:58.8107231Z      │                                               ~
Elixir tests (mix credo + mix test)	UNKNOWN STEP	2026-09-24T02:47:58.8107827Z      │
Elixir tests (mix credo + mix test)	UNKNOWN STEP	2026-09-24T02:47:58.8108333Z      └─ lib/decoder.ex:983:47
Elixir tests (mix credo + mix test)	UNKNOWN STEP	2026-09-24T02:47:58.8108694Z 
Elixir tests (mix credo + mix test)	UNKNOWN STEP	2026-09-24T02:47:59.2406191Z Generated toml app
Elixir tests (mix credo + mix test)	UNKNOWN STEP	2026-09-24T02:47:59.5426291Z ==> ggen_igniter
Elixir tests (mix credo + mix test)	UNKNOWN STEP	2026-09-24T02:47:59.5427351Z ===> Analyzing applications...
Elixir tests (mix credo + mix test)	UNKNOWN STEP	2026-09-24T02:47:59.5616435Z ===> Compiling idna
Elixir tests (mix credo + mix test)	UNKNOWN STEP	2026-09-24T02:48:04.8259382Z ==> nimble_options
Elixir tests (mix credo + mix test)	UNKNOWN STEP	2026-09-24T02:48:04.8260298Z Compiling 3 files (.ex)
Elixir tests (mix credo + mix test)	UNKNOWN STEP	2026-09-24T02:48:05.1038154Z Generated nimble_options app
Elixir tests (mix credo + mix test)	UNKNOWN STEP	2026-09-24T02:48:05.1299820Z ==> nimble_parsec
Elixir tests (mix credo + mix test)	UNKNOWN STEP	2026-09-24T02:48:05.1300518Z Compiling 4 files (.ex)
Elixir tests (mix credo + mix test)	UNKNOWN STEP	2026-09-24T02:48:05.4580034Z Generated nimble_parsec app
Elixir tests (mix credo + mix test)	UNKNOWN STEP	2026-09-24T02:48:05.4790788Z ==> bunt
Elixir tests (mix credo + mix test)	UNKNOWN STEP	2026-09-24T02:48:05.4791235Z Compiling 2 files (.ex)
Elixir tests (mix credo + mix test)	UNKNOWN STEP	2026-09-24T02:48:05.8277002Z Generated bunt app
Elixir tests (mix credo + mix test)	UNKNOWN STEP	2026-09-24T02:48:05.8492500Z ==> phoenix_template
Elixir tests (mix credo + mix test)	UNKNOWN STEP	2026-09-24T02:48:05.8493030Z Compiling 4 files (.ex)
Elixir tests (mix credo + mix test)	UNKNOWN STEP	2026-09-24T02:48:05.9432736Z Generated phoenix_template app
Elixir tests (mix credo + mix test)	UNKNOWN STEP	2026-09-24T02:48:05.9658436Z ==> multigraph
Elixir tests (mix credo + mix test)	UNKNOWN STEP	2026-09-24T02:48:05.9658864Z Compiling 16 files (.ex)
Elixir tests (mix credo + mix test)	UNKNOWN STEP	2026-09-24T02:48:06.4829770Z Generated multigraph app
Elixir tests (mix credo + mix test)	UNKNOWN STEP	2026-09-24T02:48:06.7968354Z ==> ggen_igniter
Elixir tests (mix credo + mix test)	UNKNOWN STEP	2026-09-24T02:48:06.7968942Z ===> Analyzing applications...
Elixir tests (mix credo + mix test)	UNKNOWN STEP	2026-09-24T02:48:06.8143452Z ===> Compiling telemetry
Elixir tests (mix credo + mix test)	UNKNOWN STEP	2026-09-24T02:48:07.0607823Z ==> thousand_island
Elixir tests (mix credo + mix test)	UNKNOWN STEP	2026-09-24T02:48:07.0608251Z Compiling 18 files (.ex)
Elixir tests (mix credo + mix test)	UNKNOWN STEP	2026-09-24T02:48:07.3060738Z Generated thousand_island app
Elixir tests (mix credo + mix test)	UNKNOWN STEP	2026-09-24T02:48:07.3534117Z ==> zoi
Elixir tests (mix credo + mix test)	UNKNOWN STEP	2026-09-24T02:48:07.3534712Z Compiling 85 files (.ex)
Elixir tests (mix credo + mix test)	UNKNOWN STEP	2026-09-24T02:48:09.5843471Z Generated zoi app
Elixir tests (mix credo + mix test)	UNKNOWN STEP	2026-09-24T02:48:09.6762616Z ==> jason
Elixir tests (mix credo + mix test)	UNKNOWN STEP	2026-09-24T02:48:09.6764047Z Compiling 10 files (.ex)
Elixir tests (mix credo + mix test)	UNKNOWN STEP	2026-09-24T02:48:12.5128476Z Generated jason app
Elixir tests (mix credo + mix test)	UNKNOWN STEP	2026-09-24T02:48:12.5892353Z ==> excoveralls
Elixir tests (mix credo + mix test)	UNKNOWN STEP	2026-09-24T02:48:12.5892823Z Compiling 29 files (.ex)
Elixir tests (mix credo + mix test)	UNKNOWN STEP	2026-09-24T02:48:13.0389629Z      warning: CAStore.file_path/0 is undefined (module CAStore is not available or is yet to be defined). Make sure the module name is correct and has been specified in full (or that an alias has been defined)
Elixir tests (mix credo + mix test)	UNKNOWN STEP	2026-09-24T02:48:13.0391042Z      │
Elixir tests (mix credo + mix test)	UNKNOWN STEP	2026-09-24T02:48:13.0391703Z  111 │         [cacertfile: String.to_charlist(CAStore.file_path())]
Elixir tests (mix credo + mix test)	UNKNOWN STEP	2026-09-24T02:48:13.0392349Z      │                                                 ~
Elixir tests (mix credo + mix test)	UNKNOWN STEP	2026-09-24T02:48:13.0392836Z      │
Elixir tests (mix credo + mix test)	UNKNOWN STEP	2026-09-24T02:48:13.0393890Z      └─ lib/excoveralls/poster.ex:111:49: ExCoveralls.Poster.cacert_option/0
Elixir tests (mix credo + mix test)	UNKNOWN STEP	2026-09-24T02:48:13.0394389Z 
Elixir tests (mix credo + mix test)	UNKNOWN STEP	2026-09-24T02:48:13.0475943Z Generated excoveralls app
Elixir tests (mix credo + mix test)	UNKNOWN STEP	2026-09-24T02:48:13.1167197Z ==> flame
Elixir tests (mix credo + mix test)	UNKNOWN STEP	2026-09-24T02:48:13.1167777Z Compiling 16 files (.ex)
Elixir tests (mix credo + mix test)	UNKNOWN STEP	2026-09-24T02:48:13.6057219Z Generated flame app
Elixir tests (mix credo + mix test)	UNKNOWN STEP	2026-09-24T02:48:13.6672755Z ==> db_connection
Elixir tests (mix credo + mix test)	UNKNOWN STEP	2026-09-24T02:48:13.6673415Z Compiling 18 files (.ex)
Elixir tests (mix credo + mix test)	UNKNOWN STEP	2026-09-24T02:48:14.2930615Z Generated db_connection app
Elixir tests (mix credo + mix test)	UNKNOWN STEP	2026-09-24T02:48:14.3699661Z ==> phoenix_pubsub
Elixir tests (mix credo + mix test)	UNKNOWN STEP	2026-09-24T02:48:14.3700046Z Compiling 12 files (.ex)
Elixir tests (mix credo + mix test)	UNKNOWN STEP	2026-09-24T02:48:14.7090297Z Generated phoenix_pubsub app
Elixir tests (mix credo + mix test)	UNKNOWN STEP	2026-09-24T02:48:14.7599450Z ==> abnf_parsec
Elixir tests (mix credo + mix test)	UNKNOWN STEP	2026-09-24T02:48:14.7600060Z Compiling 4 files (.ex)
Elixir tests (mix credo + mix test)	UNKNOWN STEP	2026-09-24T02:48:16.1430204Z Generated abnf_parsec app
Elixir tests (mix credo + mix test)	UNKNOWN STEP	2026-09-24T02:48:16.1699189Z ==> websockex
Elixir tests (mix credo + mix test)	UNKNOWN STEP	2026-09-24T02:48:16.1699608Z Compiling 6 files (.ex)
Elixir tests (mix credo + mix test)	UNKNOWN STEP	2026-09-24T02:48:16.6071413Z Generated websockex app
Elixir tests (mix credo + mix test)	UNKNOWN STEP	2026-09-24T02:48:16.6474628Z ==> protocol_ex
Elixir tests (mix credo + mix test)	UNKNOWN STEP	2026-09-24T02:48:16.6475200Z Compiling 2 files (.ex)
Elixir tests (mix credo + mix test)	UNKNOWN STEP	2026-09-24T02:48:17.1731362Z Generated protocol_ex app
Elixir tests (mix credo + mix test)	UNKNOWN STEP	2026-09-24T02:48:17.1955651Z ==> plug_crypto
Elixir tests (mix credo + mix test)	UNKNOWN STEP	2026-09-24T02:48:17.1956147Z Compiling 5 files (.ex)
Elixir tests (mix credo + mix test)	UNKNOWN STEP	2026-09-24T02:48:17.2962852Z Generated plug_crypto app
Elixir tests (mix credo + mix test)	UNKNOWN STEP	2026-09-24T02:48:17.3235846Z ==> yuri_template
Elixir tests (mix credo + mix test)	UNKNOWN STEP	2026-09-24T02:48:17.3236271Z Compiling 15 files (.ex)
Elixir tests (mix credo + mix test)	UNKNOWN STEP	2026-09-24T02:48:17.3581822Z     warning: using single-quoted strings to represent charlists is deprecated.
Elixir tests (mix credo + mix test)	UNKNOWN STEP	2026-09-24T02:48:17.3596799Z     Use ~c"" if you indeed want a charlist or use "" instead.
Elixir tests (mix credo + mix test)	UNKNOWN STEP	2026-09-24T02:48:17.3614327Z     You may run "mix format --migrate" to change all single-quoted
Elixir tests (mix credo + mix test)	UNKNOWN STEP	2026-09-24T02:48:17.3636555Z     strings to use the ~c sigil and fix this warning.
Elixir tests (mix credo + mix test)	UNKNOWN STEP	2026-09-24T02:48:17.3666827Z     │
Elixir tests (mix credo + mix test)	UNKNOWN STEP	2026-09-24T02:48:17.3676952Z   9 │   def operator_level_2(prev \\ empty()), do: prev |> choice(Enum.map('+#', &ascii_char([&1])))
Elixir tests (mix credo + mix test)	UNKNOWN STEP	2026-09-24T02:48:17.3696648Z     │                                                                      ~
Elixir tests (mix credo + mix test)	UNKNOWN STEP	2026-09-24T02:48:17.3726348Z     │
Elixir tests (mix credo + mix test)	UNKNOWN STEP	2026-09-24T02:48:17.3747452Z     └─ lib/yuri_template/parsec.ex:9:70
Elixir tests (mix credo + mix test)	UNKNOWN STEP	2026-09-24T02:48:17.3796621Z 
Elixir tests (mix credo + mix test)	UNKNOWN STEP	2026-09-24T02:48:17.3797443Z     warning: using single-quoted strings to represent charlists is deprecated.
Elixir tests (mix credo + mix test)	UNKNOWN STEP	2026-09-24T02:48:17.3798287Z     Use ~c"" if you indeed want a charlist or use "" instead.
Elixir tests (mix credo + mix test)	UNKNOWN STEP	2026-09-24T02:48:17.3799023Z     You may run "mix format --migrate" to change all single-quoted
Elixir tests (mix credo + mix test)	UNKNOWN STEP	2026-09-24T02:48:17.3822627Z     strings to use the ~c sigil and fix this warning.
Elixir tests (mix credo + mix test)	UNKNOWN STEP	2026-09-24T02:48:17.3823331Z     │
Elixir tests (mix credo + mix test)	UNKNOWN STEP	2026-09-24T02:48:17.3823777Z  12 │     do: prev |> choice(Enum.map('./;?&', &ascii_char([&1])))
Elixir tests (mix credo + mix test)	UNKNOWN STEP	2026-09-24T02:48:17.3824230Z     │                                 ~
Elixir tests (mix credo + mix test)	UNKNOWN STEP	2026-09-24T02:48:17.3824731Z     │
Elixir tests (mix credo + mix test)	UNKNOWN STEP	2026-09-24T02:48:17.3825050Z     └─ lib/yuri_template/parsec.ex:12:33
Elixir tests (mix credo + mix test)	UNKNOWN STEP	2026-09-24T02:48:17.3825292Z 
Elixir tests (mix credo + mix test)	UNKNOWN STEP	2026-09-24T02:48:17.3825560Z     warning: using single-quoted strings to represent charlists is deprecated.
Elixir tests (mix credo + mix test)	UNKNOWN STEP	2026-09-24T02:48:17.3826254Z     Use ~c"" if you indeed want a charlist or use "" instead.
Elixir tests (mix credo + mix test)	UNKNOWN STEP	2026-09-24T02:48:17.3826655Z     You may run "mix format --migrate" to change all single-quoted
Elixir tests (mix credo + mix test)	UNKNOWN STEP	2026-09-24T02:48:17.3827166Z     strings to use the ~c sigil and fix this warning.
Elixir tests (mix credo + mix test)	UNKNOWN STEP	2026-09-24T02:48:17.3827524Z     │
Elixir tests (mix credo + mix test)	UNKNOWN STEP	2026-09-24T02:48:17.3827887Z  15 │     do: prev |> choice(Enum.map('=,!@|', &ascii_char([&1])))
Elixir tests (mix credo + mix test)	UNKNOWN STEP	2026-09-24T02:48:17.3828315Z     │                                 ~
Elixir tests (mix credo + mix test)	UNKNOWN STEP	2026-09-24T02:48:17.3828607Z     │
Elixir tests (mix credo + mix test)	UNKNOWN STEP	2026-09-24T02:48:17.3828909Z     └─ lib/yuri_template/parsec.ex:15:33
Elixir tests (mix credo + mix test)	UNKNOWN STEP	2026-09-24T02:48:17.3829126Z 
Elixir tests (mix credo + mix test)	UNKNOWN STEP	2026-09-24T02:48:17.4183050Z     warning: using single-quoted strings to represent charlists is deprecated.
Elixir tests (mix credo + mix test)	UNKNOWN STEP	2026-09-24T02:48:17.4206920Z     Use ~c"" if you indeed want a charlist or use "" instead.
Elixir tests (mix credo + mix test)	UNKNOWN STEP	2026-09-24T02:48:17.4212208Z     You may run "mix format --migrate" to change all single-quoted
Elixir tests (mix credo + mix test)	UNKNOWN STEP	2026-09-24T02:48:17.4232474Z     strings to use the ~c sigil and fix this warning.
Elixir tests (mix credo + mix test)	UNKNOWN STEP	2026-09-24T02:48:17.4233350Z     │
Elixir tests (mix credo + mix test)	UNKNOWN STEP	2026-09-24T02:48:17.4233749Z  15 │   defguardp is_op(op) when op in '+#?./;?&'
Elixir tests (mix credo + mix test)	UNKNOWN STEP	2026-09-24T02:48:17.4234182Z     │                                  ~
Elixir tests (mix credo + mix test)	UNKNOWN STEP	2026-09-24T02:48:17.4234969Z     │
Elixir tests (mix credo + mix test)	UNKNOWN STEP	2026-09-24T02:48:17.4235314Z     └─ lib/yuri_template/rfc6570.ex:15:34
Elixir tests (mix credo + mix test)	UNKNOWN STEP	2026-09-24T02:48:17.4235567Z 
Elixir tests (mix credo + mix test)	UNKNOWN STEP	2026-09-24T02:48:18.4098505Z Generated yuri_template app
Elixir tests (mix credo + mix test)	UNKNOWN STEP	2026-09-24T02:48:18.4413907Z ==> hpax
Elixir tests (mix credo + mix test)	UNKNOWN STEP	2026-09-24T02:48:18.4414734Z Compiling 4 files (.ex)
Elixir tests (mix credo + mix test)	UNKNOWN STEP	2026-09-24T02:48:18.7962535Z Generated hpax app
Elixir tests (mix credo + mix test)	UNKNOWN STEP	2026-09-24T02:48:18.8169895Z ==> mint
Elixir tests (mix credo + mix test)	UNKNOWN STEP	2026-09-24T02:48:18.8170629Z Compiling 1 file (.erl)
Elixir tests (mix credo + mix test)	UNKNOWN STEP	2026-09-24T02:48:18.8852744Z Compiling 19 files (.ex)
Elixir tests (mix credo + mix test)	UNKNOWN STEP	2026-09-24T02:48:19.7993562Z Generated mint app
Elixir tests (mix credo + mix test)	UNKNOWN STEP	2026-09-24T02:48:20.2296051Z ==> ggen_igniter
Elixir tests (mix credo + mix test)	UNKNOWN STEP	2026-09-24T02:48:20.2297469Z ===> Analyzing applications...
Elixir tests (mix credo + mix test)	UNKNOWN STEP	2026-09-24T02:48:20.2509755Z ===> Compiling yamerl
Elixir tests (mix credo + mix test)	UNKNOWN STEP	2026-09-24T02:48:21.6946266Z ==> yaml_elixir
Elixir tests (mix credo + mix test)	UNKNOWN STEP	2026-09-24T02:48:21.6947030Z Compiling 6 files (.ex)
Elixir tests (mix credo + mix test)	UNKNOWN STEP	2026-09-24T02:48:21.7839409Z Generated yaml_elixir app
Elixir tests (mix credo + mix test)	UNKNOWN STEP	2026-09-24T02:48:21.8161446Z ==> nimble_csv
Elixir tests (mix credo + mix test)	UNKNOWN STEP	2026-09-24T02:48:21.8162204Z Compiling 1 file (.ex)
Elixir tests (mix credo + mix test)	UNKNOWN STEP	2026-09-24T02:48:22.0351660Z Generated nimble_csv app
Elixir tests (mix credo + mix test)	UNKNOWN STEP	2026-09-24T02:48:22.0610239Z ==> jcs
Elixir tests (mix credo + mix test)	UNKNOWN STEP	2026-09-24T02:48:22.0611808Z Compiling 1 file (.ex)
Elixir tests (mix credo + mix test)	UNKNOWN STEP	2026-09-24T02:48:22.1189968Z Generated jcs app
Elixir tests (mix credo + mix test)	UNKNOWN STEP	2026-09-24T02:48:22.1440358Z ==> ex_ast
Elixir tests (mix credo + mix test)	UNKNOWN STEP	2026-09-24T02:48:22.1440730Z Compiling 36 files (.ex)
Elixir tests (mix credo + mix test)	UNKNOWN STEP	2026-09-24T02:48:23.0162219Z Generated ex_ast app
Elixir tests (mix credo + mix test)	UNKNOWN STEP	2026-09-24T02:48:23.1185392Z ==> splode
Elixir tests (mix credo + mix test)	UNKNOWN STEP	2026-09-24T02:48:23.1186713Z Compiling 5 files (.ex)
Elixir tests (mix credo + mix test)	UNKNOWN STEP	2026-09-24T02:48:23.2892052Z Generated splode app
Elixir tests (mix credo + mix test)	UNKNOWN STEP	2026-09-24T02:48:23.3132237Z ==> content_type
Elixir tests (mix credo + mix test)	UNKNOWN STEP	2026-09-24T02:48:23.3132920Z Compiling 1 file (.ex)
Elixir tests (mix credo + mix test)	UNKNOWN STEP	2026-09-24T02:48:23.3706648Z Generated content_type app
Elixir tests (mix credo + mix test)	UNKNOWN STEP	2026-09-24T02:48:23.3950427Z ==> glob_ex
Elixir tests (mix credo + mix test)	UNKNOWN STEP	2026-09-24T02:48:23.3951155Z Compiling 4 files (.ex)
Elixir tests (mix credo + mix test)	UNKNOWN STEP	2026-09-24T02:48:23.5283938Z Generated glob_ex app
Elixir tests (mix credo + mix test)	UNKNOWN STEP	2026-09-24T02:48:23.5636772Z ==> credo
Elixir tests (mix credo + mix test)	UNKNOWN STEP	2026-09-24T02:48:23.5637166Z Compiling 257 files (.ex)
Elixir tests (mix credo + mix test)	UNKNOWN STEP	2026-09-24T02:48:28.5535618Z Generated credo app
Elixir tests (mix credo + mix test)	UNKNOWN STEP	2026-09-24T02:48:28.6520685Z ==> ecto
Elixir tests (mix credo + mix test)	UNKNOWN STEP	2026-09-24T02:48:28.6526462Z Compiling 56 files (.ex)
Elixir tests (mix credo + mix test)	UNKNOWN STEP	2026-09-24T02:48:32.4579568Z Generated ecto app
Elixir tests (mix credo + mix test)	UNKNOWN STEP	2026-09-24T02:48:32.5502762Z ==> uniq
Elixir tests (mix credo + mix test)	UNKNOWN STEP	2026-09-24T02:48:32.5503659Z Compiling 5 files (.ex)
Elixir tests (mix credo + mix test)	UNKNOWN STEP	2026-09-24T02:48:33.2015250Z Generated uniq app
Elixir tests (mix credo + mix test)	UNKNOWN STEP	2026-09-24T02:48:33.2686141Z ==> rdf
Elixir tests (mix credo + mix test)	UNKNOWN STEP	2026-09-24T02:48:33.2686603Z Compiling 6 files (.erl)
Elixir tests (mix credo + mix test)	UNKNOWN STEP	2026-09-24T02:48:34.7403489Z Compiling 140 files (.ex)
Elixir tests (mix credo + mix test)	UNKNOWN STEP	2026-09-24T02:48:39.1621079Z Generated rdf app
Elixir tests (mix credo + mix test)	UNKNOWN STEP	2026-09-24T02:48:39.8110017Z ==> grax
Elixir tests (mix credo + mix test)	UNKNOWN STEP	2026-09-24T02:48:39.8110402Z Compiling 35 files (.ex)
Elixir tests (mix credo + mix test)	UNKNOWN STEP	2026-09-24T02:48:40.5758156Z Generated grax app
Elixir tests (mix credo + mix test)	UNKNOWN STEP	2026-09-24T02:48:40.6707687Z ==> prov
Elixir tests (mix credo + mix test)	UNKNOWN STEP	2026-09-24T02:48:40.6708782Z Compiling 52 files (.ex)
Elixir tests (mix credo + mix test)	UNKNOWN STEP	2026-09-24T02:48:45.0215597Z Generated prov app
Elixir tests (mix credo + mix test)	UNKNOWN STEP	2026-09-24T02:48:45.1177354Z ==> foaf
Elixir tests (mix credo + mix test)	UNKNOWN STEP	2026-09-24T02:48:45.1178382Z Compiling 15 files (.ex)
Elixir tests (mix credo + mix test)	UNKNOWN STEP	2026-09-24T02:48:46.6234294Z Generated foaf app
Elixir tests (mix credo + mix test)	UNKNOWN STEP	2026-09-24T02:48:46.7055509Z ==> skos
Elixir tests (mix credo + mix test)	UNKNOWN STEP	2026-09-24T02:48:46.7056599Z Compiling 5 files (.ex)
Elixir tests (mix credo + mix test)	UNKNOWN STEP	2026-09-24T02:48:47.0901768Z Generated skos app
Elixir tests (mix credo + mix test)	UNKNOWN STEP	2026-09-24T02:48:47.1265874Z ==> dcat
Elixir tests (mix credo + mix test)	UNKNOWN STEP	2026-09-24T02:48:47.1266862Z Compiling 23 files (.ex)
Elixir tests (mix credo + mix test)	UNKNOWN STEP	2026-09-24T02:48:49.2147539Z Generated dcat app
Elixir tests (mix credo + mix test)	UNKNOWN STEP	2026-09-24T02:48:49.3420694Z ==> rustler
Elixir tests (mix credo + mix test)	UNKNOWN STEP	2026-09-24T02:48:49.3421427Z Compiling 7 files (.ex)
Elixir tests (mix credo + mix test)	UNKNOWN STEP	2026-09-24T02:48:49.4944722Z Generated rustler app
Elixir tests (mix credo + mix test)	UNKNOWN STEP	2026-09-24T02:48:49.5242007Z ==> rustler_precompiled
Elixir tests (mix credo + mix test)	UNKNOWN STEP	2026-09-24T02:48:49.5243000Z Compiling 4 files (.ex)
Elixir tests (mix credo + mix test)	UNKNOWN STEP	2026-09-24T02:48:49.7790839Z Generated rustler_precompiled app
Elixir tests (mix credo + mix test)	UNKNOWN STEP	2026-09-24T02:48:49.8144266Z ==> dcatr
Elixir tests (mix credo + mix test)	UNKNOWN STEP	2026-09-24T02:48:49.8145023Z Compiling 32 files (.ex)
Elixir tests (mix credo + mix test)	UNKNOWN STEP	2026-09-24T02:48:50.5184208Z Generated dcatr app
Elixir tests (mix credo + mix test)	UNKNOWN STEP	2026-09-24T02:48:50.6342787Z ==> ets
Elixir tests (mix credo + mix test)	UNKNOWN STEP	2026-09-24T02:48:50.6343308Z Compiling 7 files (.ex)
Elixir tests (mix credo + mix test)	UNKNOWN STEP	2026-09-24T02:48:51.6670847Z Generated ets app
Elixir tests (mix credo + mix test)	UNKNOWN STEP	2026-09-24T02:48:51.6961905Z ==> plug
Elixir tests (mix credo + mix test)	UNKNOWN STEP	2026-09-24T02:48:51.6962280Z Compiling 1 file (.erl)
Elixir tests (mix credo + mix test)	UNKNOWN STEP	2026-09-24T02:48:51.8204216Z Compiling 42 files (.ex)
Elixir tests (mix credo + mix test)	UNKNOWN STEP	2026-09-24T02:48:53.3650489Z Generated plug app
Elixir tests (mix credo + mix test)	UNKNOWN STEP	2026-09-24T02:48:53.4474189Z ==> open_api_spex
Elixir tests (mix credo + mix test)	UNKNOWN STEP	2026-09-24T02:48:53.4475069Z Compiling 80 files (.ex)
Elixir tests (mix credo + mix test)	UNKNOWN STEP	2026-09-24T02:48:54.8179704Z Generated open_api_spex app
Elixir tests (mix credo + mix test)	UNKNOWN STEP	2026-09-24T02:48:54.9156001Z ==> postgrex
Elixir tests (mix credo + mix test)	UNKNOWN STEP	2026-09-24T02:48:54.9157286Z Compiling 70 files (.ex)
Elixir tests (mix credo + mix test)	UNKNOWN STEP	2026-09-24T02:48:59.4842424Z Generated postgrex app
Elixir tests (mix credo + mix test)	UNKNOWN STEP	2026-09-24T02:48:59.5818517Z ==> dotenvy
Elixir tests (mix credo + mix test)	UNKNOWN STEP	2026-09-24T02:48:59.5819408Z Compiling 3 files (.ex)
Elixir tests (mix credo + mix test)	UNKNOWN STEP	2026-09-24T02:48:59.9659199Z Generated dotenvy app
Elixir tests (mix credo + mix test)	UNKNOWN STEP	2026-09-24T02:48:59.9922748Z warning: the dependency :group requires Elixir "~> 1.19" but you are running on v1.18.4
Elixir tests (mix credo + mix test)	UNKNOWN STEP	2026-09-24T02:48:59.9923381Z ==> group
Elixir tests (mix credo + mix test)	UNKNOWN STEP	2026-09-24T02:49:00.0068771Z Compiling 9 files (.ex)
Elixir tests (mix credo + mix test)	UNKNOWN STEP	2026-09-24T02:49:00.7064631Z Generated group app
Elixir tests (mix credo + mix test)	UNKNOWN STEP	2026-09-24T02:49:00.7414393Z ==> faker
Elixir tests (mix credo + mix test)	UNKNOWN STEP	2026-09-24T02:49:00.7414687Z Compiling 111 files (.ex)
Elixir tests (mix credo + mix test)	UNKNOWN STEP	2026-09-24T02:49:00.7444932Z     warning: using single-quoted strings to represent charlists is deprecated.
Elixir tests (mix credo + mix test)	UNKNOWN STEP	2026-09-24T02:49:00.7446450Z     Use ~c"" if you indeed want a charlist or use "" instead.
Elixir tests (mix credo + mix test)	UNKNOWN STEP	2026-09-24T02:49:00.7447352Z     You may run "mix format --migrate" to change all single-quoted
Elixir tests (mix credo + mix test)	UNKNOWN STEP	2026-09-24T02:49:00.7448244Z     strings to use the ~c sigil and fix this warning.
Elixir tests (mix credo + mix test)	UNKNOWN STEP	2026-09-24T02:49:00.7449096Z     │
Elixir tests (mix credo + mix test)	UNKNOWN STEP	2026-09-24T02:49:00.7449836Z  50 │   @alphabet 'ABCDEFGHIJKLMNOPQRSTUVWXYZabcdefghijklmnopqrstuvwxyz'
Elixir tests (mix credo + mix test)	UNKNOWN STEP	2026-09-24T02:49:00.7450818Z     │             ~
Elixir tests (mix credo + mix test)	UNKNOWN STEP	2026-09-24T02:49:00.7451278Z     │
Elixir tests (mix credo + mix test)	UNKNOWN STEP	2026-09-24T02:49:00.7451837Z     └─ lib/faker.ex:50:13
Elixir tests (mix credo + mix test)	UNKNOWN STEP	2026-09-24T02:49:00.7452271Z 
Elixir tests (mix credo + mix test)	UNKNOWN STEP	2026-09-24T02:49:00.7455326Z     warning: using single-quoted strings to represent charlists is deprecated.
Elixir tests (mix credo + mix test)	UNKNOWN STEP	2026-09-24T02:49:00.7456338Z     Use ~c"" if you indeed want a charlist or use "" instead.
Elixir tests (mix credo + mix test)	UNKNOWN STEP	2026-09-24T02:49:00.7457060Z     You may run "mix format --migrate" to change all single-quoted
Elixir tests (mix credo + mix test)	UNKNOWN STEP	2026-09-24T02:49:00.7458072Z     strings to use the ~c sigil and fix this warning.
Elixir tests (mix credo + mix test)	UNKNOWN STEP	2026-09-24T02:49:00.7458709Z     │
Elixir tests (mix credo + mix test)	UNKNOWN STEP	2026-09-24T02:49:00.7459716Z   6 │   @geobase32 '0123456789bcdefghjkmnpqrstuvwxyz'
Elixir tests (mix credo + mix test)	UNKNOWN STEP	2026-09-24T02:49:00.7460515Z     │              ~
Elixir tests (mix credo + mix test)	UNKNOWN STEP	2026-09-24T02:49:00.7461008Z     │
Elixir tests (mix credo + mix test)	UNKNOWN STEP	2026-09-24T02:49:00.7461551Z     └─ lib/faker/address.ex:6:14
Elixir tests (mix credo + mix test)	UNKNOWN STEP	2026-09-24T02:49:00.7462161Z 
Elixir tests (mix credo + mix test)	UNKNOWN STEP	2026-09-24T02:49:01.2953746Z      warning: using single-quoted strings to represent charlists is deprecated.
Elixir tests (mix credo + mix test)	UNKNOWN STEP	2026-09-24T02:49:01.2977451Z      Use ~c"" if you indeed want a charlist or use "" instead.
Elixir tests (mix credo + mix test)	UNKNOWN STEP	2026-09-24T02:49:01.2984044Z      You may run "mix format --migrate" to change all single-quoted
Elixir tests (mix credo + mix test)	UNKNOWN STEP	2026-09-24T02:49:01.2990087Z      strings to use the ~c sigil and fix this warning.
Elixir tests (mix credo + mix test)	UNKNOWN STEP	2026-09-24T02:49:01.2990918Z      │
Elixir tests (mix credo + mix test)	UNKNOWN STEP	2026-09-24T02:49:01.2991671Z  501 │     alphabet = 'ABCDEFGHIJKLMNOPQRSTUVWXYZabcdefghijklmnopqrstuvwxyz0123456789'
Elixir tests (mix credo + mix test)	UNKNOWN STEP	2026-09-24T02:49:01.2992345Z      │                ~
Elixir tests (mix credo + mix test)	UNKNOWN STEP	2026-09-24T02:49:01.2992640Z      │
Elixir tests (mix credo + mix test)	UNKNOWN STEP	2026-09-24T02:49:01.2992994Z      └─ lib/faker/lorem.ex:501:16
Elixir tests (mix credo + mix test)	UNKNOWN STEP	2026-09-24T02:49:01.2993240Z 
Elixir tests (mix credo + mix test)	UNKNOWN STEP	2026-09-24T02:49:01.3126938Z warning: first..last inside match is deprecated, you must always match on the step: first..last//var or first..last//_ if you want to ignore it
Elixir tests (mix credo + mix test)	UNKNOWN STEP	2026-09-24T02:49:01.3128985Z ##[warning]  lib/faker/lorem.ex:299: Faker.Lorem.characters/1
Elixir tests (mix credo + mix test)	UNKNOWN STEP	2026-09-24T02:49:01.3130071Z 
Elixir tests (mix credo + mix test)	UNKNOWN STEP	2026-09-24T02:49:01.3130788Z warning: first..last inside match is deprecated, you must always match on the step: first..last//var or first..last//_ if you want to ignore it
Elixir tests (mix credo + mix test)	UNKNOWN STEP	2026-09-24T02:49:01.3133236Z ##[warning]  lib/faker/lorem.ex:333: Faker.Lorem.paragraph/1
Elixir tests (mix credo + mix test)	UNKNOWN STEP	2026-09-24T02:49:01.3134700Z 
Elixir tests (mix credo + mix test)	UNKNOWN STEP	2026-09-24T02:49:01.3135493Z warning: first..last inside match is deprecated, you must always match on the step: first..last//var or first..last//_ if you want to ignore it
Elixir tests (mix credo + mix test)	UNKNOWN STEP	2026-09-24T02:49:01.3137392Z ##[warning]  lib/faker/lorem.ex:363: Faker.Lorem.paragraphs/1
Elixir tests (mix credo + mix test)	UNKNOWN STEP	2026-09-24T02:49:01.3138343Z 
Elixir tests (mix credo + mix test)	UNKNOWN STEP	2026-09-24T02:49:01.3139005Z warning: first..last inside match is deprecated, you must always match on the step: first..last//var or first..last//_ if you want to ignore it
Elixir tests (mix credo + mix test)	UNKNOWN STEP	2026-09-24T02:49:01.3140552Z ##[warning]  lib/faker/lorem.ex:397: Faker.Lorem.sentence/1
Elixir tests (mix credo + mix test)	UNKNOWN STEP	2026-09-24T02:49:01.3141435Z 
Elixir tests (mix credo + mix test)	UNKNOWN STEP	2026-09-24T02:49:01.3143926Z warning: first..last inside match is deprecated, you must always match on the step: first..last//var or first..last//_ if you want to ignore it
Elixir tests (mix credo + mix test)	UNKNOWN STEP	2026-09-24T02:49:01.3173398Z ##[warning]  lib/faker/lorem.ex:454: Faker.Lorem.sentences/1
Elixir tests (mix credo + mix test)	UNKNOWN STEP	2026-09-24T02:49:01.3182556Z 
Elixir tests (mix credo + mix test)	UNKNOWN STEP	2026-09-24T02:49:01.3183695Z warning: first..last inside match is deprecated, you must always match on the step: first..last//var or first..last//_ if you want to ignore it
Elixir tests (mix credo + mix test)	UNKNOWN STEP	2026-09-24T02:49:01.3185251Z ##[warning]  lib/faker/lorem.ex:488: Faker.Lorem.words/1
Elixir tests (mix credo + mix test)	UNKNOWN STEP	2026-09-24T02:49:01.3186458Z 
Elixir tests (mix credo + mix test)	UNKNOWN STEP	2026-09-24T02:49:01.4818827Z warning: first..last inside match is deprecated, you must always match on the step: first..last//var or first..last//_ if you want to ignore it
Elixir tests (mix credo + mix test)	UNKNOWN STEP	2026-09-24T02:49:01.4820976Z ##[warning]  lib/faker/pizza.ex:50: Faker.Pizza.pizzas/1
Elixir tests (mix credo + mix test)	UNKNOWN STEP	2026-09-24T02:49:01.4822207Z 
Elixir tests (mix credo + mix test)	UNKNOWN STEP	2026-09-24T02:49:01.4829806Z warning: first..last inside match is deprecated, you must always match on the step: first..last//var or first..last//_ if you want to ignore it
Elixir tests (mix credo + mix test)	UNKNOWN STEP	2026-09-24T02:49:01.4831870Z ##[warning]  lib/faker/pizza.ex:105: Faker.Pizza.toppings/1
Elixir tests (mix credo + mix test)	UNKNOWN STEP	2026-09-24T02:49:01.4833236Z 
Elixir tests (mix credo + mix test)	UNKNOWN STEP	2026-09-24T02:49:01.7409804Z Generated faker app
Elixir tests (mix credo + mix test)	UNKNOWN STEP	2026-09-24T02:49:01.8258021Z ==> wasmex
Elixir tests (mix credo + mix test)	UNKNOWN STEP	2026-09-24T02:49:01.8258975Z Compiling 27 files (.ex)
Elixir tests (mix credo + mix test)	UNKNOWN STEP	2026-09-24T02:49:02.6275557Z 
Elixir tests (mix credo + mix test)	UNKNOWN STEP	2026-09-24T02:49:02.6277403Z 02:49:02.626 [debug] Copying NIF from cache and extracting to /home/runner/work/ggen_igniter/ggen_igniter/_build/test/lib/wasmex/priv/native/libwasmex-v0.15.1-nif-2.15-x86_64-unknown-linux-gnu.so.tar.gz
Elixir tests (mix credo + mix test)	UNKNOWN STEP	2026-09-24T02:49:02.6730749Z Generated wasmex app
Elixir tests (mix credo + mix test)	UNKNOWN STEP	2026-09-24T02:49:02.8203294Z ==> erlex
Elixir tests (mix credo + mix test)	UNKNOWN STEP	2026-09-24T02:49:02.8203660Z Compiling 2 files (.erl)
Elixir tests (mix credo + mix test)	UNKNOWN STEP	2026-09-24T02:49:03.1960733Z Compiling 2 files (.ex)
Elixir tests (mix credo + mix test)	UNKNOWN STEP	2026-09-24T02:49:03.3418093Z Generated erlex app
Elixir tests (mix credo + mix test)	UNKNOWN STEP	2026-09-24T02:49:03.3704036Z ==> dialyxir
Elixir tests (mix credo + mix test)	UNKNOWN STEP	2026-09-24T02:49:03.3704422Z Compiling 67 files (.ex)
Elixir tests (mix credo + mix test)	UNKNOWN STEP	2026-09-24T02:49:04.0490423Z Generated dialyxir app
Elixir tests (mix credo + mix test)	UNKNOWN STEP	2026-09-24T02:49:04.1374596Z ==> crux
Elixir tests (mix credo + mix test)	UNKNOWN STEP	2026-09-24T02:49:04.1375297Z Compiling 20 files (.ex)
Elixir tests (mix credo + mix test)	UNKNOWN STEP	2026-09-24T02:49:04.5844746Z Generated crux app
Elixir tests (mix credo + mix test)	UNKNOWN STEP	2026-09-24T02:49:04.6591079Z ==> iterex
Elixir tests (mix credo + mix test)	UNKNOWN STEP	2026-09-24T02:49:04.6592399Z Compiling 48 files (.ex)
Elixir tests (mix credo + mix test)	UNKNOWN STEP	2026-09-24T02:49:07.4740249Z Generated iterex app
Elixir tests (mix credo + mix test)	UNKNOWN STEP	2026-09-24T02:49:07.5702262Z ==> nimble_pool
Elixir tests (mix credo + mix test)	UNKNOWN STEP	2026-09-24T02:49:07.5703093Z Compiling 2 files (.ex)
Elixir tests (mix credo + mix test)	UNKNOWN STEP	2026-09-24T02:49:07.8850441Z Generated nimble_pool app
Elixir tests (mix credo + mix test)	UNKNOWN STEP	2026-09-24T02:49:07.9147397Z ==> finch
Elixir tests (mix credo + mix test)	UNKNOWN STEP	2026-09-24T02:49:07.9147838Z Compiling 23 files (.ex)
Elixir tests (mix credo + mix test)	UNKNOWN STEP	2026-09-24T02:49:08.5645682Z Generated finch app
Elixir tests (mix credo + mix test)	UNKNOWN STEP	2026-09-24T02:49:08.6269739Z ==> tesla
Elixir tests (mix credo + mix test)	UNKNOWN STEP	2026-09-24T02:49:08.6270325Z Compiling 57 files (.ex)
Elixir tests (mix credo + mix test)	UNKNOWN STEP	2026-09-24T02:49:09.5774690Z Generated tesla app
Elixir tests (mix credo + mix test)	UNKNOWN STEP	2026-09-24T02:49:09.6824936Z ==> json_ld
Elixir tests (mix credo + mix test)	UNKNOWN STEP	2026-09-24T02:49:09.6826196Z Compiling 17 files (.ex)
Elixir tests (mix credo + mix test)	UNKNOWN STEP	2026-09-24T02:49:10.5735597Z Generated json_ld app
Elixir tests (mix credo + mix test)	UNKNOWN STEP	2026-09-24T02:49:10.6346342Z ==> req
Elixir tests (mix credo + mix test)	UNKNOWN STEP	2026-09-24T02:49:10.6347051Z Compiling 24 files (.ex)
Elixir tests (mix credo + mix test)	UNKNOWN STEP	2026-09-24T02:49:11.6435816Z Generated req app
Elixir tests (mix credo + mix test)	UNKNOWN STEP	2026-09-24T02:49:11.7132310Z ==> req_s3
Elixir tests (mix credo + mix test)	UNKNOWN STEP	2026-09-24T02:49:11.7133166Z Compiling 2 files (.ex)
Elixir tests (mix credo + mix test)	UNKNOWN STEP	2026-09-24T02:49:11.8207240Z Generated req_s3 app
Elixir tests (mix credo + mix test)	UNKNOWN STEP	2026-09-24T02:49:11.8684884Z ==> ecto_sql
Elixir tests (mix credo + mix test)	UNKNOWN STEP	2026-09-24T02:49:11.8686173Z Compiling 25 files (.ex)
Elixir tests (mix credo + mix test)	UNKNOWN STEP	2026-09-24T02:49:12.9375866Z Generated ecto_sql app
Elixir tests (mix credo + mix test)	UNKNOWN STEP	2026-09-24T02:49:12.9934825Z ==> server_sent_events
Elixir tests (mix credo + mix test)	UNKNOWN STEP	2026-09-24T02:49:12.9935662Z Compiling 2 files (.ex)
Elixir tests (mix credo + mix test)	UNKNOWN STEP	2026-09-24T02:49:13.0780868Z Generated server_sent_events app
Elixir tests (mix credo + mix test)	UNKNOWN STEP	2026-09-24T02:49:13.1079889Z ==> rewrite
Elixir tests (mix credo + mix test)	UNKNOWN STEP	2026-09-24T02:49:13.1080569Z Compiling 13 files (.ex)
Elixir tests (mix credo + mix test)	UNKNOWN STEP	2026-09-24T02:49:13.5270002Z Generated rewrite app
Elixir tests (mix credo + mix test)	UNKNOWN STEP	2026-09-24T02:49:13.5840564Z ==> owl
Elixir tests (mix credo + mix test)	UNKNOWN STEP	2026-09-24T02:49:13.5840985Z Compiling 19 files (.ex)
Elixir tests (mix credo + mix test)	UNKNOWN STEP	2026-09-24T02:49:14.0229434Z Generated owl app
Elixir tests (mix credo + mix test)	UNKNOWN STEP	2026-09-24T02:49:14.0890145Z ==> igniter
Elixir tests (mix credo + mix test)	UNKNOWN STEP	2026-09-24T02:49:14.0890577Z Compiling 62 files (.ex)
Elixir tests (mix credo + mix test)	UNKNOWN STEP	2026-09-24T02:49:16.2663175Z Generated igniter app
Elixir tests (mix credo + mix test)	UNKNOWN STEP	2026-09-24T02:49:16.3742513Z ==> oban
Elixir tests (mix credo + mix test)	UNKNOWN STEP	2026-09-24T02:49:16.3743415Z Compiling 70 files (.ex)
Elixir tests (mix credo + mix test)	UNKNOWN STEP	2026-09-24T02:49:17.8745531Z Generated oban app
Elixir tests (mix credo + mix test)	UNKNOWN STEP	2026-09-24T02:49:17.9806284Z ==> llm_db
Elixir tests (mix credo + mix test)	UNKNOWN STEP	2026-09-24T02:49:17.9806670Z Compiling 65 files (.ex)
Elixir tests (mix credo + mix test)	UNKNOWN STEP	2026-09-24T02:49:19.5756908Z Generated llm_db app
Elixir tests (mix credo + mix test)	UNKNOWN STEP	2026-09-24T02:49:19.6701123Z ==> spark
Elixir tests (mix credo + mix test)	UNKNOWN STEP	2026-09-24T02:49:19.6702380Z Compiling 46 files (.ex)
Elixir tests (mix credo + mix test)	UNKNOWN STEP	2026-09-24T02:49:21.7163680Z Generated spark app
Elixir tests (mix credo + mix test)	UNKNOWN STEP	2026-09-24T02:49:21.8250220Z ==> reactor
Elixir tests (mix credo + mix test)	UNKNOWN STEP	2026-09-24T02:49:21.8255678Z Compiling 113 files (.ex)
Elixir tests (mix credo + mix test)	UNKNOWN STEP	2026-09-24T02:49:30.6550895Z Generated reactor app
Elixir tests (mix credo + mix test)	UNKNOWN STEP	2026-09-24T02:49:30.7941116Z ==> ash
Elixir tests (mix credo + mix test)	UNKNOWN STEP	2026-09-24T02:49:30.7941850Z Compiling 617 files (.ex)
Elixir tests (mix credo + mix test)	UNKNOWN STEP	2026-09-24T02:49:50.8028102Z Compiling lib/ash/reactor/reactor.ex (it's taking more than 10s)
Elixir tests (mix credo + mix test)	UNKNOWN STEP	2026-09-24T02:50:00.3594156Z 
Elixir tests (mix credo + mix test)	UNKNOWN STEP	2026-09-24T02:50:00.3595877Z 02:50:00.359 [warning] Mix.Tasks.Ash.Set.Domains (/home/runner/work/ggen_igniter/ggen_igniter/deps/ash/lib/mix/tasks/ash.set.domains.ex):
Elixir tests (mix credo + mix test)	UNKNOWN STEP	2026-09-24T02:50:00.3596822Z 
Elixir tests (mix credo + mix test)	UNKNOWN STEP	2026-09-24T02:50:00.3597237Z     Module defines `igniter/2`, but `igniter/2` is deprecated.
Elixir tests (mix credo + mix test)	UNKNOWN STEP	2026-09-24T02:50:00.3598093Z     Please refactor to `igniter/1`. Use `igniter.args` to access `argv`, `positional` and `options`.
Elixir tests (mix credo + mix test)	UNKNOWN STEP	2026-09-24T02:50:00.3599045Z 
Elixir tests (mix credo + mix test)	UNKNOWN STEP	2026-09-24T02:50:14.3186179Z Compiling lib/ash/resource/dsl.ex (it's taking more than 10s)
Elixir tests (mix credo + mix test)	UNKNOWN STEP	2026-09-24T02:50:18.4444305Z Generated ash app
Elixir tests (mix credo + mix test)	UNKNOWN STEP	2026-09-24T02:50:18.5763941Z ==> ash_state_machine
Elixir tests (mix credo + mix test)	UNKNOWN STEP	2026-09-24T02:50:18.5765088Z Compiling 17 files (.ex)
Elixir tests (mix credo + mix test)	UNKNOWN STEP	2026-09-24T02:50:19.4551842Z Generated ash_state_machine app
Elixir tests (mix credo + mix test)	UNKNOWN STEP	2026-09-24T02:50:19.5651094Z ==> ash_sql
Elixir tests (mix credo + mix test)	UNKNOWN STEP	2026-09-24T02:50:19.5652063Z Compiling 14 files (.ex)
Elixir tests (mix credo + mix test)	UNKNOWN STEP	2026-09-24T02:50:24.9423742Z Generated ash_sql app
Elixir tests (mix credo + mix test)	UNKNOWN STEP	2026-09-24T02:50:25.1141920Z ==> ash_postgres
Elixir tests (mix credo + mix test)	UNKNOWN STEP	2026-09-24T02:50:25.1142926Z Compiling 65 files (.ex)
Elixir tests (mix credo + mix test)	UNKNOWN STEP	2026-09-24T02:50:30.0299224Z Generated ash_postgres app
Elixir tests (mix credo + mix test)	UNKNOWN STEP	2026-09-24T02:50:30.2699367Z ==> elixir_make
Elixir tests (mix credo + mix test)	UNKNOWN STEP	2026-09-24T02:50:30.2699725Z Compiling 8 files (.ex)
Elixir tests (mix credo + mix test)	UNKNOWN STEP	2026-09-24T02:50:30.4571238Z Generated elixir_make app
Elixir tests (mix credo + mix test)	UNKNOWN STEP	2026-09-24T02:50:30.4938456Z ==> cc_precompiler
Elixir tests (mix credo + mix test)	UNKNOWN STEP	2026-09-24T02:50:30.4939016Z Compiling 3 files (.ex)
Elixir tests (mix credo + mix test)	UNKNOWN STEP	2026-09-24T02:50:30.6488822Z Generated cc_precompiler app
Elixir tests (mix credo + mix test)	UNKNOWN STEP	2026-09-24T02:50:30.6729666Z ==> ekv
Elixir tests (mix credo + mix test)	UNKNOWN STEP	2026-09-24T02:50:30.6760954Z warning: the dependency :ekv requires Elixir "~> 1.19" but you are running on v1.18.4
Elixir tests (mix credo + mix test)	UNKNOWN STEP	2026-09-24T02:50:30.6762138Z Error happened while installing ekv from precompiled binary: "precompiled \"ekv-nif-2.17-x86_64-linux-gnu-0.4.3.tar.gz\" does not exist in checksum.exs".
Elixir tests (mix credo + mix test)	UNKNOWN STEP	2026-09-24T02:50:30.6762836Z 
Elixir tests (mix credo + mix test)	UNKNOWN STEP	2026-09-24T02:50:30.6763022Z Attempting to compile ekv from source...
Elixir tests (mix credo + mix test)	UNKNOWN STEP	2026-09-24T02:50:30.6844234Z cc -O2 -fPIC -I/home/runner/work/_temp/.setup-beam/otp/erts-15.2.2/include -Ic_src -DSQLITE_THREADSAFE=1 -DSQLITE_USE_URI=1 -DSQLITE_DQS=0 -DHAVE_USLEEP=1 -DSQLITE_ENABLE_STAT4=1 -DSQLITE_LIKE_DOESNT_MATCH_BLOBS=1 -DNDEBUG=1 -shared -lpthread -ldl -lm -o /home/runner/work/ggen_igniter/ggen_igniter/_build/test/lib/ekv/priv/ekv_sqlite3_nif.so c_src/ekv_sqlite3_nif.c c_src/sqlite3.c
Elixir tests (mix credo + mix test)	UNKNOWN STEP	2026-09-24T02:50:51.7817401Z Compiling 24 files (.ex)
Elixir tests (mix credo + mix test)	UNKNOWN STEP	2026-09-24T02:50:54.0232379Z Generated ekv app
Elixir tests (mix credo + mix test)	UNKNOWN STEP	2026-09-24T02:50:54.0997805Z ==> websock
Elixir tests (mix credo + mix test)	UNKNOWN STEP	2026-09-24T02:50:54.1001069Z Compiling 1 file (.ex)
Elixir tests (mix credo + mix test)	UNKNOWN STEP	2026-09-24T02:50:54.1279984Z Generated websock app
Elixir tests (mix credo + mix test)	UNKNOWN STEP	2026-09-24T02:50:54.1704395Z ==> bandit
Elixir tests (mix credo + mix test)	UNKNOWN STEP	2026-09-24T02:50:54.1704743Z Compiling 54 files (.ex)
Elixir tests (mix credo + mix test)	UNKNOWN STEP	2026-09-24T02:50:55.7609300Z Generated bandit app
Elixir tests (mix credo + mix test)	UNKNOWN STEP	2026-09-24T02:50:55.8577841Z ==> a2a
Elixir tests (mix credo + mix test)	UNKNOWN STEP	2026-09-24T02:50:55.8578706Z Compiling 30 files (.ex)
Elixir tests (mix credo + mix test)	UNKNOWN STEP	2026-09-24T02:50:56.7568411Z Generated a2a app
Elixir tests (mix credo + mix test)	UNKNOWN STEP	2026-09-24T02:50:56.8718094Z ==> websock_adapter
Elixir tests (mix credo + mix test)	UNKNOWN STEP	2026-09-24T02:50:56.8718491Z Compiling 4 files (.ex)
Elixir tests (mix credo + mix test)	UNKNOWN STEP	2026-09-24T02:50:56.9658306Z Generated websock_adapter app
Elixir tests (mix credo + mix test)	UNKNOWN STEP	2026-09-24T02:50:57.0268778Z ==> phoenix
Elixir tests (mix credo + mix test)	UNKNOWN STEP	2026-09-24T02:50:57.0269157Z Compiling 75 files (.ex)
Elixir tests (mix credo + mix test)	UNKNOWN STEP	2026-09-24T02:50:59.5600868Z Generated phoenix app
Elixir tests (mix credo + mix test)	UNKNOWN STEP	2026-09-24T02:50:59.7039667Z ==> sweet_xml
Elixir tests (mix credo + mix test)	UNKNOWN STEP	2026-09-24T02:50:59.7043659Z Compiling 2 files (.ex)
Elixir tests (mix credo + mix test)	UNKNOWN STEP	2026-09-24T02:50:59.9683465Z Generated sweet_xml app
Elixir tests (mix credo + mix test)	UNKNOWN STEP	2026-09-24T02:51:00.3420156Z ==> sparql
Elixir tests (mix credo + mix test)	UNKNOWN STEP	2026-09-24T02:51:00.3420554Z Compiling 2 files (.erl)
Elixir tests (mix credo + mix test)	UNKNOWN STEP	2026-09-24T02:51:18.4994975Z Compiling 43 files (.ex)
Elixir tests (mix credo + mix test)	UNKNOWN STEP	2026-09-24T02:51:19.8275905Z Generated sparql app
Elixir tests (mix credo + mix test)	UNKNOWN STEP	2026-09-24T02:51:20.2377362Z warning: the dependency :durable_server requires Elixir "~> 1.19" but you are running on v1.18.4
Elixir tests (mix credo + mix test)	UNKNOWN STEP	2026-09-24T02:51:20.2377889Z ==> durable_server
Elixir tests (mix credo + mix test)	UNKNOWN STEP	2026-09-24T02:51:20.2493283Z Compiling 18 files (.ex)
Elixir tests (mix credo + mix test)	UNKNOWN STEP	2026-09-24T02:51:22.0392752Z Generated durable_server app
Elixir tests (mix credo + mix test)	UNKNOWN STEP	2026-09-24T02:51:22.1031835Z ==> texture
Elixir tests (mix credo + mix test)	UNKNOWN STEP	2026-09-24T02:51:22.1032420Z Compiling 7 files (.ex)
Elixir tests (mix credo + mix test)	UNKNOWN STEP	2026-09-24T02:51:23.1071742Z Generated texture app
Elixir tests (mix credo + mix test)	UNKNOWN STEP	2026-09-24T02:51:23.1619231Z ==> jsv
Elixir tests (mix credo + mix test)	UNKNOWN STEP	2026-09-24T02:51:23.1621680Z Compiling 74 files (.ex)
Elixir tests (mix credo + mix test)	UNKNOWN STEP	2026-09-24T02:51:26.7296823Z Generated jsv app
Elixir tests (mix credo + mix test)	UNKNOWN STEP	2026-09-24T02:51:26.8532047Z ==> req_llm
Elixir tests (mix credo + mix test)	UNKNOWN STEP	2026-09-24T02:51:26.8532849Z Compiling 211 files (.ex)
Elixir tests (mix credo + mix test)	UNKNOWN STEP	2026-09-24T02:51:35.2653684Z Generated req_llm app
Elixir tests (mix credo + mix test)	UNKNOWN STEP	2026-09-24T02:51:35.4554407Z ==> conv_case
Elixir tests (mix credo + mix test)	UNKNOWN STEP	2026-09-24T02:51:35.4555818Z Compiling 1 file (.ex)
Elixir tests (mix credo + mix test)	UNKNOWN STEP	2026-09-24T02:51:35.5737240Z Generated conv_case app
Elixir tests (mix credo + mix test)	UNKNOWN STEP	2026-09-24T02:51:35.6757972Z ==> xema
Elixir tests (mix credo + mix test)	UNKNOWN STEP	2026-09-24T02:51:35.6758871Z Compiling 19 files (.ex)
Elixir tests (mix credo + mix test)	UNKNOWN STEP	2026-09-24T02:51:36.8520206Z Generated xema app
Elixir tests (mix credo + mix test)	UNKNOWN STEP	2026-09-24T02:51:36.9596981Z ==> json_xema
Elixir tests (mix credo + mix test)	UNKNOWN STEP	2026-09-24T02:51:36.9597759Z Compiling 4 files (.ex)
Elixir tests (mix credo + mix test)	UNKNOWN STEP	2026-09-24T02:51:37.1313986Z Generated json_xema app
Elixir tests (mix credo + mix test)	UNKNOWN STEP	2026-09-24T02:51:37.1783011Z ==> ash_json_api
Elixir tests (mix credo + mix test)	UNKNOWN STEP	2026-09-24T02:51:37.1783434Z Compiling 76 files (.ex)
Elixir tests (mix credo + mix test)	UNKNOWN STEP	2026-09-24T02:51:46.0659241Z Generated ash_json_api app
Elixir tests (mix credo + mix test)	UNKNOWN STEP	2026-09-24T02:51:46.3431912Z ==> saxy
Elixir tests (mix credo + mix test)	UNKNOWN STEP	2026-09-24T02:51:46.3433008Z Compiling 19 files (.ex)
Elixir tests (mix credo + mix test)	UNKNOWN STEP	2026-09-24T02:51:48.7648651Z Generated saxy app
Elixir tests (mix credo + mix test)	UNKNOWN STEP	2026-09-24T02:51:48.8659959Z ==> rdf_xml
Elixir tests (mix credo + mix test)	UNKNOWN STEP	2026-09-24T02:51:48.8660384Z Compiling 17 files (.ex)
Elixir tests (mix credo + mix test)	UNKNOWN STEP	2026-09-24T02:51:49.8667774Z Generated rdf_xml app
Elixir tests (mix credo + mix test)	UNKNOWN STEP	2026-09-24T02:51:49.9260558Z ==> sparql_client
Elixir tests (mix credo + mix test)	UNKNOWN STEP	2026-09-24T02:51:49.9261220Z Compiling 9 files (.ex)
Elixir tests (mix credo + mix test)	UNKNOWN STEP	2026-09-24T02:51:50.1827107Z Generated sparql_client app
Elixir tests (mix credo + mix test)	UNKNOWN STEP	2026-09-24T02:51:50.2324704Z ==> gno
Elixir tests (mix credo + mix test)	UNKNOWN STEP	2026-09-24T02:51:50.2326151Z Compiling 36 files (.ex)
Elixir tests (mix credo + mix test)	UNKNOWN STEP	2026-09-24T02:51:51.5630443Z Generated gno app
Elixir tests (mix credo + mix test)	UNKNOWN STEP	2026-09-24T02:51:51.7056413Z ==> ash_r2rml
Elixir tests (mix credo + mix test)	UNKNOWN STEP	2026-09-24T02:51:51.7056824Z Compiling 111 files (.ex)
Elixir tests (mix credo + mix test)	UNKNOWN STEP	2026-09-24T02:51:57.6300405Z Generated ash_r2rml app
Elixir tests (mix credo + mix test)	UNKNOWN STEP	2026-09-24T02:51:57.7962563Z ==> ash_oban
Elixir tests (mix credo + mix test)	UNKNOWN STEP	2026-09-24T02:51:57.7963396Z Compiling 22 files (.ex)
Elixir tests (mix credo + mix test)	UNKNOWN STEP	2026-09-24T02:52:00.7217717Z Generated ash_oban app
Elixir tests (mix credo + mix test)	UNKNOWN STEP	2026-09-24T02:52:00.7881662Z ==> ash_ai
Elixir tests (mix credo + mix test)	UNKNOWN STEP	2026-09-24T02:52:00.7882566Z Compiling 42 files (.ex)
Elixir tests (mix credo + mix test)	UNKNOWN STEP	2026-09-24T02:52:03.2980677Z Generated ash_ai app
Elixir tests (mix credo + mix test)	UNKNOWN STEP	2026-09-24T02:52:03.3541646Z ==> ash_a2a
Elixir tests (mix credo + mix test)	UNKNOWN STEP	2026-09-24T02:52:03.3543445Z warning: the dependency :ash_a2a requires Elixir "~> 1.19" but you are running on v1.18.4
Elixir tests (mix credo + mix test)	UNKNOWN STEP	2026-09-24T02:52:03.4218973Z Compiling 309 files (.ex)
Elixir tests (mix credo + mix test)	UNKNOWN STEP	2026-09-24T02:52:21.4207523Z Generated ash_a2a app
Elixir tests (mix credo + mix test)	UNKNOWN STEP	2026-09-24T02:52:21.7077563Z ==> ggen_igniter
Elixir tests (mix credo + mix test)	UNKNOWN STEP	2026-09-24T02:52:21.7078375Z Compiling 104 files (.ex)
Elixir tests (mix credo + mix test)	UNKNOWN STEP	2026-09-24T02:52:22.9901662Z Compiling crate ggen_graph_nif in release mode (native/ggen_graph_nif)
Elixir tests (mix credo + mix test)	UNKNOWN STEP	2026-09-24T02:52:23.0818023Z Copying /home/runner/work/ggen_igniter/ggen_igniter/native/ggen_graph_nif/target/release/libggen_graph_nif.so to priv/native/ggen_graph_nif.so
Elixir tests (mix credo + mix test)	UNKNOWN STEP	2026-09-24T02:52:28.2280096Z Generated ggen_igniter app
Elixir tests (mix credo + mix test)	UNKNOWN STEP	2026-09-24T02:52:33.8900379Z warning: test/e2e/lifecycle_test.ex does not match "*_test.exs" and won't be loaded
Elixir tests (mix credo + mix test)	UNKNOWN STEP	2026-09-24T02:52:33.9397173Z Running ExUnit with seed: 920551, max_cases: 8
Elixir tests (mix credo + mix test)	UNKNOWN STEP	2026-09-24T02:52:33.9544943Z Excluding tags: [:requires_ash_r2rml, :requires_qlever_server]
Elixir tests (mix credo + mix test)	UNKNOWN STEP	2026-09-24T02:52:33.9546331Z 
Elixir tests (mix credo + mix test)	UNKNOWN STEP	2026-09-24T02:52:34.1100024Z     warning: redefining module Ex4pmFixture (current version loaded from _build/test/lib/ggen_igniter/ebin/Elixir.Ex4pmFixture.beam)
Elixir tests (mix credo + mix test)	UNKNOWN STEP	2026-09-24T02:52:34.1101654Z     │
Elixir tests (mix credo + mix test)	UNKNOWN STEP	2026-09-24T02:52:34.1102624Z   1 │ defmodule Ex4pmFixture do
Elixir tests (mix credo + mix test)	UNKNOWN STEP	2026-09-24T02:52:34.1103560Z     │ ~~~~~~~~~~~~~~~~~~~~~~~~~
Elixir tests (mix credo + mix test)	UNKNOWN STEP	2026-09-24T02:52:34.1104068Z     │
Elixir tests (mix credo + mix test)	UNKNOWN STEP	2026-09-24T02:52:34.1104669Z     └─ test/support/ex4pm_fixture.ex:1: Ex4pmFixture (module)
Elixir tests (mix credo + mix test)	UNKNOWN STEP	2026-09-24T02:52:34.1105171Z 
Elixir tests (mix credo + mix test)	UNKNOWN STEP	2026-09-24T02:52:34.9541728Z ...............................................................................
Elixir tests (mix credo + mix test)	UNKNOWN STEP	2026-09-24T02:52:34.9542975Z 02:52:34.922 [debug] # Debug information for step `:log_charge`.
Elixir tests (mix credo + mix test)	UNKNOWN STEP	2026-09-24T02:52:34.9543631Z 
Elixir tests (mix credo + mix test)	UNKNOWN STEP	2026-09-24T02:52:34.9543976Z ## Arguments
Elixir tests (mix credo + mix test)	UNKNOWN STEP	2026-09-24T02:52:34.9544342Z 
Elixir tests (mix credo + mix test)	UNKNOWN STEP	2026-09-24T02:52:34.9544641Z ```
Elixir tests (mix credo + mix test)	UNKNOWN STEP	2026-09-24T02:52:34.9545881Z %{message: "charge completed", charge: %GgenIgniter.Reactors.Examples.Support.Charge{card_token: "tok_123", amount: 42, refunded?: false}}
Elixir tests (mix credo + mix test)	UNKNOWN STEP	2026-09-24T02:52:34.9546918Z ```
Elixir tests (mix credo + mix test)	UNKNOWN STEP	2026-09-24T02:52:34.9547238Z 
Elixir tests (mix credo + mix test)	UNKNOWN STEP	2026-09-24T02:52:34.9547560Z ## Context
Elixir tests (mix credo + mix test)	UNKNOWN STEP	2026-09-24T02:52:34.9547999Z ```
Elixir tests (mix credo + mix test)	UNKNOWN STEP	2026-09-24T02:52:34.9556514Z %{:private => %{inputs: %{email: "alice@example.com", amount: 42, card_token: "tok_123"}, composed_reactors: MapSet.new([GgenIgniter.Reactors.Examples.ExpenseApprovalReactor])}, Reactor.Middleware.Telemetry => %{metadata: %{id: GgenIgniter.Reactors.Examples.ExpenseApprovalReactor, initial_state: :pending, middleware: [Reactor.Middleware.Telemetry], run_id: #Reference<0.2691923495.2212757505.149469>, inputs: [%Reactor.Input{name: :card_token, description: nil}, %Reactor.Input{name: :amount, description: nil}, %Reactor.Input{name: :email, description: nil}], step_count: 13}, start_time: -576460748345445138}, :run_id => #Reference<0.2691923495.2212757505.149469>, :async? => true, :__reactor__ => %{id: GgenIgniter.Reactors.Examples.ExpenseApprovalReactor, initial_state: :pending, middleware: [Reactor.Middleware.Telemetry], run_id: #Reference<0.2691923495.2212757505.149469>, inputs: [%Reactor.Input{name: :card_token, description: nil}, %Reactor.Input{name: :amount, description: nil}, %Reactor.Input{name: :email, description: nil}], step_count: 13}, :concurrency_key => #Reference<0.2691923495.2212757505.149468>, :nested_dependencies => %{}, :current_step => %Reactor.Step{arguments: [%Reactor.Argument{description: nil, name: :message, source: %Reactor.Template.Value{value: "charge completed", sub_path: []}, transform: nil}, %Reactor.Argument{description: nil, name: :charge, source: %Reactor.Template.Result{name: :charge_payment, sub_path: []}, transform: nil}], async?: true, context: %{}, description: nil, impl: {Reactor.Step.Debug, [level: :debug]}, name: :log_charge, max_retries: 0, ref: :log_charge, transform: nil, guards: []}, :current_try => 0, :retries_remaining => 0}
Elixir tests (mix credo + mix test)	UNKNOWN STEP	2026-09-24T02:52:34.9565876Z ```
Elixir tests (mix credo + mix test)	UNKNOWN STEP	2026-09-24T02:52:34.9566447Z 
Elixir tests (mix credo + mix test)	UNKNOWN STEP	2026-09-24T02:52:34.9566727Z ## Options
Elixir tests (mix credo + mix test)	UNKNOWN STEP	2026-09-24T02:52:34.9567206Z ```
Elixir tests (mix credo + mix test)	UNKNOWN STEP	2026-09-24T02:52:34.9567623Z []
Elixir tests (mix credo + mix test)	UNKNOWN STEP	2026-09-24T02:52:34.9568134Z ```
Elixir tests (mix credo + mix test)	UNKNOWN STEP	2026-09-24T02:52:34.9568460Z 
Elixir tests (mix credo + mix test)	UNKNOWN STEP	2026-09-24T02:52:35.0018545Z 
Elixir tests (mix credo + mix test)	UNKNOWN STEP	2026-09-24T02:52:35.0019709Z 02:52:34.999 [debug] around: entering wrapped steps
Elixir tests (mix credo + mix test)	UNKNOWN STEP	2026-09-24T02:52:35.0021770Z 
Elixir tests (mix credo + mix test)	UNKNOWN STEP	2026-09-24T02:52:35.0037514Z 02:52:35.000 [debug] around: leaving wrapped steps
Elixir tests (mix credo + mix test)	UNKNOWN STEP	2026-09-24T02:52:35.4332558Z warning: variable "args" is unused (if the variable is not meant to be used, prefix it with an underscore)
Elixir tests (mix credo + mix test)	UNKNOWN STEP	2026-09-24T02:52:35.4334764Z └─ nofile:7:31: Test.Inventore4965.Minima4997.expression/2
Elixir tests (mix credo + mix test)	UNKNOWN STEP	2026-09-24T02:52:35.4335382Z 
Elixir tests (mix credo + mix test)	UNKNOWN STEP	2026-09-24T02:52:36.1287763Z .............................................**.................................................
Elixir tests (mix credo + mix test)	UNKNOWN STEP	2026-09-24T02:52:36.1289576Z 02:52:36.126 [info] ggen_igniter: verified hex:jason@1.4.1 sha256=fbb01ecdfd565b56261302f7e1fcc27c4fb8f32d56eab74db621fc154604a7a1 against hex.pm's published release checksum
Elixir tests (mix credo + mix test)	UNKNOWN STEP	2026-09-24T02:52:36.7975358Z ................................
Elixir tests (mix credo + mix test)	UNKNOWN STEP	2026-09-24T02:52:36.7979090Z 02:52:36.794 [info] ggen_igniter: verified hex:jason@1.4.1 sha256=fbb01ecdfd565b56261302f7e1fcc27c4fb8f32d56eab74db621fc154604a7a1 against hex.pm's published release checksum
Elixir tests (mix credo + mix test)	UNKNOWN STEP	2026-09-24T02:52:37.6100800Z .............
Elixir tests (mix credo + mix test)	UNKNOWN STEP	2026-09-24T02:52:37.6138632Z 02:52:37.606 [warning] GgenIgniter.Receipt.read_all!/1: skipping unparseable line 2 in /tmp/ggen_igniter_receipt_test_8805/.ggen_igniter/receipts/2026-09-24.jsonl (%Jason.DecodeError{position: 34, token: nil, data: "{\"standing\":\"alive\",\"reason\":\"torn"}) -- likely a torn line from a crash mid-write; discarding it rather than raising and losing every other receipt in this partition.
Elixir tests (mix credo + mix test)	UNKNOWN STEP	2026-09-24T02:52:37.6416606Z 
Elixir tests (mix credo + mix test)	UNKNOWN STEP	2026-09-24T02:52:37.6478290Z 02:52:37.639 [info] ggen_igniter: fetched github:octocat/Hello-World@master (258 bytes), sha256=ab7006ec9cea1c8cb012961328029a9d178e947ab6f997c6dbae12a9019407a4 -- GitHub's archive endpoint publishes no checksum to verify against; record this digest yourself if you need to pin/verify this fetch.
Elixir tests (mix credo + mix test)	UNKNOWN STEP	2026-09-24T02:52:38.4297951Z ..........................................
Elixir tests (mix credo + mix test)	UNKNOWN STEP	2026-09-24T02:52:38.4300215Z 02:52:38.427 [info] ggen_igniter: fetched github:octocat/Hello-World@master (258 bytes), sha256=ab7006ec9cea1c8cb012961328029a9d178e947ab6f997c6dbae12a9019407a4 -- GitHub's archive endpoint publishes no checksum to verify against; record this digest yourself if you need to pin/verify this fetch.
Elixir tests (mix credo + mix test)	UNKNOWN STEP	2026-09-24T02:52:38.7833994Z .................
Elixir tests (mix credo + mix test)	UNKNOWN STEP	2026-09-24T02:52:38.7864327Z 02:52:38.782 [info] ggen_igniter: verified hex:jason@1.4.5 sha256=b0c823996102bcd0239b3c2444eb00409b72f6a140c1950bc8b457d836b30684 against hex.pm's published release checksum
Elixir tests (mix credo + mix test)	UNKNOWN STEP	2026-09-24T02:52:39.5017259Z .................
Elixir tests (mix credo + mix test)	UNKNOWN STEP	2026-09-24T02:52:39.5020710Z 02:52:39.491 [info] ggen_igniter: fetched github:octocat/Hello-World@master (258 bytes), sha256=ab7006ec9cea1c8cb012961328029a9d178e947ab6f997c6dbae12a9019407a4 -- GitHub's archive endpoint publishes no checksum to verify against; record this digest yourself if you need to pin/verify this fetch.
Elixir tests (mix credo + mix test)	UNKNOWN STEP	2026-09-24T02:52:50.2909921Z     warning: Beam4pmSmoke.Discovery.InductiveMiner.mine/1 is undefined (module Beam4pmSmoke.Discovery.InductiveMiner is not available or is yet to be defined)
Elixir tests (mix credo + mix test)	UNKNOWN STEP	2026-09-24T02:52:50.2911201Z     │
Elixir tests (mix credo + mix test)	UNKNOWN STEP	2026-09-24T02:52:50.2911801Z  78 │     assert {:ok, tree} = Beam4pmSmoke.Discovery.InductiveMiner.mine(log)
Elixir tests (mix credo + mix test)	UNKNOWN STEP	2026-09-24T02:52:50.2912484Z     │                                                                ~
Elixir tests (mix credo + mix test)	UNKNOWN STEP	2026-09-24T02:52:50.2912869Z     │
Elixir tests (mix credo + mix test)	UNKNOWN STEP	2026-09-24T02:52:50.2913883Z     └─ test/process_discovery_pack_test.exs:78:64: GgenIgniter.ProcessDiscoveryPackTest."test rendered inductive_miner + token_replay modules actually compile and run together"/1
Elixir tests (mix credo + mix test)	UNKNOWN STEP	2026-09-24T02:52:50.2914738Z 
Elixir tests (mix credo + mix test)	UNKNOWN STEP	2026-09-24T02:52:50.2936131Z     warning: Beam4pmSmoke.Conformance.TokenReplay.replay/2 is undefined (module Beam4pmSmoke.Conformance.TokenReplay is not available or is yet to be defined)
Elixir tests (mix credo + mix test)	UNKNOWN STEP	2026-09-24T02:52:50.2950953Z     │
Elixir tests (mix credo + mix test)	UNKNOWN STEP	2026-09-24T02:52:50.2974496Z  80 │     result = Beam4pmSmoke.Conformance.TokenReplay.replay(tree, ["a", "b"])
Elixir tests (mix credo + mix test)	UNKNOWN STEP	2026-09-24T02:52:50.2975604Z     │                                                   ~
Elixir tests (mix credo + mix test)	UNKNOWN STEP	2026-09-24T02:52:50.2976132Z     │
Elixir tests (mix credo + mix test)	UNKNOWN STEP	2026-09-24T02:52:50.2977151Z     └─ test/process_discovery_pack_test.exs:80:51: GgenIgniter.ProcessDiscoveryPackTest."test rendered inductive_miner + token_replay modules actually compile and run together"/1
Elixir tests (mix credo + mix test)	UNKNOWN STEP	2026-09-24T02:52:50.2977978Z 
Elixir tests (mix credo + mix test)	UNKNOWN STEP	2026-09-24T02:52:55.2571052Z ..................................................................................................................................................................................................................................................................................................................................................................................................................................................................................................
Elixir tests (mix credo + mix test)	UNKNOWN STEP	2026-09-24T02:52:55.2575011Z [skip] case-variant property: this test runner's filesystem is genuinely case-sensitive (confirmed via a real File.exists?/1 probe, not assumed from platform) -- two differently-cased spellings really ARE different files here, so this macOS/APFS-specific property does not apply.
Elixir tests (mix credo + mix test)	UNKNOWN STEP	2026-09-24T02:53:37.6198848Z ......................................................pruned: /tmp/ggen_igniter_sync_inprocess_reconcile_51906/ticket.ex
Elixir tests (mix credo + mix test)	UNKNOWN STEP	2026-09-24T02:53:46.0744458Z     warning: redefining module Beam4pm.Bench.VirtualCost (current version defined in memory)
Elixir tests (mix credo + mix test)	UNKNOWN STEP	2026-09-24T02:53:46.0745315Z     │
Elixir tests (mix credo + mix test)	UNKNOWN STEP	2026-09-24T02:53:46.0746284Z  14 │ defmodule Beam4pm.Bench.VirtualCost do
Elixir tests (mix credo + mix test)	UNKNOWN STEP	2026-09-24T02:53:46.0746849Z     │ ~~~~~~~~~~~~~~~~~~~~~~~~~~~~~~~~~~~~~~
Elixir tests (mix credo + mix test)	UNKNOWN STEP	2026-09-24T02:53:46.0747229Z     │
Elixir tests (mix credo + mix test)	UNKNOWN STEP	2026-09-24T02:53:46.0747759Z     └─ /tmp/ggen_igniter_beam4pm_bench_combined_54338/virtual_cost.ex:14: Beam4pm.Bench.VirtualCost (module)
Elixir tests (mix credo + mix test)	UNKNOWN STEP	2026-09-24T02:53:46.0748164Z 
Elixir tests (mix credo + mix test)	UNKNOWN STEP	2026-09-24T02:53:46.1433873Z .......
Elixir tests (mix credo + mix test)	UNKNOWN STEP	2026-09-24T02:53:46.1434697Z 02:53:46.140 [info] The function passed as a handler with ID "telemetry-test-54946" is a local function.
Elixir tests (mix credo + mix test)	UNKNOWN STEP	2026-09-24T02:53:46.1436797Z This means that it is either an anonymous function or a capture of a function without a module specified. That may cause a performance penalty when calling that handler. For more details see the note in `telemetry:attach/4` documentation.
Elixir tests (mix credo + mix test)	UNKNOWN STEP	2026-09-24T02:53:46.1437938Z 
Elixir tests (mix credo + mix test)	UNKNOWN STEP	2026-09-24T02:53:46.1438252Z https://hexdocs.pm/telemetry/telemetry.html#attach/4
Elixir tests (mix credo + mix test)	UNKNOWN STEP	2026-09-24T02:54:27.4168376Z .......................................
Elixir tests (mix credo + mix test)	UNKNOWN STEP	2026-09-24T02:54:27.4168922Z == ArtifactIdentity fix: real 11-run alias-collision reproducer ==
Elixir tests (mix credo + mix test)	UNKNOWN STEP	2026-09-24T02:54:27.4225216Z batch=equal_delay iter=1 order=alpha_first delay_a=150 delay_b=150 standing=:refused real_overlap=:unknown canonical_exists=false winner=neither SilentLastWriterWins=false
Elixir tests (mix credo + mix test)	UNKNOWN STEP	2026-09-24T02:54:27.4228039Z   reason="refused: duplicate output path(s): [{\"/tmp/redteam_refix_equal_1_82306/lib/collision.ex\", [\"/tmp/redteam_refix_fixtures_82274/valid.ex.eex=>/tmp/redteam_refix_equal_1_82306/lib/collision.ex::/tmp/redteam_refix_equal_1_82306/lib/collision.ex\", \"/tmp/redteam_refix_fixtures_82274/valid.ex.eex=>/tmp/redteam_refix_equal_1_82306/lib/./collision.ex::/tmp/redteam_refix_equal_1_82306/lib/./collision.ex\"]}]"
Elixir tests (mix credo + mix test)	UNKNOWN STEP	2026-09-24T02:54:27.4276110Z batch=equal_delay iter=2 order=alpha_first delay_a=150 delay_b=150 standing=:refused real_overlap=:unknown canonical_exists=false winner=neither SilentLastWriterWins=false
Elixir tests (mix credo + mix test)	UNKNOWN STEP	2026-09-24T02:54:27.4278460Z   reason="refused: duplicate output path(s): [{\"/tmp/redteam_refix_equal_2_82402/lib/collision.ex\", [\"/tmp/redteam_refix_fixtures_82274/valid.ex.eex=>/tmp/redteam_refix_equal_2_82402/lib/collision.ex::/tmp/redteam_refix_equal_2_82402/lib/collision.ex\", \"/tmp/redteam_refix_fixtures_82274/valid.ex.eex=>/tmp/redteam_refix_equal_2_82402/lib/./collision.ex::/tmp/redteam_refix_equal_2_82402/lib/./collision.ex\"]}]"
Elixir tests (mix credo + mix test)	UNKNOWN STEP	2026-09-24T02:54:27.4331303Z batch=equal_delay iter=3 order=alpha_first delay_a=150 delay_b=150 standing=:refused real_overlap=:unknown canonical_exists=false winner=neither SilentLastWriterWins=false
Elixir tests (mix credo + mix test)	UNKNOWN STEP	2026-09-24T02:54:27.4333359Z   reason="refused: duplicate output path(s): [{\"/tmp/redteam_refix_equal_3_82498/lib/collision.ex\", [\"/tmp/redteam_refix_fixtures_82274/valid.ex.eex=>/tmp/redteam_refix_equal_3_82498/lib/collision.ex::/tmp/redteam_refix_equal_3_82498/lib/collision.ex\", \"/tmp/redteam_refix_fixtures_82274/valid.ex.eex=>/tmp/redteam_refix_equal_3_82498/lib/./collision.ex::/tmp/redteam_refix_equal_3_82498/lib/./collision.ex\"]}]"
Elixir tests (mix credo + mix test)	UNKNOWN STEP	2026-09-24T02:54:27.4384863Z batch=swapped_order iter=1 order=beta_first delay_a=150 delay_b=150 standing=:refused real_overlap=:unknown canonical_exists=false winner=neither SilentLastWriterWins=false
Elixir tests (mix credo + mix test)	UNKNOWN STEP	2026-09-24T02:54:27.4386854Z   reason="refused: duplicate output path(s): [{\"/tmp/redteam_refix_swapped_1_82594/lib/collision.ex\", [\"/tmp/redteam_refix_fixtures_82274/valid.ex.eex=>/tmp/redteam_refix_swapped_1_82594/lib/./collision.ex::/tmp/redteam_refix_swapped_1_82594/lib/./collision.ex\", \"/tmp/redteam_refix_fixtures_82274/valid.ex.eex=>/tmp/redteam_refix_swapped_1_82594/lib/collision.ex::/tmp/redteam_refix_swapped_1_82594/lib/collision.ex\"]}]"
Elixir tests (mix credo + mix test)	UNKNOWN STEP	2026-09-24T02:54:27.4434219Z batch=swapped_order iter=2 order=beta_first delay_a=150 delay_b=150 standing=:refused real_overlap=:unknown canonical_exists=false winner=neither SilentLastWriterWins=false
Elixir tests (mix credo + mix test)	UNKNOWN STEP	2026-09-24T02:54:27.4436754Z   reason="refused: duplicate output path(s): [{\"/tmp/redteam_refix_swapped_2_82690/lib/collision.ex\", [\"/tmp/redteam_refix_fixtures_82274/valid.ex.eex=>/tmp/redteam_refix_swapped_2_82690/lib/./collision.ex::/tmp/redteam_refix_swapped_2_82690/lib/./collision.ex\", \"/tmp/redteam_refix_fixtures_82274/valid.ex.eex=>/tmp/redteam_refix_swapped_2_82690/lib/collision.ex::/tmp/redteam_refix_swapped_2_82690/lib/collision.ex\"]}]"
Elixir tests (mix credo + mix test)	UNKNOWN STEP	2026-09-24T02:54:27.4488142Z batch=swapped_order iter=3 order=beta_first delay_a=150 delay_b=150 standing=:refused real_overlap=:unknown canonical_exists=false winner=neither SilentLastWriterWins=false
Elixir tests (mix credo + mix test)	UNKNOWN STEP	2026-09-24T02:54:27.4489905Z   reason="refused: duplicate output path(s): [{\"/tmp/redteam_refix_swapped_3_82786/lib/collision.ex\", [\"/tmp/redteam_refix_fixtures_82274/valid.ex.eex=>/tmp/redteam_refix_swapped_3_82786/lib/./collision.ex::/tmp/redteam_refix_swapped_3_82786/lib/./collision.ex\", \"/tmp/redteam_refix_fixtures_82274/valid.ex.eex=>/tmp/redteam_refix_swapped_3_82786/lib/collision.ex::/tmp/redteam_refix_swapped_3_82786/lib/collision.ex\"]}]"
Elixir tests (mix credo + mix test)	UNKNOWN STEP	2026-09-24T02:54:27.4539269Z batch=jittered_delay iter=1 order=alpha_first delay_a=143 delay_b=188 standing=:refused real_overlap=:unknown canonical_exists=false winner=neither SilentLastWriterWins=false
Elixir tests (mix credo + mix test)	UNKNOWN STEP	2026-09-24T02:54:27.4541140Z   reason="refused: duplicate output path(s): [{\"/tmp/redteam_refix_jitter_1_82882/lib/collision.ex\", [\"/tmp/redteam_refix_fixtures_82274/valid.ex.eex=>/tmp/redteam_refix_jitter_1_82882/lib/collision.ex::/tmp/redteam_refix_jitter_1_82882/lib/collision.ex\", \"/tmp/redteam_refix_fixtures_82274/valid.ex.eex=>/tmp/redteam_refix_jitter_1_82882/lib/./collision.ex::/tmp/redteam_refix_jitter_1_82882/lib/./collision.ex\"]}]"
Elixir tests (mix credo + mix test)	UNKNOWN STEP	2026-09-24T02:54:27.4590077Z batch=jittered_delay iter=2 order=alpha_first delay_a=137 delay_b=143 standing=:refused real_overlap=:unknown canonical_exists=false winner=neither SilentLastWriterWins=false
Elixir tests (mix credo + mix test)	UNKNOWN STEP	2026-09-24T02:54:27.4591846Z   reason="refused: duplicate output path(s): [{\"/tmp/redteam_refix_jitter_2_82978/lib/collision.ex\", [\"/tmp/redteam_refix_fixtures_82274/valid.ex.eex=>/tmp/redteam_refix_jitter_2_82978/lib/collision.ex::/tmp/redteam_refix_jitter_2_82978/lib/collision.ex\", \"/tmp/redteam_refix_fixtures_82274/valid.ex.eex=>/tmp/redteam_refix_jitter_2_82978/lib/./collision.ex::/tmp/redteam_refix_jitter_2_82978/lib/./collision.ex\"]}]"
Elixir tests (mix credo + mix test)	UNKNOWN STEP	2026-09-24T02:54:27.4642799Z batch=jittered_delay iter=3 order=alpha_first delay_a=196 delay_b=111 standing=:refused real_overlap=:unknown canonical_exists=false winner=neither SilentLastWriterWins=false
Elixir tests (mix credo + mix test)	UNKNOWN STEP	2026-09-24T02:54:27.4646534Z   reason="refused: duplicate output path(s): [{\"/tmp/redteam_refix_jitter_3_83074/lib/collision.ex\", [\"/tmp/redteam_refix_fixtures_82274/valid.ex.eex=>/tmp/redteam_refix_jitter_3_83074/lib/collision.ex::/tmp/redteam_refix_jitter_3_83074/lib/collision.ex\", \"/tmp/redteam_refix_fixtures_82274/valid.ex.eex=>/tmp/redteam_refix_jitter_3_83074/lib/./collision.ex::/tmp/redteam_refix_jitter_3_83074/lib/./collision.ex\"]}]"
Elixir tests (mix credo + mix test)	UNKNOWN STEP	2026-09-24T02:54:27.4694308Z batch=jittered_delay iter=4 order=alpha_first delay_a=115 delay_b=173 standing=:refused real_overlap=:unknown canonical_exists=false winner=neither SilentLastWriterWins=false
Elixir tests (mix credo + mix test)	UNKNOWN STEP	2026-09-24T02:54:27.4696836Z   reason="refused: duplicate output path(s): [{\"/tmp/redteam_refix_jitter_4_83170/lib/collision.ex\", [\"/tmp/redteam_refix_fixtures_82274/valid.ex.eex=>/tmp/redteam_refix_jitter_4_83170/lib/collision.ex::/tmp/redteam_refix_jitter_4_83170/lib/collision.ex\", \"/tmp/redteam_refix_fixtures_82274/valid.ex.eex=>/tmp/redteam_refix_jitter_4_83170/lib/./collision.ex::/tmp/redteam_refix_jitter_4_83170/lib/./collision.ex\"]}]"
Elixir tests (mix credo + mix test)	UNKNOWN STEP	2026-09-24T02:54:27.4745071Z batch=jittered_delay iter=5 order=alpha_first delay_a=136 delay_b=173 standing=:refused real_overlap=:unknown canonical_exists=false winner=neither SilentLastWriterWins=false
Elixir tests (mix credo + mix test)	UNKNOWN STEP	2026-09-24T02:54:27.4747525Z   reason="refused: duplicate output path(s): [{\"/tmp/redteam_refix_jitter_5_83266/lib/collision.ex\", [\"/tmp/redteam_refix_fixtures_82274/valid.ex.eex=>/tmp/redteam_refix_jitter_5_83266/lib/collision.ex::/tmp/redteam_refix_jitter_5_83266/lib/collision.ex\", \"/tmp/redteam_refix_fixtures_82274/valid.ex.eex=>/tmp/redteam_refix_jitter_5_83266/lib/./collision.ex::/tmp/redteam_refix_jitter_5_83266/lib/./collision.ex\"]}]"
Elixir tests (mix credo + mix test)	UNKNOWN STEP	2026-09-24T02:54:27.4748752Z 
Elixir tests (mix credo + mix test)	UNKNOWN STEP	2026-09-24T02:54:27.4749001Z == SUMMARY: SilentLastWriterWins=0/11, standings=%{refused: 11}, winners=%{neither: 11} ==
Elixir tests (mix credo + mix test)	UNKNOWN STEP	2026-09-24T02:54:27.5644581Z ..................
Elixir tests (mix credo + mix test)	UNKNOWN STEP	2026-09-24T02:54:27.5646187Z 02:54:27.564 [warning] GgenIgniter.Reactors.ReconcileReactor: Code.format_string!/1 failed for /tmp/ggen_igniter_compensation_failure_test_84002/lib/new_from_broken.ex -- writing unformatted content unchanged. Error: ** (MismatchedDelimiterError) mismatched delimiter found on nofile:3:1:
Elixir tests (mix credo + mix test)	UNKNOWN STEP	2026-09-24T02:54:27.5647663Z     error: unexpected reserved word: end
Elixir tests (mix credo + mix test)	UNKNOWN STEP	2026-09-24T02:54:27.5648264Z     │
Elixir tests (mix credo + mix test)	UNKNOWN STEP	2026-09-24T02:54:27.5648586Z   2 │   def broken(
Elixir tests (mix credo + mix test)	UNKNOWN STEP	2026-09-24T02:54:27.5648975Z     │             └ unclosed delimiter
Elixir tests (mix credo + mix test)	UNKNOWN STEP	2026-09-24T02:54:27.5649366Z   3 │ end
Elixir tests (mix credo + mix test)	UNKNOWN STEP	2026-09-24T02:54:27.5649770Z     │ └ mismatched closing delimiter (expected ")")
Elixir tests (mix credo + mix test)	UNKNOWN STEP	2026-09-24T02:54:27.5650520Z     │
Elixir tests (mix credo + mix test)	UNKNOWN STEP	2026-09-24T02:54:27.5650827Z     └─ nofile:3:1
Elixir tests (mix credo + mix test)	UNKNOWN STEP	2026-09-24T02:54:27.5651215Z     (elixir 1.18.4) lib/code.ex:1031: Code.format_string!/2
Elixir tests (mix credo + mix test)	UNKNOWN STEP	2026-09-24T02:54:27.5652231Z     (ggen_igniter 26.9.20) lib/ggen_igniter/reactors/reconcile_reactor.ex:1742: GgenIgniter.Reactors.ReconcileReactor.format_generated_content/2
Elixir tests (mix credo + mix test)	UNKNOWN STEP	2026-09-24T02:54:27.5653488Z     (ggen_igniter 26.9.20) lib/ggen_igniter/reactors/reconcile_reactor.ex:1711: GgenIgniter.Reactors.ReconcileReactor.render_target/3
Elixir tests (mix credo + mix test)	UNKNOWN STEP	2026-09-24T02:54:27.5654337Z     (elixir 1.18.4) lib/enum.ex:1714: Enum."-map/2-lists^map/1-1-"/2
Elixir tests (mix credo + mix test)	UNKNOWN STEP	2026-09-24T02:54:27.5654728Z     (elixir 1.18.4) lib/enum.ex:1714: Enum."-map/2-lists^map/1-1-"/2
Elixir tests (mix credo + mix test)	UNKNOWN STEP	2026-09-24T02:54:27.5655273Z     (ggen_igniter 26.9.20) lib/ggen_igniter/reactors/reconcile_reactor.ex:1504: GgenIgniter.Reactors.ReconcileReactor.build_plan/3
Elixir tests (mix credo + mix test)	UNKNOWN STEP	2026-09-24T02:54:27.5656347Z     (ggen_igniter 26.9.20) lib/ggen_igniter/reactors/reconcile_reactor.ex:572: GgenIgniter.Reactors.ReconcileReactor.run_0_generated_A38A1C3F74D980A8408C5D13DA25283B/2
Elixir tests (mix credo + mix test)	UNKNOWN STEP	2026-09-24T02:54:27.5657113Z     (reactor 1.0.6) lib/reactor/executor/step_runner.ex:169: Reactor.Executor.StepRunner.do_run/4
Elixir tests (mix credo + mix test)	UNKNOWN STEP	2026-09-24T02:54:27.5657676Z     (reactor 1.0.6) lib/reactor/executor/step_runner.ex:58: Reactor.Executor.StepRunner.run/4
Elixir tests (mix credo + mix test)	UNKNOWN STEP	2026-09-24T02:54:27.5658179Z     (reactor 1.0.6) lib/reactor/executor/sync.ex:23: Reactor.Executor.Sync.run/3
Elixir tests (mix credo + mix test)	UNKNOWN STEP	2026-09-24T02:54:27.5658614Z     (reactor 1.0.6) lib/reactor/executor.ex:110: Reactor.Executor.execute/2
Elixir tests (mix credo + mix test)	UNKNOWN STEP	2026-09-24T02:54:27.5659164Z     (ggen_igniter 26.9.20) lib/ggen_igniter/reactors/reconcile_reactor.ex:868: GgenIgniter.Reactors.ReconcileReactor.run/1
Elixir tests (mix credo + mix test)	UNKNOWN STEP	2026-09-24T02:54:27.5660485Z     test/ggen_igniter_compensation_failure_test.exs:208: GgenIgniter.CompensationFailureTest."test compensation itself fails: a real revert write against a real read-only target surfaces the distinct :compensation_failed standing, never :refused or :alive, and names the exact inconsistent files"/1
Elixir tests (mix credo + mix test)	UNKNOWN STEP	2026-09-24T02:54:27.5662094Z     (ex_unit 1.18.4) lib/ex_unit/runner.ex:511: ExUnit.Runner.exec_test/2
Elixir tests (mix credo + mix test)	UNKNOWN STEP	2026-09-24T02:54:27.5662445Z     (stdlib 6.2) timer.erl:595: :timer.tc/2
Elixir tests (mix credo + mix test)	UNKNOWN STEP	2026-09-24T02:54:27.5662943Z     (ex_unit 1.18.4) lib/ex_unit/runner.ex:433: anonymous fn/6 in ExUnit.Runner.spawn_test_monitor/4
Elixir tests (mix credo + mix test)	UNKNOWN STEP	2026-09-24T02:54:27.5663265Z 
Elixir tests (mix credo + mix test)	UNKNOWN STEP	2026-09-24T02:54:55.4930196Z ............................
Elixir tests (mix credo + mix test)	UNKNOWN STEP	2026-09-24T02:54:55.4931985Z 02:54:55.492 [warning] GgenIgniter.Reactors.ReconcileReactor: Code.format_string!/1 failed for /tmp/ggen_igniter_actuation_failure_injection_test_84994/lib/verify_existing_target.ex -- writing unformatted content unchanged. Error: ** (MismatchedDelimiterError) mismatched delimiter found on nofile:3:1:
Elixir tests (mix credo + mix test)	UNKNOWN STEP	2026-09-24T02:54:55.4933840Z     error: unexpected reserved word: end
Elixir tests (mix credo + mix test)	UNKNOWN STEP	2026-09-24T02:54:55.4934868Z     │
Elixir tests (mix credo + mix test)	UNKNOWN STEP	2026-09-24T02:54:55.4935174Z   2 │   def broken(
Elixir tests (mix credo + mix test)	UNKNOWN STEP	2026-09-24T02:54:55.4935476Z     │             └ unclosed delimiter
Elixir tests (mix credo + mix test)	UNKNOWN STEP	2026-09-24T02:54:55.4935889Z   3 │ end
Elixir tests (mix credo + mix test)	UNKNOWN STEP	2026-09-24T02:54:55.4936259Z     │ └ mismatched closing delimiter (expected ")")
Elixir tests (mix credo + mix test)	UNKNOWN STEP	2026-09-24T02:54:55.4936647Z     │
Elixir tests (mix credo + mix test)	UNKNOWN STEP	2026-09-24T02:54:55.4936911Z     └─ nofile:3:1
Elixir tests (mix credo + mix test)	UNKNOWN STEP	2026-09-24T02:54:55.4937238Z     (elixir 1.18.4) lib/code.ex:1031: Code.format_string!/2
Elixir tests (mix credo + mix test)	UNKNOWN STEP	2026-09-24T02:54:55.4938046Z     (ggen_igniter 26.9.20) lib/ggen_igniter/reactors/reconcile_reactor.ex:1742: GgenIgniter.Reactors.ReconcileReactor.format_generated_content/2
Elixir tests (mix credo + mix test)	UNKNOWN STEP	2026-09-24T02:54:55.4938974Z     (ggen_igniter 26.9.20) lib/ggen_igniter/reactors/reconcile_reactor.ex:1711: GgenIgniter.Reactors.ReconcileReactor.render_target/3
Elixir tests (mix credo + mix test)	UNKNOWN STEP	2026-09-24T02:54:55.4939545Z     (elixir 1.18.4) lib/enum.ex:1714: Enum."-map/2-lists^map/1-1-"/2
Elixir tests (mix credo + mix test)	UNKNOWN STEP	2026-09-24T02:54:55.4940105Z     (ggen_igniter 26.9.20) lib/ggen_igniter/reactors/reconcile_reactor.ex:1504: GgenIgniter.Reactors.ReconcileReactor.build_plan/3
Elixir tests (mix credo + mix test)	UNKNOWN STEP	2026-09-24T02:54:55.4941064Z     (ggen_igniter 26.9.20) lib/ggen_igniter/reactors/reconcile_reactor.ex:572: GgenIgniter.Reactors.ReconcileReactor.run_0_generated_A38A1C3F74D980A8408C5D13DA25283B/2
Elixir tests (mix credo + mix test)	UNKNOWN STEP	2026-09-24T02:54:55.4942047Z     (reactor 1.0.6) lib/reactor/executor/step_runner.ex:169: Reactor.Executor.StepRunner.do_run/4
Elixir tests (mix credo + mix test)	UNKNOWN STEP	2026-09-24T02:54:55.4942618Z     (reactor 1.0.6) lib/reactor/executor/step_runner.ex:58: Reactor.Executor.StepRunner.run/4
Elixir tests (mix credo + mix test)	UNKNOWN STEP	2026-09-24T02:54:55.4943110Z     (reactor 1.0.6) lib/reactor/executor/sync.ex:23: Reactor.Executor.Sync.run/3
Elixir tests (mix credo + mix test)	UNKNOWN STEP	2026-09-24T02:54:55.4943554Z     (reactor 1.0.6) lib/reactor/executor.ex:110: Reactor.Executor.execute/2
Elixir tests (mix credo + mix test)	UNKNOWN STEP	2026-09-24T02:54:55.4944110Z     (ggen_igniter 26.9.20) lib/ggen_igniter/reactors/reconcile_reactor.ex:868: GgenIgniter.Reactors.ReconcileReactor.run/1
Elixir tests (mix credo + mix test)	UNKNOWN STEP	2026-09-24T02:54:55.4945266Z     test/ggen_igniter_actuation_failure_injection_test.exs:361: GgenIgniter.ActuationFailureInjectionTest."test :verify failure after two real writes reverts both to pre-run state the pre-existing file is restored; the newly-created file is deleted; whole-tree hash is identical"/1
Elixir tests (mix credo + mix test)	UNKNOWN STEP	2026-09-24T02:54:55.4946489Z     (ex_unit 1.18.4) lib/ex_unit/runner.ex:511: ExUnit.Runner.exec_test/2
Elixir tests (mix credo + mix test)	UNKNOWN STEP	2026-09-24T02:54:55.4946846Z     (stdlib 6.2) timer.erl:595: :timer.tc/2
Elixir tests (mix credo + mix test)	UNKNOWN STEP	2026-09-24T02:54:55.4947256Z     (ex_unit 1.18.4) lib/ex_unit/runner.ex:433: anonymous fn/6 in ExUnit.Runner.spawn_test_monitor/4
Elixir tests (mix credo + mix test)	UNKNOWN STEP	2026-09-24T02:54:55.4947579Z 
Elixir tests (mix credo + mix test)	UNKNOWN STEP	2026-09-24T02:54:55.4951548Z 
Elixir tests (mix credo + mix test)	UNKNOWN STEP	2026-09-24T02:54:55.4952944Z 02:54:55.495 [warning] GgenIgniter.Reactors.ReconcileReactor: Code.format_string!/1 failed for /tmp/ggen_igniter_actuation_failure_injection_test_84994/lib/verify_new_target.ex -- writing unformatted content unchanged. Error: ** (MismatchedDelimiterError) mismatched delimiter found on nofile:3:1:
Elixir tests (mix credo + mix test)	UNKNOWN STEP	2026-09-24T02:54:55.4954352Z     error: unexpected reserved word: end
Elixir tests (mix credo + mix test)	UNKNOWN STEP	2026-09-24T02:54:55.4954938Z     │
Elixir tests (mix credo + mix test)	UNKNOWN STEP	2026-09-24T02:54:55.4955211Z   2 │   def broken(
Elixir tests (mix credo + mix test)	UNKNOWN STEP	2026-09-24T02:54:55.4955552Z     │             └ unclosed delimiter
Elixir tests (mix credo + mix test)	UNKNOWN STEP	2026-09-24T02:54:55.4956087Z   3 │ end
Elixir tests (mix credo + mix test)	UNKNOWN STEP	2026-09-24T02:54:55.4956440Z     │ └ mismatched closing delimiter (expected ")")
Elixir tests (mix credo + mix test)	UNKNOWN STEP	2026-09-24T02:54:55.4956844Z     │
Elixir tests (mix credo + mix test)	UNKNOWN STEP	2026-09-24T02:54:55.4957110Z     └─ nofile:3:1
Elixir tests (mix credo + mix test)	UNKNOWN STEP	2026-09-24T02:54:55.4957457Z     (elixir 1.18.4) lib/code.ex:1031: Code.format_string!/2
Elixir tests (mix credo + mix test)	UNKNOWN STEP	2026-09-24T02:54:55.4958254Z     (ggen_igniter 26.9.20) lib/ggen_igniter/reactors/reconcile_reactor.ex:1742: GgenIgniter.Reactors.ReconcileReactor.format_generated_content/2
Elixir tests (mix credo + mix test)	UNKNOWN STEP	2026-09-24T02:54:55.4959398Z     (ggen_igniter 26.9.20) lib/ggen_igniter/reactors/reconcile_reactor.ex:1711: GgenIgniter.Reactors.ReconcileReactor.render_target/3
Elixir tests (mix credo + mix test)	UNKNOWN STEP	2026-09-24T02:54:55.4960235Z     (elixir 1.18.4) lib/enum.ex:1714: Enum."-map/2-lists^map/1-1-"/2
Elixir tests (mix credo + mix test)	UNKNOWN STEP	2026-09-24T02:54:55.4960723Z     (elixir 1.18.4) lib/enum.ex:1714: Enum."-map/2-lists^map/1-1-"/2
Elixir tests (mix credo + mix test)	UNKNOWN STEP	2026-09-24T02:54:55.4961390Z     (ggen_igniter 26.9.20) lib/ggen_igniter/reactors/reconcile_reactor.ex:1504: GgenIgniter.Reactors.ReconcileReactor.build_plan/3
Elixir tests (mix credo + mix test)	UNKNOWN STEP	2026-09-24T02:54:55.4962270Z     (ggen_igniter 26.9.20) lib/ggen_igniter/reactors/reconcile_reactor.ex:572: GgenIgniter.Reactors.ReconcileReactor.run_0_generated_A38A1C3F74D980A8408C5D13DA25283B/2
Elixir tests (mix credo + mix test)	UNKNOWN STEP	2026-09-24T02:54:55.4963368Z     (reactor 1.0.6) lib/reactor/executor/step_runner.ex:169: Reactor.Executor.StepRunner.do_run/4
Elixir tests (mix credo + mix test)	UNKNOWN STEP	2026-09-24T02:54:55.4964077Z     (reactor 1.0.6) lib/reactor/executor/step_runner.ex:58: Reactor.Executor.StepRunner.run/4
Elixir tests (mix credo + mix test)	UNKNOWN STEP	2026-09-24T02:54:55.4964553Z     (reactor 1.0.6) lib/reactor/executor/sync.ex:23: Reactor.Executor.Sync.run/3
Elixir tests (mix credo + mix test)	UNKNOWN STEP	2026-09-24T02:54:55.4964990Z     (reactor 1.0.6) lib/reactor/executor.ex:110: Reactor.Executor.execute/2
Elixir tests (mix credo + mix test)	UNKNOWN STEP	2026-09-24T02:54:55.4965845Z     (ggen_igniter 26.9.20) lib/ggen_igniter/reactors/reconcile_reactor.ex:868: GgenIgniter.Reactors.ReconcileReactor.run/1
Elixir tests (mix credo + mix test)	UNKNOWN STEP	2026-09-24T02:54:55.4967182Z     test/ggen_igniter_actuation_failure_injection_test.exs:361: GgenIgniter.ActuationFailureInjectionTest."test :verify failure after two real writes reverts both to pre-run state the pre-existing file is restored; the newly-created file is deleted; whole-tree hash is identical"/1
Elixir tests (mix credo + mix test)	UNKNOWN STEP	2026-09-24T02:54:55.4968386Z     (ex_unit 1.18.4) lib/ex_unit/runner.ex:511: ExUnit.Runner.exec_test/2
Elixir tests (mix credo + mix test)	UNKNOWN STEP	2026-09-24T02:54:55.4968860Z     (stdlib 6.2) timer.erl:595: :timer.tc/2
Elixir tests (mix credo + mix test)	UNKNOWN STEP	2026-09-24T02:54:55.4969620Z     (ex_unit 1.18.4) lib/ex_unit/runner.ex:433: anonymous fn/6 in ExUnit.Runner.spawn_test_monitor/4
Elixir tests (mix credo + mix test)	UNKNOWN STEP	2026-09-24T02:54:55.4970068Z 
Elixir tests (mix credo + mix test)	UNKNOWN STEP	2026-09-24T02:56:35.0535917Z ................................
Elixir tests (mix credo + mix test)	UNKNOWN STEP	2026-09-24T02:56:35.0538023Z 02:56:35.053 [warning] GgenIgniter.Reactors.ReconcileReactor: Code.format_string!/1 failed for /tmp/ggen_igniter_compensation_telemetry_test_85826/lib/existing.ex -- writing unformatted content unchanged. Error: ** (MismatchedDelimiterError) mismatched delimiter found on nofile:3:1:
Elixir tests (mix credo + mix test)	UNKNOWN STEP	2026-09-24T02:56:35.0539801Z     error: unexpected reserved word: end
Elixir tests (mix credo + mix test)	UNKNOWN STEP	2026-09-24T02:56:35.0540520Z     │
Elixir tests (mix credo + mix test)	UNKNOWN STEP	2026-09-24T02:56:35.0540934Z   2 │   def broken(
Elixir tests (mix credo + mix test)	UNKNOWN STEP	2026-09-24T02:56:35.0541433Z     │             └ unclosed delimiter
Elixir tests (mix credo + mix test)	UNKNOWN STEP	2026-09-24T02:56:35.0541936Z   3 │ end
Elixir tests (mix credo + mix test)	UNKNOWN STEP	2026-09-24T02:56:35.0542427Z     │ └ mismatched closing delimiter (expected ")")
Elixir tests (mix credo + mix test)	UNKNOWN STEP	2026-09-24T02:56:35.0542954Z     │
Elixir tests (mix credo + mix test)	UNKNOWN STEP	2026-09-24T02:56:35.0543372Z     └─ nofile:3:1
Elixir tests (mix credo + mix test)	UNKNOWN STEP	2026-09-24T02:56:35.0543849Z     (elixir 1.18.4) lib/code.ex:1031: Code.format_string!/2
Elixir tests (mix credo + mix test)	UNKNOWN STEP	2026-09-24T02:56:35.0544894Z     (ggen_igniter 26.9.20) lib/ggen_igniter/reactors/reconcile_reactor.ex:1742: GgenIgniter.Reactors.ReconcileReactor.format_generated_content/2
Elixir tests (mix credo + mix test)	UNKNOWN STEP	2026-09-24T02:56:35.0546505Z     (ggen_igniter 26.9.20) lib/ggen_igniter/reactors/reconcile_reactor.ex:1711: GgenIgniter.Reactors.ReconcileReactor.render_target/3
Elixir tests (mix credo + mix test)	UNKNOWN STEP	2026-09-24T02:56:35.0547481Z     (elixir 1.18.4) lib/enum.ex:1714: Enum."-map/2-lists^map/1-1-"/2
Elixir tests (mix credo + mix test)	UNKNOWN STEP	2026-09-24T02:56:35.0548442Z     (ggen_igniter 26.9.20) lib/ggen_igniter/reactors/reconcile_reactor.ex:1504: GgenIgniter.Reactors.ReconcileReactor.build_plan/3
Elixir tests (mix credo + mix test)	UNKNOWN STEP	2026-09-24T02:56:35.0550247Z     (ggen_igniter 26.9.20) lib/ggen_igniter/reactors/reconcile_reactor.ex:572: GgenIgniter.Reactors.ReconcileReactor.run_0_generated_A38A1C3F74D980A8408C5D13DA25283B/2
Elixir tests (mix credo + mix test)	UNKNOWN STEP	2026-09-24T02:56:35.0551506Z     (reactor 1.0.6) lib/reactor/executor/step_runner.ex:169: Reactor.Executor.StepRunner.do_run/4
Elixir tests (mix credo + mix test)	UNKNOWN STEP	2026-09-24T02:56:35.0552466Z     (reactor 1.0.6) lib/reactor/executor/step_runner.ex:58: Reactor.Executor.StepRunner.run/4
Elixir tests (mix credo + mix test)	UNKNOWN STEP	2026-09-24T02:56:35.0553346Z     (reactor 1.0.6) lib/reactor/executor/sync.ex:23: Reactor.Executor.Sync.run/3
Elixir tests (mix credo + mix test)	UNKNOWN STEP	2026-09-24T02:56:35.0554155Z     (reactor 1.0.6) lib/reactor/executor.ex:110: Reactor.Executor.execute/2
Elixir tests (mix credo + mix test)	UNKNOWN STEP	2026-09-24T02:56:35.0555175Z     (ggen_igniter 26.9.20) lib/ggen_igniter/reactors/reconcile_reactor.ex:868: GgenIgniter.Reactors.ReconcileReactor.run/1
Elixir tests (mix credo + mix test)	UNKNOWN STEP	2026-09-24T02:56:35.0557662Z     test/ggen_igniter_reconcile_reactor_compensation_telemetry_test.exs:177: GgenIgniter.ReconcileReactorCompensationTelemetryTest."test CompensationTelemetryMiddleware.counters/0 after real ReconcileReactor runs a real :verify failure (undo/4 on :actuate) increments :undo_start and, via error/2, :build_broken"/1
Elixir tests (mix credo + mix test)	UNKNOWN STEP	2026-09-24T02:56:35.0559664Z     (ex_unit 1.18.4) lib/ex_unit/runner.ex:511: ExUnit.Runner.exec_test/2
Elixir tests (mix credo + mix test)	UNKNOWN STEP	2026-09-24T02:56:35.0560319Z     (stdlib 6.2) timer.erl:595: :timer.tc/2
Elixir tests (mix credo + mix test)	UNKNOWN STEP	2026-09-24T02:56:35.0560985Z     (ex_unit 1.18.4) lib/ex_unit/runner.ex:433: anonymous fn/6 in ExUnit.Runner.spawn_test_monitor/4
Elixir tests (mix credo + mix test)	UNKNOWN STEP	2026-09-24T02:56:35.0561554Z 
Elixir tests (mix credo + mix test)	UNKNOWN STEP	2026-09-24T02:56:35.0561912Z 
Elixir tests (mix credo + mix test)	UNKNOWN STEP	2026-09-24T02:56:35.0563219Z 02:56:35.056 [warning] GgenIgniter.Reactors.ReconcileReactor: Code.format_string!/1 failed for /tmp/ggen_igniter_compensation_telemetry_test_85826/lib/new_from_run.ex -- writing unformatted content unchanged. Error: ** (MismatchedDelimiterError) mismatched delimiter found on nofile:3:1:
Elixir tests (mix credo + mix test)	UNKNOWN STEP	2026-09-24T02:56:35.0564659Z     error: unexpected reserved word: end
Elixir tests (mix credo + mix test)	UNKNOWN STEP	2026-09-24T02:56:35.0565604Z     │
Elixir tests (mix credo + mix test)	UNKNOWN STEP	2026-09-24T02:56:35.0566558Z   2 │   def broken(
Elixir tests (mix credo + mix test)	UNKNOWN STEP	2026-09-24T02:56:35.0566944Z     │             └ unclosed delimiter
Elixir tests (mix credo + mix test)	UNKNOWN STEP	2026-09-24T02:56:35.0567336Z   3 │ end
Elixir tests (mix credo + mix test)	UNKNOWN STEP	2026-09-24T02:56:35.0567753Z     │ └ mismatched closing delimiter (expected ")")
Elixir tests (mix credo + mix test)	UNKNOWN STEP	2026-09-24T02:56:35.0568178Z     │
Elixir tests (mix credo + mix test)	UNKNOWN STEP	2026-09-24T02:56:35.0568494Z     └─ nofile:3:1
Elixir tests (mix credo + mix test)	UNKNOWN STEP	2026-09-24T02:56:35.0568863Z     (elixir 1.18.4) lib/code.ex:1031: Code.format_string!/2
Elixir tests (mix credo + mix test)	UNKNOWN STEP	2026-09-24T02:56:35.0570083Z     (ggen_igniter 26.9.20) lib/ggen_igniter/reactors/reconcile_reactor.ex:1742: GgenIgniter.Reactors.ReconcileReactor.format_generated_content/2
Elixir tests (mix credo + mix test)	UNKNOWN STEP	2026-09-24T02:56:35.0571360Z     (ggen_igniter 26.9.20) lib/ggen_igniter/reactors/reconcile_reactor.ex:1711: GgenIgniter.Reactors.ReconcileReactor.render_target/3
Elixir tests (mix credo + mix test)	UNKNOWN STEP	2026-09-24T02:56:35.0572301Z     (elixir 1.18.4) lib/enum.ex:1714: Enum."-map/2-lists^map/1-1-"/2
Elixir tests (mix credo + mix test)	UNKNOWN STEP	2026-09-24T02:56:35.0572907Z     (elixir 1.18.4) lib/enum.ex:1714: Enum."-map/2-lists^map/1-1-"/2
Elixir tests (mix credo + mix test)	UNKNOWN STEP	2026-09-24T02:56:35.0573740Z     (ggen_igniter 26.9.20) lib/ggen_igniter/reactors/reconcile_reactor.ex:1504: GgenIgniter.Reactors.ReconcileReactor.build_plan/3
Elixir tests (mix credo + mix test)	UNKNOWN STEP	2026-09-24T02:56:35.0574901Z     (ggen_igniter 26.9.20) lib/ggen_igniter/reactors/reconcile_reactor.ex:572: GgenIgniter.Reactors.ReconcileReactor.run_0_generated_A38A1C3F74D980A8408C5D13DA25283B/2
Elixir tests (mix credo + mix test)	UNKNOWN STEP	2026-09-24T02:56:35.0576153Z     (reactor 1.0.6) lib/reactor/executor/step_runner.ex:169: Reactor.Executor.StepRunner.do_run/4
Elixir tests (mix credo + mix test)	UNKNOWN STEP	2026-09-24T02:56:35.0576774Z     (reactor 1.0.6) lib/reactor/executor/step_runner.ex:58: Reactor.Executor.StepRunner.run/4
Elixir tests (mix credo + mix test)	UNKNOWN STEP	2026-09-24T02:56:35.0577308Z     (reactor 1.0.6) lib/reactor/executor/sync.ex:23: Reactor.Executor.Sync.run/3
Elixir tests (mix credo + mix test)	UNKNOWN STEP	2026-09-24T02:56:35.0577745Z     (reactor 1.0.6) lib/reactor/executor.ex:110: Reactor.Executor.execute/2
Elixir tests (mix credo + mix test)	UNKNOWN STEP	2026-09-24T02:56:35.0578306Z     (ggen_igniter 26.9.20) lib/ggen_igniter/reactors/reconcile_reactor.ex:868: GgenIgniter.Reactors.ReconcileReactor.run/1
Elixir tests (mix credo + mix test)	UNKNOWN STEP	2026-09-24T02:56:35.0579594Z     test/ggen_igniter_reconcile_reactor_compensation_telemetry_test.exs:177: GgenIgniter.ReconcileReactorCompensationTelemetryTest."test CompensationTelemetryMiddleware.counters/0 after real ReconcileReactor runs a real :verify failure (undo/4 on :actuate) increments :undo_start and, via error/2, :build_broken"/1
Elixir tests (mix credo + mix test)	UNKNOWN STEP	2026-09-24T02:56:35.0581512Z     (ex_unit 1.18.4) lib/ex_unit/runner.ex:511: ExUnit.Runner.exec_test/2
Elixir tests (mix credo + mix test)	UNKNOWN STEP	2026-09-24T02:56:35.0582027Z     (stdlib 6.2) timer.erl:595: :timer.tc/2
Elixir tests (mix credo + mix test)	UNKNOWN STEP	2026-09-24T02:56:35.0582583Z     (ex_unit 1.18.4) lib/ex_unit/runner.ex:433: anonymous fn/6 in ExUnit.Runner.spawn_test_monitor/4
Elixir tests (mix credo + mix test)	UNKNOWN STEP	2026-09-24T02:56:35.0583049Z 
Elixir tests (mix credo + mix test)	UNKNOWN STEP	2026-09-24T02:56:35.4905572Z ..
Elixir tests (mix credo + mix test)	UNKNOWN STEP	2026-09-24T02:56:35.4907273Z 02:56:35.490 [warning] GgenIgniter.Reactors.ReconcileReactor: Code.format_string!/1 failed for /tmp/ggen_igniter_compensation_telemetry_test_85986/lib/a.ex -- writing unformatted content unchanged. Error: ** (MismatchedDelimiterError) mismatched delimiter found on nofile:3:1:
Elixir tests (mix credo + mix test)	UNKNOWN STEP	2026-09-24T02:56:35.4908605Z     error: unexpected reserved word: end
Elixir tests (mix credo + mix test)	UNKNOWN STEP	2026-09-24T02:56:35.4909181Z     │
Elixir tests (mix credo + mix test)	UNKNOWN STEP	2026-09-24T02:56:35.4909504Z   2 │   def broken(
Elixir tests (mix credo + mix test)	UNKNOWN STEP	2026-09-24T02:56:35.4909968Z     │             └ unclosed delimiter
Elixir tests (mix credo + mix test)	UNKNOWN STEP	2026-09-24T02:56:35.4910397Z   3 │ end
Elixir tests (mix credo + mix test)	UNKNOWN STEP	2026-09-24T02:56:35.4910787Z     │ └ mismatched closing delimiter (expected ")")
Elixir tests (mix credo + mix test)	UNKNOWN STEP	2026-09-24T02:56:35.4911218Z     │
Elixir tests (mix credo + mix test)	UNKNOWN STEP	2026-09-24T02:56:35.4911514Z     └─ nofile:3:1
Elixir tests (mix credo + mix test)	UNKNOWN STEP	2026-09-24T02:56:35.4911886Z     (elixir 1.18.4) lib/code.ex:1031: Code.format_string!/2
Elixir tests (mix credo + mix test)	UNKNOWN STEP	2026-09-24T02:56:35.4912575Z     (ggen_igniter 26.9.20) lib/ggen_igniter/reactors/reconcile_reactor.ex:1742: GgenIgniter.Reactors.ReconcileReactor.format_generated_content/2
Elixir tests (mix credo + mix test)	UNKNOWN STEP	2026-09-24T02:56:35.4913375Z     (ggen_igniter 26.9.20) lib/ggen_igniter/reactors/reconcile_reactor.ex:1711: GgenIgniter.Reactors.ReconcileReactor.render_target/3
Elixir tests (mix credo + mix test)	UNKNOWN STEP	2026-09-24T02:56:35.4913946Z     (elixir 1.18.4) lib/enum.ex:1714: Enum."-map/2-lists^map/1-1-"/2
Elixir tests (mix credo + mix test)	UNKNOWN STEP	2026-09-24T02:56:35.4914507Z     (ggen_igniter 26.9.20) lib/ggen_igniter/reactors/reconcile_reactor.ex:1504: GgenIgniter.Reactors.ReconcileReactor.build_plan/3
Elixir tests (mix credo + mix test)	UNKNOWN STEP	2026-09-24T02:56:35.4915346Z     (ggen_igniter 26.9.20) lib/ggen_igniter/reactors/reconcile_reactor.ex:572: GgenIgniter.Reactors.ReconcileReactor.run_0_generated_A38A1C3F74D980A8408C5D13DA25283B/2
Elixir tests (mix credo + mix test)	UNKNOWN STEP	2026-09-24T02:56:35.4916330Z     (reactor 1.0.6) lib/reactor/executor/step_runner.ex:169: Reactor.Executor.StepRunner.do_run/4
Elixir tests (mix credo + mix test)	UNKNOWN STEP	2026-09-24T02:56:35.4916877Z     (reactor 1.0.6) lib/reactor/executor/step_runner.ex:58: Reactor.Executor.StepRunner.run/4
Elixir tests (mix credo + mix test)	UNKNOWN STEP	2026-09-24T02:56:35.4917376Z     (reactor 1.0.6) lib/reactor/executor/sync.ex:23: Reactor.Executor.Sync.run/3
Elixir tests (mix credo + mix test)	UNKNOWN STEP	2026-09-24T02:56:35.4918068Z     (reactor 1.0.6) lib/reactor/executor.ex:110: Reactor.Executor.execute/2
Elixir tests (mix credo + mix test)	UNKNOWN STEP	2026-09-24T02:56:35.4918640Z     (ggen_igniter 26.9.20) lib/ggen_igniter/reactors/reconcile_reactor.ex:868: GgenIgniter.Reactors.ReconcileReactor.run/1
Elixir tests (mix credo + mix test)	UNKNOWN STEP	2026-09-24T02:56:35.4919984Z     test/ggen_igniter_reconcile_reactor_compensation_telemetry_test.exs:250: GgenIgniter.ReconcileReactorCompensationTelemetryTest."test CompensationTelemetryMiddleware.counters/0 after real ReconcileReactor runs two real sequential ReconcileReactor.run/1 calls with distinct telemetry_run_id are independently readable via counters/1"/1
Elixir tests (mix credo + mix test)	UNKNOWN STEP	2026-09-24T02:56:35.4921177Z     (ex_unit 1.18.4) lib/ex_unit/runner.ex:511: ExUnit.Runner.exec_test/2
Elixir tests (mix credo + mix test)	UNKNOWN STEP	2026-09-24T02:56:35.4921535Z     (stdlib 6.2) timer.erl:595: :timer.tc/2
Elixir tests (mix credo + mix test)	UNKNOWN STEP	2026-09-24T02:56:35.4921960Z     (ex_unit 1.18.4) lib/ex_unit/runner.ex:433: anonymous fn/6 in ExUnit.Runner.spawn_test_monitor/4
Elixir tests (mix credo + mix test)	UNKNOWN STEP	2026-09-24T02:56:35.4922326Z 
Elixir tests (mix credo + mix test)	UNKNOWN STEP	2026-09-24T02:56:35.4929584Z 
Elixir tests (mix credo + mix test)	UNKNOWN STEP	2026-09-24T02:56:35.4930841Z 02:56:35.492 [warning] GgenIgniter.Reactors.ReconcileReactor: Code.format_string!/1 failed for /tmp/ggen_igniter_compensation_telemetry_test_85986/lib/b.ex -- writing unformatted content unchanged. Error: ** (MismatchedDelimiterError) mismatched delimiter found on nofile:3:1:
Elixir tests (mix credo + mix test)	UNKNOWN STEP	2026-09-24T02:56:35.4932296Z     error: unexpected reserved word: end
Elixir tests (mix credo + mix test)	UNKNOWN STEP	2026-09-24T02:56:35.4933023Z     │
Elixir tests (mix credo + mix test)	UNKNOWN STEP	2026-09-24T02:56:35.4933377Z   2 │   def broken(
Elixir tests (mix credo + mix test)	UNKNOWN STEP	2026-09-24T02:56:35.4933724Z     │             └ unclosed delimiter
Elixir tests (mix credo + mix test)	UNKNOWN STEP	2026-09-24T02:56:35.4933971Z   3 │ end
Elixir tests (mix credo + mix test)	UNKNOWN STEP	2026-09-24T02:56:35.4934224Z     │ └ mismatched closing delimiter (expected ")")
Elixir tests (mix credo + mix test)	UNKNOWN STEP	2026-09-24T02:56:35.4934647Z     │
Elixir tests (mix credo + mix test)	UNKNOWN STEP	2026-09-24T02:56:35.4934844Z     └─ nofile:3:1
Elixir tests (mix credo + mix test)	UNKNOWN STEP	2026-09-24T02:56:35.4935087Z     (elixir 1.18.4) lib/code.ex:1031: Code.format_string!/2
Elixir tests (mix credo + mix test)	UNKNOWN STEP	2026-09-24T02:56:35.4935617Z     (ggen_igniter 26.9.20) lib/ggen_igniter/reactors/reconcile_reactor.ex:1742: GgenIgniter.Reactors.ReconcileReactor.format_generated_content/2
Elixir tests (mix credo + mix test)	UNKNOWN STEP	2026-09-24T02:56:35.4936634Z     (ggen_igniter 26.9.20) lib/ggen_igniter/reactors/reconcile_reactor.ex:1711: GgenIgniter.Reactors.ReconcileReactor.render_target/3
Elixir tests (mix credo + mix test)	UNKNOWN STEP	2026-09-24T02:56:35.4937159Z     (elixir 1.18.4) lib/enum.ex:1714: Enum."-map/2-lists^map/1-1-"/2
Elixir tests (mix credo + mix test)	UNKNOWN STEP	2026-09-24T02:56:35.4937497Z     (elixir 1.18.4) lib/enum.ex:1714: Enum."-map/2-lists^map/1-1-"/2
Elixir tests (mix credo + mix test)	UNKNOWN STEP	2026-09-24T02:56:35.4938002Z     (ggen_igniter 26.9.20) lib/ggen_igniter/reactors/reconcile_reactor.ex:1504: GgenIgniter.Reactors.ReconcileReactor.build_plan/3
Elixir tests (mix credo + mix test)	UNKNOWN STEP	2026-09-24T02:56:35.4939299Z     (ggen_igniter 26.9.20) lib/ggen_igniter/reactors/reconcile_reactor.ex:572: GgenIgniter.Reactors.ReconcileReactor.run_0_generated_A38A1C3F74D980A8408C5D13DA25283B/2
Elixir tests (mix credo + mix test)	UNKNOWN STEP	2026-09-24T02:56:35.4939989Z     (reactor 1.0.6) lib/reactor/executor/step_runner.ex:169: Reactor.Executor.StepRunner.do_run/4
Elixir tests (mix credo + mix test)	UNKNOWN STEP	2026-09-24T02:56:35.4940487Z     (reactor 1.0.6) lib/reactor/executor/step_runner.ex:58: Reactor.Executor.StepRunner.run/4
Elixir tests (mix credo + mix test)	UNKNOWN STEP	2026-09-24T02:56:35.4940926Z     (reactor 1.0.6) lib/reactor/executor/sync.ex:23: Reactor.Executor.Sync.run/3
Elixir tests (mix credo + mix test)	UNKNOWN STEP	2026-09-24T02:56:35.4941347Z     (reactor 1.0.6) lib/reactor/executor.ex:110: Reactor.Executor.execute/2
Elixir tests (mix credo + mix test)	UNKNOWN STEP	2026-09-24T02:56:35.4942294Z     (ggen_igniter 26.9.20) lib/ggen_igniter/reactors/reconcile_reactor.ex:868: GgenIgniter.Reactors.ReconcileReactor.run/1
Elixir tests (mix credo + mix test)	UNKNOWN STEP	2026-09-24T02:56:35.4944062Z     test/ggen_igniter_reconcile_reactor_compensation_telemetry_test.exs:250: GgenIgniter.ReconcileReactorCompensationTelemetryTest."test CompensationTelemetryMiddleware.counters/0 after real ReconcileReactor runs two real sequential ReconcileReactor.run/1 calls with distinct telemetry_run_id are independently readable via counters/1"/1
Elixir tests (mix credo + mix test)	UNKNOWN STEP	2026-09-24T02:56:35.4948255Z     (ex_unit 1.18.4) lib/ex_unit/runner.ex:511: ExUnit.Runner.exec_test/2
Elixir tests (mix credo + mix test)	UNKNOWN STEP	2026-09-24T02:56:35.4948795Z     (stdlib 6.2) timer.erl:595: :timer.tc/2
Elixir tests (mix credo + mix test)	UNKNOWN STEP	2026-09-24T02:56:35.4949406Z     (ex_unit 1.18.4) lib/ex_unit/runner.ex:433: anonymous fn/6 in ExUnit.Runner.spawn_test_monitor/4
Elixir tests (mix credo + mix test)	UNKNOWN STEP	2026-09-24T02:56:35.4949817Z 
Elixir tests (mix credo + mix test)	UNKNOWN STEP	2026-09-24T02:56:35.9183821Z 
Elixir tests (mix credo + mix test)	UNKNOWN STEP	2026-09-24T02:56:35.9186927Z 02:56:35.918 [warning] GgenIgniter.Reactors.ReconcileReactor: Code.format_string!/1 failed for /tmp/ggen_igniter_compensation_telemetry_test_86050/lib/a.ex -- writing unformatted content unchanged. Error: ** (MismatchedDelimiterError) mismatched delimiter found on nofile:3:1:
Elixir tests (mix credo + mix test)	UNKNOWN STEP	2026-09-24T02:56:35.9188567Z     error: unexpected reserved word: end
Elixir tests (mix credo + mix test)	UNKNOWN STEP	2026-09-24T02:56:35.9189940Z     │
Elixir tests (mix credo + mix test)	UNKNOWN STEP	2026-09-24T02:56:35.9197029Z   2 │   def broken(
Elixir tests (mix credo + mix test)	UNKNOWN STEP	2026-09-24T02:56:35.9197505Z     │             └ unclosed delimiter
Elixir tests (mix credo + mix test)	UNKNOWN STEP	2026-09-24T02:56:35.9197789Z   3 │ end
Elixir tests (mix credo + mix test)	UNKNOWN STEP	2026-09-24T02:56:35.9198073Z     │ └ mismatched closing delimiter (expected ")")
Elixir tests (mix credo + mix test)	UNKNOWN STEP	2026-09-24T02:56:35.9198399Z     │
Elixir tests (mix credo + mix test)	UNKNOWN STEP	2026-09-24T02:56:35.9198622Z     └─ nofile:3:1
Elixir tests (mix credo + mix test)	UNKNOWN STEP	2026-09-24T02:56:35.9198898Z     (elixir 1.18.4) lib/code.ex:1031: Code.format_string!/2
Elixir tests (mix credo + mix test)	UNKNOWN STEP	2026-09-24T02:56:35.9199526Z     (ggen_igniter 26.9.20) lib/ggen_igniter/reactors/reconcile_reactor.ex:1742: GgenIgniter.Reactors.ReconcileReactor.format_generated_content/2
Elixir tests (mix credo + mix test)	UNKNOWN STEP	2026-09-24T02:56:35.9200341Z     (ggen_igniter 26.9.20) lib/ggen_igniter/reactors/reconcile_reactor.ex:1711: GgenIgniter.Reactors.ReconcileReactor.render_target/3
Elixir tests (mix credo + mix test)	UNKNOWN STEP	2026-09-24T02:56:35.9200968Z     (elixir 1.18.4) lib/enum.ex:1714: Enum."-map/2-lists^map/1-1-"/2
Elixir tests (mix credo + mix test)	UNKNOWN STEP	2026-09-24T02:56:35.9201536Z     (ggen_igniter 26.9.20) lib/ggen_igniter/reactors/reconcile_reactor.ex:1504: GgenIgniter.Reactors.ReconcileReactor.build_plan/3
Elixir tests (mix credo + mix test)	UNKNOWN STEP	2026-09-24T02:56:35.9202379Z     (ggen_igniter 26.9.20) lib/ggen_igniter/reactors/reconcile_reactor.ex:572: GgenIgniter.Reactors.ReconcileReactor.run_0_generated_A38A1C3F74D980A8408C5D13DA25283B/2
Elixir tests (mix credo + mix test)	UNKNOWN STEP	2026-09-24T02:56:35.9203116Z     (reactor 1.0.6) lib/reactor/executor/step_runner.ex:169: Reactor.Executor.StepRunner.do_run/4
Elixir tests (mix credo + mix test)	UNKNOWN STEP	2026-09-24T02:56:35.9203878Z     (reactor 1.0.6) lib/reactor/executor/step_runner.ex:58: Reactor.Executor.StepRunner.run/4
Elixir tests (mix credo + mix test)	UNKNOWN STEP	2026-09-24T02:56:35.9204365Z     (reactor 1.0.6) lib/reactor/executor/sync.ex:23: Reactor.Executor.Sync.run/3
Elixir tests (mix credo + mix test)	UNKNOWN STEP	2026-09-24T02:56:35.9204795Z     (reactor 1.0.6) lib/reactor/executor.ex:110: Reactor.Executor.execute/2
Elixir tests (mix credo + mix test)	UNKNOWN STEP	2026-09-24T02:56:35.9205346Z     (ggen_igniter 26.9.20) lib/ggen_igniter/reactors/reconcile_reactor.ex:868: GgenIgniter.Reactors.ReconcileReactor.run/1
Elixir tests (mix credo + mix test)	UNKNOWN STEP	2026-09-24T02:56:35.9207203Z     test/ggen_igniter_reconcile_reactor_compensation_telemetry_test.exs:259: GgenIgniter.ReconcileReactorCompensationTelemetryTest."test CompensationTelemetryMiddleware.counters/0 after real ReconcileReactor runs two real sequential ReconcileReactor.run/1 calls with distinct telemetry_run_id are independently readable via counters/1"/1
Elixir tests (mix credo + mix test)	UNKNOWN STEP	2026-09-24T02:56:35.9209038Z     (ex_unit 1.18.4) lib/ex_unit/runner.ex:511: ExUnit.Runner.exec_test/2
Elixir tests (mix credo + mix test)	UNKNOWN STEP	2026-09-24T02:56:35.9209540Z     (stdlib 6.2) timer.erl:595: :timer.tc/2
Elixir tests (mix credo + mix test)	UNKNOWN STEP	2026-09-24T02:56:35.9210124Z     (ex_unit 1.18.4) lib/ex_unit/runner.ex:433: anonymous fn/6 in ExUnit.Runner.spawn_test_monitor/4
Elixir tests (mix credo + mix test)	UNKNOWN STEP	2026-09-24T02:56:35.9210584Z 
Elixir tests (mix credo + mix test)	UNKNOWN STEP	2026-09-24T02:56:35.9210608Z 
Elixir tests (mix credo + mix test)	UNKNOWN STEP	2026-09-24T02:56:35.9211815Z 02:56:35.920 [warning] GgenIgniter.Reactors.ReconcileReactor: Code.format_string!/1 failed for /tmp/ggen_igniter_compensation_telemetry_test_86050/lib/b.ex -- writing unformatted content unchanged. Error: ** (MismatchedDelimiterError) mismatched delimiter found on nofile:3:1:
Elixir tests (mix credo + mix test)	UNKNOWN STEP	2026-09-24T02:56:35.9213146Z     error: unexpected reserved word: end
Elixir tests (mix credo + mix test)	UNKNOWN STEP	2026-09-24T02:56:35.9213444Z     │
Elixir tests (mix credo + mix test)	UNKNOWN STEP	2026-09-24T02:56:35.9213663Z   2 │   def broken(
Elixir tests (mix credo + mix test)	UNKNOWN STEP	2026-09-24T02:56:35.9213930Z     │             └ unclosed delimiter
Elixir tests (mix credo + mix test)	UNKNOWN STEP	2026-09-24T02:56:35.9214188Z   3 │ end
Elixir tests (mix credo + mix test)	UNKNOWN STEP	2026-09-24T02:56:35.9214459Z     │ └ mismatched closing delimiter (expected ")")
Elixir tests (mix credo + mix test)	UNKNOWN STEP	2026-09-24T02:56:35.9214744Z     │
Elixir tests (mix credo + mix test)	UNKNOWN STEP	2026-09-24T02:56:35.9214956Z     └─ nofile:3:1
Elixir tests (mix credo + mix test)	UNKNOWN STEP	2026-09-24T02:56:35.9215268Z     (elixir 1.18.4) lib/code.ex:1031: Code.format_string!/2
Elixir tests (mix credo + mix test)	UNKNOWN STEP	2026-09-24T02:56:35.9216324Z     (ggen_igniter 26.9.20) lib/ggen_igniter/reactors/reconcile_reactor.ex:1742: GgenIgniter.Reactors.ReconcileReactor.format_generated_content/2
Elixir tests (mix credo + mix test)	UNKNOWN STEP	2026-09-24T02:56:35.9217119Z     (ggen_igniter 26.9.20) lib/ggen_igniter/reactors/reconcile_reactor.ex:1711: GgenIgniter.Reactors.ReconcileReactor.render_target/3
Elixir tests (mix credo + mix test)	UNKNOWN STEP	2026-09-24T02:56:35.9217814Z     (elixir 1.18.4) lib/enum.ex:1714: Enum."-map/2-lists^map/1-1-"/2
Elixir tests (mix credo + mix test)	UNKNOWN STEP	2026-09-24T02:56:35.9218193Z     (elixir 1.18.4) lib/enum.ex:1714: Enum."-map/2-lists^map/1-1-"/2
Elixir tests (mix credo + mix test)	UNKNOWN STEP	2026-09-24T02:56:35.9218728Z     (ggen_igniter 26.9.20) lib/ggen_igniter/reactors/reconcile_reactor.ex:1504: GgenIgniter.Reactors.ReconcileReactor.build_plan/3
Elixir tests (mix credo + mix test)	UNKNOWN STEP	2026-09-24T02:56:35.9219626Z     (ggen_igniter 26.9.20) lib/ggen_igniter/reactors/reconcile_reactor.ex:572: GgenIgniter.Reactors.ReconcileReactor.run_0_generated_A38A1C3F74D980A8408C5D13DA25283B/2
Elixir tests (mix credo + mix test)	UNKNOWN STEP	2026-09-24T02:56:35.9220699Z     (reactor 1.0.6) lib/reactor/executor/step_runner.ex:169: Reactor.Executor.StepRunner.do_run/4
Elixir tests (mix credo + mix test)	UNKNOWN STEP	2026-09-24T02:56:35.9221435Z     (reactor 1.0.6) lib/reactor/executor/step_runner.ex:58: Reactor.Executor.StepRunner.run/4
Elixir tests (mix credo + mix test)	UNKNOWN STEP	2026-09-24T02:56:35.9222260Z     (reactor 1.0.6) lib/reactor/executor/sync.ex:23: Reactor.Executor.Sync.run/3
Elixir tests (mix credo + mix test)	UNKNOWN STEP	2026-09-24T02:56:35.9222695Z     (reactor 1.0.6) lib/reactor/executor.ex:110: Reactor.Executor.execute/2
Elixir tests (mix credo + mix test)	UNKNOWN STEP	2026-09-24T02:56:35.9224094Z     (ggen_igniter 26.9.20) lib/ggen_igniter/reactors/reconcile_reactor.ex:868: GgenIgniter.Reactors.ReconcileReactor.run/1
Elixir tests (mix credo + mix test)	UNKNOWN STEP	2026-09-24T02:56:35.9225403Z     test/ggen_igniter_reconcile_reactor_compensation_telemetry_test.exs:259: GgenIgniter.ReconcileReactorCompensationTelemetryTest."test CompensationTelemetryMiddleware.counters/0 after real ReconcileReactor runs two real sequential ReconcileReactor.run/1 calls with distinct telemetry_run_id are independently readable via counters/1"/1
Elixir tests (mix credo + mix test)	UNKNOWN STEP	2026-09-24T02:56:35.9227281Z     (ex_unit 1.18.4) lib/ex_unit/runner.ex:511: ExUnit.Runner.exec_test/2
Elixir tests (mix credo + mix test)	UNKNOWN STEP	2026-09-24T02:56:35.9227638Z     (stdlib 6.2) timer.erl:595: :timer.tc/2
Elixir tests (mix credo + mix test)	UNKNOWN STEP	2026-09-24T02:56:35.9228174Z     (ex_unit 1.18.4) lib/ex_unit/runner.ex:433: anonymous fn/6 in ExUnit.Runner.spawn_test_monitor/4
Elixir tests (mix credo + mix test)	UNKNOWN STEP	2026-09-24T02:56:35.9228475Z 
Elixir tests (mix credo + mix test)	UNKNOWN STEP	2026-09-24T03:04:39.9513087Z ##[error]The operation was canceled.
Elixir tests (mix credo + mix test)	UNKNOWN STEP	2026-09-24T03:04:39.9615496Z Post job cleanup.
Elixir tests (mix credo + mix test)	UNKNOWN STEP	2026-09-24T03:04:40.0508783Z [command]/usr/bin/git version
Elixir tests (mix credo + mix test)	UNKNOWN STEP	2026-09-24T03:04:40.0547155Z git version 2.55.0
Elixir tests (mix credo + mix test)	UNKNOWN STEP	2026-09-24T03:04:40.0585281Z Temporarily overriding HOME='/home/runner/work/_temp/1d5b1351-b0df-4247-95f0-02de459ce7cf' before making global git config changes
Elixir tests (mix credo + mix test)	UNKNOWN STEP	2026-09-24T03:04:40.0598575Z Adding repository directory to the temporary git global config as a safe directory
Elixir tests (mix credo + mix test)	UNKNOWN STEP	2026-09-24T03:04:40.0599946Z [command]/usr/bin/git config --global --add safe.directory /home/runner/work/ggen_igniter/ggen_igniter
Elixir tests (mix credo + mix test)	UNKNOWN STEP	2026-09-24T03:04:40.0627802Z Removing SSH command configuration
Elixir tests (mix credo + mix test)	UNKNOWN STEP	2026-09-24T03:04:40.0634834Z [command]/usr/bin/git config --local --name-only --get-regexp core\.sshCommand
Elixir tests (mix credo + mix test)	UNKNOWN STEP	2026-09-24T03:04:40.0670322Z [command]/usr/bin/git submodule foreach --recursive sh -c "git config --local --name-only --get-regexp 'core\.sshCommand' && git config --local --unset-all 'core.sshCommand' || :"
Elixir tests (mix credo + mix test)	UNKNOWN STEP	2026-09-24T03:04:40.0905860Z Removing HTTP extra header
Elixir tests (mix credo + mix test)	UNKNOWN STEP	2026-09-24T03:04:40.0917308Z [command]/usr/bin/git config --local --name-only --get-regexp http\.https\:\/\/github\.com\/\.extraheader
Elixir tests (mix credo + mix test)	UNKNOWN STEP	2026-09-24T03:04:40.0936315Z [command]/usr/bin/git submodule foreach --recursive sh -c "git config --local --name-only --get-regexp 'http\.https\:\/\/github\.com\/\.extraheader' && git config --local --unset-all 'http.https://github.com/.extraheader' || :"
Elixir tests (mix credo + mix test)	UNKNOWN STEP	2026-09-24T03:04:40.1197600Z Removing includeIf entries pointing to credentials config files
Elixir tests (mix credo + mix test)	UNKNOWN STEP	2026-09-24T03:04:40.1206224Z [command]/usr/bin/git config --local --name-only --get-regexp ^includeIf\.gitdir:
Elixir tests (mix credo + mix test)	UNKNOWN STEP	2026-09-24T03:04:40.1262409Z [command]/usr/bin/git submodule foreach --recursive git config --local --show-origin --name-only --get-regexp remote.origin.url
Elixir tests (mix credo + mix test)	UNKNOWN STEP	2026-09-24T03:04:40.1803628Z Cleaning up orphan processes
Elixir tests (mix credo + mix test)	UNKNOWN STEP	2026-09-24T03:04:40.2106311Z Terminate orphan process: pid (5995) (beam.smp)
Elixir tests (mix credo + mix test)	UNKNOWN STEP	2026-09-24T03:04:40.2134243Z Terminate orphan process: pid (6009) (erl_child_setup)
Elixir tests (mix credo + mix test)	UNKNOWN STEP	2026-09-24T03:04:40.2154701Z Terminate orphan process: pid (6032) (sh)
Elixir tests (mix credo + mix test)	UNKNOWN STEP	2026-09-24T03:04:40.2174036Z Terminate orphan process: pid (6034) (memsup)
Elixir tests (mix credo + mix test)	UNKNOWN STEP	2026-09-24T03:04:40.2196940Z Terminate orphan process: pid (6035) (cpu_sup)
Elixir tests (mix credo + mix test)	UNKNOWN STEP	2026-09-24T03:04:40.2219314Z Terminate orphan process: pid (6088) (inet_gethost)
Elixir tests (mix credo + mix test)	UNKNOWN STEP	2026-09-24T03:04:40.2243005Z Terminate orphan process: pid (6089) (inet_gethost)
Elixir tests (mix credo + mix test)	UNKNOWN STEP	2026-09-24T03:04:40.2335018Z Terminate orphan process: pid (15725) (beam.smp)
Elixir tests (mix credo + mix test)	UNKNOWN STEP	2026-09-24T03:04:40.2356425Z Terminate orphan process: pid (15739) (erl_child_setup)
Elixir tests (mix credo + mix test)	UNKNOWN STEP	2026-09-24T03:04:40.2392399Z ##[warning]Node.js 20 is deprecated. The following actions target Node.js 20 but are being forced to run on Node.js 24: actions/cache@0057852bfaa89a56745cba8c7296529d2fc39830. For more information see: https://github.blog/changelog/2025-09-19-deprecation-of-node-20-on-github-actions-runners/
