Elixir tests (mix credo + mix test)	Set up job	﻿2026-09-24T01:55:57.8978664Z Current runner version: '2.337.0'
Elixir tests (mix credo + mix test)	Set up job	2026-09-24T01:55:57.9003036Z ##[group]Runner Image Provisioner
Elixir tests (mix credo + mix test)	Set up job	2026-09-24T01:55:57.9004159Z Hosted Compute Agent
Elixir tests (mix credo + mix test)	Set up job	2026-09-24T01:55:57.9004691Z Version: 20260828.587
Elixir tests (mix credo + mix test)	Set up job	2026-09-24T01:55:57.9005333Z Commit: abac92662cab4cc7352de4f9f9d2e2419aad9c29
Elixir tests (mix credo + mix test)	Set up job	2026-09-24T01:55:57.9006027Z Build Date: 2026-08-28T16:44:25Z
Elixir tests (mix credo + mix test)	Set up job	2026-09-24T01:55:57.9006699Z Worker ID: {aceb6cf6-8bbd-4b15-9b4e-0f66efde3591}
Elixir tests (mix credo + mix test)	Set up job	2026-09-24T01:55:57.9007366Z Azure Region: centralus
Elixir tests (mix credo + mix test)	Set up job	2026-09-24T01:55:57.9007890Z ##[endgroup]
Elixir tests (mix credo + mix test)	Set up job	2026-09-24T01:55:57.9009586Z ##[group]Operating System
Elixir tests (mix credo + mix test)	Set up job	2026-09-24T01:55:57.9010165Z Ubuntu
Elixir tests (mix credo + mix test)	Set up job	2026-09-24T01:55:57.9010699Z 24.04.5
Elixir tests (mix credo + mix test)	Set up job	2026-09-24T01:55:57.9011179Z LTS
Elixir tests (mix credo + mix test)	Set up job	2026-09-24T01:55:57.9011651Z ##[endgroup]
Elixir tests (mix credo + mix test)	Set up job	2026-09-24T01:55:57.9012160Z ##[group]Runner Image
Elixir tests (mix credo + mix test)	Set up job	2026-09-24T01:55:57.9012743Z Image: ubuntu-24.04
Elixir tests (mix credo + mix test)	Set up job	2026-09-24T01:55:57.9013300Z Version: 20260920.314.1
Elixir tests (mix credo + mix test)	Set up job	2026-09-24T01:55:57.9014403Z Included Software: https://github.com/actions/runner-images/blob/ubuntu24/20260920.314/images/ubuntu/Ubuntu2404-Readme.md
Elixir tests (mix credo + mix test)	Set up job	2026-09-24T01:55:57.9015998Z Image Release: https://github.com/actions/runner-images/releases/tag/ubuntu24%2F20260920.314
Elixir tests (mix credo + mix test)	Set up job	2026-09-24T01:55:57.9016884Z ##[endgroup]
Elixir tests (mix credo + mix test)	Set up job	2026-09-24T01:55:57.9017884Z ##[group]GITHUB_TOKEN Permissions
Elixir tests (mix credo + mix test)	Set up job	2026-09-24T01:55:57.9019754Z Contents: read
Elixir tests (mix credo + mix test)	Set up job	2026-09-24T01:55:57.9020332Z Metadata: read
Elixir tests (mix credo + mix test)	Set up job	2026-09-24T01:55:57.9020853Z ##[endgroup]
Elixir tests (mix credo + mix test)	Set up job	2026-09-24T01:55:57.9022826Z Secret source: Actions
Elixir tests (mix credo + mix test)	Set up job	2026-09-24T01:55:57.9023883Z Cache mode: write
Elixir tests (mix credo + mix test)	Set up job	2026-09-24T01:55:57.9024526Z Prepare workflow directory
Elixir tests (mix credo + mix test)	Set up job	2026-09-24T01:55:57.9345275Z Prepare all required actions
Elixir tests (mix credo + mix test)	Set up job	2026-09-24T01:55:57.9392995Z Getting action download info
Elixir tests (mix credo + mix test)	Set up job	2026-09-24T01:55:58.2252454Z Download action repository 'actions/checkout@d23441a48e516b6c34aea4fa41551a30e30af803' (SHA:d23441a48e516b6c34aea4fa41551a30e30af803)
Elixir tests (mix credo + mix test)	Set up job	2026-09-24T01:55:58.3135254Z Download action repository 'erlef/setup-beam@54075bcc5e249e4758d363f27d099f55d843f124' (SHA:54075bcc5e249e4758d363f27d099f55d843f124)
Elixir tests (mix credo + mix test)	Set up job	2026-09-24T01:55:58.6612184Z Download action repository 'actions/cache@0057852bfaa89a56745cba8c7296529d2fc39830' (SHA:0057852bfaa89a56745cba8c7296529d2fc39830)
Elixir tests (mix credo + mix test)	Set up job	2026-09-24T01:55:58.8528690Z Complete job name: Elixir tests (mix credo + mix test)
Elixir tests (mix credo + mix test)	Checkout	﻿2026-09-24T01:55:58.9332556Z ##[group]Run actions/checkout@d23441a48e516b6c34aea4fa41551a30e30af803
Elixir tests (mix credo + mix test)	Checkout	2026-09-24T01:55:58.9333682Z with:
Elixir tests (mix credo + mix test)	Checkout	2026-09-24T01:55:58.9334110Z   persist-credentials: false
Elixir tests (mix credo + mix test)	Checkout	2026-09-24T01:55:58.9334608Z   repository: seanchatmangpt/ggen_igniter
Elixir tests (mix credo + mix test)	Checkout	2026-09-24T01:55:58.9338449Z   token: ***
Elixir tests (mix credo + mix test)	Checkout	2026-09-24T01:55:58.9338828Z   ssh-strict: true
Elixir tests (mix credo + mix test)	Checkout	2026-09-24T01:55:58.9339223Z   ssh-user: git
Elixir tests (mix credo + mix test)	Checkout	2026-09-24T01:55:58.9339604Z   clean: true
Elixir tests (mix credo + mix test)	Checkout	2026-09-24T01:55:58.9340008Z   sparse-checkout-cone-mode: true
Elixir tests (mix credo + mix test)	Checkout	2026-09-24T01:55:58.9340486Z   fetch-depth: 1
Elixir tests (mix credo + mix test)	Checkout	2026-09-24T01:55:58.9340879Z   fetch-tags: false
Elixir tests (mix credo + mix test)	Checkout	2026-09-24T01:55:58.9341282Z   show-progress: true
Elixir tests (mix credo + mix test)	Checkout	2026-09-24T01:55:58.9341681Z   lfs: false
Elixir tests (mix credo + mix test)	Checkout	2026-09-24T01:55:58.9342050Z   submodules: false
Elixir tests (mix credo + mix test)	Checkout	2026-09-24T01:55:58.9342452Z   set-safe-directory: true
Elixir tests (mix credo + mix test)	Checkout	2026-09-24T01:55:58.9342902Z   allow-unsafe-pr-checkout: false
Elixir tests (mix credo + mix test)	Checkout	2026-09-24T01:55:58.9343714Z ##[endgroup]
Elixir tests (mix credo + mix test)	Checkout	2026-09-24T01:55:59.0417311Z Syncing repository: seanchatmangpt/ggen_igniter
Elixir tests (mix credo + mix test)	Checkout	2026-09-24T01:55:59.0420495Z ##[group]Getting Git version info
Elixir tests (mix credo + mix test)	Checkout	2026-09-24T01:55:59.0422030Z Working directory is '/home/runner/work/ggen_igniter/ggen_igniter'
Elixir tests (mix credo + mix test)	Checkout	2026-09-24T01:55:59.0424057Z [command]/usr/bin/git version
Elixir tests (mix credo + mix test)	Checkout	2026-09-24T01:55:59.0456289Z git version 2.55.0
Elixir tests (mix credo + mix test)	Checkout	2026-09-24T01:55:59.0478263Z ##[endgroup]
Elixir tests (mix credo + mix test)	Checkout	2026-09-24T01:55:59.0494863Z Temporarily overriding HOME='/home/runner/work/_temp/2dc67f86-15f2-4983-93f9-93a6f30e28cd' before making global git config changes
Elixir tests (mix credo + mix test)	Checkout	2026-09-24T01:55:59.0497217Z Adding repository directory to the temporary git global config as a safe directory
Elixir tests (mix credo + mix test)	Checkout	2026-09-24T01:55:59.0500599Z [command]/usr/bin/git config --global --add safe.directory /home/runner/work/ggen_igniter/ggen_igniter
Elixir tests (mix credo + mix test)	Checkout	2026-09-24T01:55:59.0552504Z Deleting the contents of '/home/runner/work/ggen_igniter/ggen_igniter'
Elixir tests (mix credo + mix test)	Checkout	2026-09-24T01:55:59.0557757Z ##[group]Determining repository object format
Elixir tests (mix credo + mix test)	Checkout	2026-09-24T01:55:59.0560209Z ##[endgroup]
Elixir tests (mix credo + mix test)	Checkout	2026-09-24T01:55:59.0561518Z ##[group]Initializing the repository
Elixir tests (mix credo + mix test)	Checkout	2026-09-24T01:55:59.0566270Z [command]/usr/bin/git init /home/runner/work/ggen_igniter/ggen_igniter
Elixir tests (mix credo + mix test)	Checkout	2026-09-24T01:55:59.0686274Z hint: Using 'master' as the name for the initial branch. This default branch name
Elixir tests (mix credo + mix test)	Checkout	2026-09-24T01:55:59.0688944Z hint: will change to "main" in Git 3.0. To configure the initial branch name
Elixir tests (mix credo + mix test)	Checkout	2026-09-24T01:55:59.0690189Z hint: to use in all of your new repositories, which will suppress this warning,
Elixir tests (mix credo + mix test)	Checkout	2026-09-24T01:55:59.0690957Z hint: call:
Elixir tests (mix credo + mix test)	Checkout	2026-09-24T01:55:59.0691333Z hint:
Elixir tests (mix credo + mix test)	Checkout	2026-09-24T01:55:59.0692125Z hint: 	git config --global init.defaultBranch <name>
Elixir tests (mix credo + mix test)	Checkout	2026-09-24T01:55:59.0693048Z hint:
Elixir tests (mix credo + mix test)	Checkout	2026-09-24T01:55:59.0693942Z hint: Names commonly chosen instead of 'master' are 'main', 'trunk' and
Elixir tests (mix credo + mix test)	Checkout	2026-09-24T01:55:59.0695452Z hint: 'development'. The just-created branch can be renamed via this command:
Elixir tests (mix credo + mix test)	Checkout	2026-09-24T01:55:59.0696659Z hint:
Elixir tests (mix credo + mix test)	Checkout	2026-09-24T01:55:59.0697164Z hint: 	git branch -m <name>
Elixir tests (mix credo + mix test)	Checkout	2026-09-24T01:55:59.0697617Z hint:
Elixir tests (mix credo + mix test)	Checkout	2026-09-24T01:55:59.0698176Z hint: Disable this message with "git config set advice.defaultBranchName false"
Elixir tests (mix credo + mix test)	Checkout	2026-09-24T01:55:59.0699111Z Initialized empty Git repository in /home/runner/work/ggen_igniter/ggen_igniter/.git/
Elixir tests (mix credo + mix test)	Checkout	2026-09-24T01:55:59.0703747Z [command]/usr/bin/git remote add origin https://github.com/seanchatmangpt/ggen_igniter
Elixir tests (mix credo + mix test)	Checkout	2026-09-24T01:55:59.0749633Z ##[endgroup]
Elixir tests (mix credo + mix test)	Checkout	2026-09-24T01:55:59.0750656Z ##[group]Disabling automatic garbage collection
Elixir tests (mix credo + mix test)	Checkout	2026-09-24T01:55:59.0754501Z [command]/usr/bin/git config --local gc.auto 0
Elixir tests (mix credo + mix test)	Checkout	2026-09-24T01:55:59.0781381Z ##[endgroup]
Elixir tests (mix credo + mix test)	Checkout	2026-09-24T01:55:59.0782900Z ##[group]Setting up auth
Elixir tests (mix credo + mix test)	Checkout	2026-09-24T01:55:59.0783982Z Removing SSH command configuration
Elixir tests (mix credo + mix test)	Checkout	2026-09-24T01:55:59.0791576Z [command]/usr/bin/git config --local --name-only --get-regexp core\.sshCommand
Elixir tests (mix credo + mix test)	Checkout	2026-09-24T01:55:59.0821629Z [command]/usr/bin/git submodule foreach --recursive sh -c "git config --local --name-only --get-regexp 'core\.sshCommand' && git config --local --unset-all 'core.sshCommand' || :"
Elixir tests (mix credo + mix test)	Checkout	2026-09-24T01:55:59.1176570Z Removing HTTP extra header
Elixir tests (mix credo + mix test)	Checkout	2026-09-24T01:55:59.1184989Z [command]/usr/bin/git config --local --name-only --get-regexp http\.https\:\/\/github\.com\/\.extraheader
Elixir tests (mix credo + mix test)	Checkout	2026-09-24T01:55:59.1219008Z [command]/usr/bin/git submodule foreach --recursive sh -c "git config --local --name-only --get-regexp 'http\.https\:\/\/github\.com\/\.extraheader' && git config --local --unset-all 'http.https://github.com/.extraheader' || :"
Elixir tests (mix credo + mix test)	Checkout	2026-09-24T01:55:59.1394854Z Removing includeIf entries pointing to credentials config files
Elixir tests (mix credo + mix test)	Checkout	2026-09-24T01:55:59.1402504Z [command]/usr/bin/git config --local --name-only --get-regexp ^includeIf\.gitdir:
Elixir tests (mix credo + mix test)	Checkout	2026-09-24T01:55:59.1432020Z [command]/usr/bin/git submodule foreach --recursive git config --local --show-origin --name-only --get-regexp remote.origin.url
Elixir tests (mix credo + mix test)	Checkout	2026-09-24T01:55:59.1609120Z [command]/usr/bin/git config --file /home/runner/work/_temp/git-credentials-eb5abc7c-e113-4e4d-90cf-6691791b5771.config http.https://github.com/.extraheader AUTHORIZATION: basic ***
Elixir tests (mix credo + mix test)	Checkout	2026-09-24T01:55:59.1642742Z [command]/usr/bin/git config --local includeIf.gitdir:/home/runner/work/ggen_igniter/ggen_igniter/.git.path /home/runner/work/_temp/git-credentials-eb5abc7c-e113-4e4d-90cf-6691791b5771.config
Elixir tests (mix credo + mix test)	Checkout	2026-09-24T01:55:59.1669323Z [command]/usr/bin/git config --local includeIf.gitdir:/home/runner/work/ggen_igniter/ggen_igniter/.git/worktrees/*.path /home/runner/work/_temp/git-credentials-eb5abc7c-e113-4e4d-90cf-6691791b5771.config
Elixir tests (mix credo + mix test)	Checkout	2026-09-24T01:55:59.1701054Z [command]/usr/bin/git config --local includeIf.gitdir:/github/workspace/.git.path /github/runner_temp/git-credentials-eb5abc7c-e113-4e4d-90cf-6691791b5771.config
Elixir tests (mix credo + mix test)	Checkout	2026-09-24T01:55:59.1730699Z [command]/usr/bin/git config --local includeIf.gitdir:/github/workspace/.git/worktrees/*.path /github/runner_temp/git-credentials-eb5abc7c-e113-4e4d-90cf-6691791b5771.config
Elixir tests (mix credo + mix test)	Checkout	2026-09-24T01:55:59.1760934Z ##[endgroup]
Elixir tests (mix credo + mix test)	Checkout	2026-09-24T01:55:59.1762153Z ##[group]Fetching the repository
Elixir tests (mix credo + mix test)	Checkout	2026-09-24T01:55:59.1770564Z [command]/usr/bin/git -c protocol.version=2 fetch --no-tags --prune --no-recurse-submodules --depth=1 origin +28ecca9a9c45c477ff8159fe395626df07b8d45c:refs/remotes/origin/v23/R2-GI-BLOOM
Elixir tests (mix credo + mix test)	Checkout	2026-09-24T01:56:00.3074422Z From https://github.com/seanchatmangpt/ggen_igniter
Elixir tests (mix credo + mix test)	Checkout	2026-09-24T01:56:00.3075958Z  * [new ref]         28ecca9a9c45c477ff8159fe395626df07b8d45c -> origin/v23/R2-GI-BLOOM
Elixir tests (mix credo + mix test)	Checkout	2026-09-24T01:56:00.3085738Z [command]/usr/bin/git branch --list --remote origin/v23/R2-GI-BLOOM
Elixir tests (mix credo + mix test)	Checkout	2026-09-24T01:56:00.3108456Z   origin/v23/R2-GI-BLOOM
Elixir tests (mix credo + mix test)	Checkout	2026-09-24T01:56:00.3115447Z [command]/usr/bin/git rev-parse refs/remotes/origin/v23/R2-GI-BLOOM
Elixir tests (mix credo + mix test)	Checkout	2026-09-24T01:56:00.3135668Z 28ecca9a9c45c477ff8159fe395626df07b8d45c
Elixir tests (mix credo + mix test)	Checkout	2026-09-24T01:56:00.3139579Z ##[endgroup]
Elixir tests (mix credo + mix test)	Checkout	2026-09-24T01:56:00.3141232Z ##[group]Determining the checkout info
Elixir tests (mix credo + mix test)	Checkout	2026-09-24T01:56:00.3143154Z ##[endgroup]
Elixir tests (mix credo + mix test)	Checkout	2026-09-24T01:56:00.3146418Z [command]/usr/bin/git sparse-checkout disable
Elixir tests (mix credo + mix test)	Checkout	2026-09-24T01:56:00.3188084Z [command]/usr/bin/git config --local --unset-all extensions.worktreeConfig
Elixir tests (mix credo + mix test)	Checkout	2026-09-24T01:56:00.3211203Z ##[group]Checking out the ref
Elixir tests (mix credo + mix test)	Checkout	2026-09-24T01:56:00.3215183Z [command]/usr/bin/git checkout --progress --force -B v23/R2-GI-BLOOM refs/remotes/origin/v23/R2-GI-BLOOM
Elixir tests (mix credo + mix test)	Checkout	2026-09-24T01:56:00.3893856Z Switched to a new branch 'v23/R2-GI-BLOOM'
Elixir tests (mix credo + mix test)	Checkout	2026-09-24T01:56:00.3898848Z branch 'v23/R2-GI-BLOOM' set up to track 'origin/v23/R2-GI-BLOOM'.
Elixir tests (mix credo + mix test)	Checkout	2026-09-24T01:56:00.3909383Z ##[endgroup]
Elixir tests (mix credo + mix test)	Checkout	2026-09-24T01:56:00.3950767Z [command]/usr/bin/git log -1 --format=%H
Elixir tests (mix credo + mix test)	Checkout	2026-09-24T01:56:00.3973204Z 28ecca9a9c45c477ff8159fe395626df07b8d45c
Elixir tests (mix credo + mix test)	Checkout	2026-09-24T01:56:00.3983156Z ##[group]Removing auth
Elixir tests (mix credo + mix test)	Checkout	2026-09-24T01:56:00.3984481Z Removing SSH command configuration
Elixir tests (mix credo + mix test)	Checkout	2026-09-24T01:56:00.3988336Z [command]/usr/bin/git config --local --name-only --get-regexp core\.sshCommand
Elixir tests (mix credo + mix test)	Checkout	2026-09-24T01:56:00.4018950Z [command]/usr/bin/git submodule foreach --recursive sh -c "git config --local --name-only --get-regexp 'core\.sshCommand' && git config --local --unset-all 'core.sshCommand' || :"
Elixir tests (mix credo + mix test)	Checkout	2026-09-24T01:56:00.4201897Z Removing HTTP extra header
Elixir tests (mix credo + mix test)	Checkout	2026-09-24T01:56:00.4207308Z [command]/usr/bin/git config --local --name-only --get-regexp http\.https\:\/\/github\.com\/\.extraheader
Elixir tests (mix credo + mix test)	Checkout	2026-09-24T01:56:00.4239302Z [command]/usr/bin/git submodule foreach --recursive sh -c "git config --local --name-only --get-regexp 'http\.https\:\/\/github\.com\/\.extraheader' && git config --local --unset-all 'http.https://github.com/.extraheader' || :"
Elixir tests (mix credo + mix test)	Checkout	2026-09-24T01:56:00.4423979Z Removing includeIf entries pointing to credentials config files
Elixir tests (mix credo + mix test)	Checkout	2026-09-24T01:56:00.4427762Z [command]/usr/bin/git config --local --name-only --get-regexp ^includeIf\.gitdir:
Elixir tests (mix credo + mix test)	Checkout	2026-09-24T01:56:00.4453777Z includeif.gitdir:/home/runner/work/ggen_igniter/ggen_igniter/.git.path
Elixir tests (mix credo + mix test)	Checkout	2026-09-24T01:56:00.4456613Z includeif.gitdir:/home/runner/work/ggen_igniter/ggen_igniter/.git/worktrees/*.path
Elixir tests (mix credo + mix test)	Checkout	2026-09-24T01:56:00.4459235Z includeif.gitdir:/github/workspace/.git.path
Elixir tests (mix credo + mix test)	Checkout	2026-09-24T01:56:00.4461135Z includeif.gitdir:/github/workspace/.git/worktrees/*.path
Elixir tests (mix credo + mix test)	Checkout	2026-09-24T01:56:00.4466640Z [command]/usr/bin/git config --local --get-all includeif.gitdir:/home/runner/work/ggen_igniter/ggen_igniter/.git.path
Elixir tests (mix credo + mix test)	Checkout	2026-09-24T01:56:00.4488379Z /home/runner/work/_temp/git-credentials-eb5abc7c-e113-4e4d-90cf-6691791b5771.config
Elixir tests (mix credo + mix test)	Checkout	2026-09-24T01:56:00.4501150Z [command]/usr/bin/git config --local --unset includeif.gitdir:/home/runner/work/ggen_igniter/ggen_igniter/.git.path /home/runner/work/_temp/git-credentials-eb5abc7c-e113-4e4d-90cf-6691791b5771.config
Elixir tests (mix credo + mix test)	Checkout	2026-09-24T01:56:00.4533097Z [command]/usr/bin/git config --local --get-all includeif.gitdir:/home/runner/work/ggen_igniter/ggen_igniter/.git/worktrees/*.path
Elixir tests (mix credo + mix test)	Checkout	2026-09-24T01:56:00.4551673Z /home/runner/work/_temp/git-credentials-eb5abc7c-e113-4e4d-90cf-6691791b5771.config
Elixir tests (mix credo + mix test)	Checkout	2026-09-24T01:56:00.4560414Z [command]/usr/bin/git config --local --unset includeif.gitdir:/home/runner/work/ggen_igniter/ggen_igniter/.git/worktrees/*.path /home/runner/work/_temp/git-credentials-eb5abc7c-e113-4e4d-90cf-6691791b5771.config
Elixir tests (mix credo + mix test)	Checkout	2026-09-24T01:56:00.4598595Z [command]/usr/bin/git config --local --get-all includeif.gitdir:/github/workspace/.git.path
Elixir tests (mix credo + mix test)	Checkout	2026-09-24T01:56:00.4631479Z /github/runner_temp/git-credentials-eb5abc7c-e113-4e4d-90cf-6691791b5771.config
Elixir tests (mix credo + mix test)	Checkout	2026-09-24T01:56:00.4635627Z [command]/usr/bin/git config --local --unset includeif.gitdir:/github/workspace/.git.path /github/runner_temp/git-credentials-eb5abc7c-e113-4e4d-90cf-6691791b5771.config
Elixir tests (mix credo + mix test)	Checkout	2026-09-24T01:56:00.4662581Z [command]/usr/bin/git config --local --get-all includeif.gitdir:/github/workspace/.git/worktrees/*.path
Elixir tests (mix credo + mix test)	Checkout	2026-09-24T01:56:00.4682288Z /github/runner_temp/git-credentials-eb5abc7c-e113-4e4d-90cf-6691791b5771.config
Elixir tests (mix credo + mix test)	Checkout	2026-09-24T01:56:00.4690092Z [command]/usr/bin/git config --local --unset includeif.gitdir:/github/workspace/.git/worktrees/*.path /github/runner_temp/git-credentials-eb5abc7c-e113-4e4d-90cf-6691791b5771.config
Elixir tests (mix credo + mix test)	Checkout	2026-09-24T01:56:00.4720962Z [command]/usr/bin/git submodule foreach --recursive git config --local --show-origin --name-only --get-regexp remote.origin.url
Elixir tests (mix credo + mix test)	Checkout	2026-09-24T01:56:00.4897501Z Removing credentials config '/home/runner/work/_temp/git-credentials-eb5abc7c-e113-4e4d-90cf-6691791b5771.config'
Elixir tests (mix credo + mix test)	Checkout	2026-09-24T01:56:00.4905731Z ##[endgroup]
Elixir tests (mix credo + mix test)	Clone ex4pm fixture repo (full history, not shallow -- see comment)	﻿2026-09-24T01:56:00.5106318Z ##[group]Run set -euo pipefail
Elixir tests (mix credo + mix test)	Clone ex4pm fixture repo (full history, not shallow -- see comment)	2026-09-24T01:56:00.5107171Z ^[[36;1mset -euo pipefail^[[0m
Elixir tests (mix credo + mix test)	Clone ex4pm fixture repo (full history, not shallow -- see comment)	2026-09-24T01:56:00.5108312Z ^[[36;1mgit clone --quiet https://github.com/seanchatmangpt/ex4pm.git "$HOME/ex4pm"^[[0m
Elixir tests (mix credo + mix test)	Clone ex4pm fixture repo (full history, not shallow -- see comment)	2026-09-24T01:56:00.5109652Z ^[[36;1mgit -C "$HOME/ex4pm" cat-file -e 725f495^ && \^[[0m
Elixir tests (mix credo + mix test)	Clone ex4pm fixture repo (full history, not shallow -- see comment)	2026-09-24T01:56:00.5110776Z ^[[36;1m  echo "confirmed: 725f495^ reachable in $HOME/ex4pm history"^[[0m
Elixir tests (mix credo + mix test)	Clone ex4pm fixture repo (full history, not shallow -- see comment)	2026-09-24T01:56:00.5316308Z shell: /usr/bin/bash --noprofile --norc -e -o pipefail {0}
Elixir tests (mix credo + mix test)	Clone ex4pm fixture repo (full history, not shallow -- see comment)	2026-09-24T01:56:00.5317393Z ##[endgroup]
Elixir tests (mix credo + mix test)	Clone ex4pm fixture repo (full history, not shallow -- see comment)	2026-09-24T01:56:01.6646490Z confirmed: 725f495^ reachable in /home/runner/ex4pm history
Elixir tests (mix credo + mix test)	Install ggen (pinned release, checksum-verified)	﻿2026-09-24T01:56:01.6690814Z ##[group]Run set -euo pipefail
Elixir tests (mix credo + mix test)	Install ggen (pinned release, checksum-verified)	2026-09-24T01:56:01.6691233Z ^[[36;1mset -euo pipefail^[[0m
Elixir tests (mix credo + mix test)	Install ggen (pinned release, checksum-verified)	2026-09-24T01:56:01.6691542Z ^[[36;1mmkdir -p "$HOME/.local/bin"^[[0m
Elixir tests (mix credo + mix test)	Install ggen (pinned release, checksum-verified)	2026-09-24T01:56:01.6691958Z ^[[36;1marchive="$RUNNER_TEMP/ggen-x86_64-unknown-linux-gnu.tar.gz"^[[0m
Elixir tests (mix credo + mix test)	Install ggen (pinned release, checksum-verified)	2026-09-24T01:56:01.6692461Z ^[[36;1mcurl --fail --location --silent --show-error --retry 3 \^[[0m
Elixir tests (mix credo + mix test)	Install ggen (pinned release, checksum-verified)	2026-09-24T01:56:01.6692864Z ^[[36;1m  --proto '=https' --tlsv1.2 \^[[0m
Elixir tests (mix credo + mix test)	Install ggen (pinned release, checksum-verified)	2026-09-24T01:56:01.6693181Z ^[[36;1m  -o "$archive" \^[[0m
Elixir tests (mix credo + mix test)	Install ggen (pinned release, checksum-verified)	2026-09-24T01:56:01.6694169Z ^[[36;1m  https://github.com/seanchatmangpt/ggen/releases/download/v26.8.28/ggen-x86_64-unknown-linux-gnu.tar.gz^[[0m
Elixir tests (mix credo + mix test)	Install ggen (pinned release, checksum-verified)	2026-09-24T01:56:01.6695195Z ^[[36;1mecho 'ccb9fe78ef0c84d8b240b45beb6e73f47e2c930d5db3efcf9a0e58dfe071d313  '"$archive" | sha256sum --check --strict^[[0m
Elixir tests (mix credo + mix test)	Install ggen (pinned release, checksum-verified)	2026-09-24T01:56:01.6695838Z ^[[36;1mtar -xzf "$archive" -C "$HOME/.local/bin" ggen^[[0m
Elixir tests (mix credo + mix test)	Install ggen (pinned release, checksum-verified)	2026-09-24T01:56:01.6696207Z ^[[36;1mchmod +x "$HOME/.local/bin/ggen"^[[0m
Elixir tests (mix credo + mix test)	Install ggen (pinned release, checksum-verified)	2026-09-24T01:56:01.6696557Z ^[[36;1mecho "$HOME/.local/bin" >> "$GITHUB_PATH"^[[0m
Elixir tests (mix credo + mix test)	Install ggen (pinned release, checksum-verified)	2026-09-24T01:56:01.6738110Z shell: /usr/bin/bash --noprofile --norc -e -o pipefail {0}
Elixir tests (mix credo + mix test)	Install ggen (pinned release, checksum-verified)	2026-09-24T01:56:01.6738523Z ##[endgroup]
Elixir tests (mix credo + mix test)	Install ggen (pinned release, checksum-verified)	2026-09-24T01:56:02.2990325Z /home/runner/work/_temp/ggen-x86_64-unknown-linux-gnu.tar.gz: OK
Elixir tests (mix credo + mix test)	Set up Erlang/OTP + Elixir + rebar3	﻿2026-09-24T01:56:02.5264911Z ##[group]Run erlef/setup-beam@54075bcc5e249e4758d363f27d099f55d843f124
Elixir tests (mix credo + mix test)	Set up Erlang/OTP + Elixir + rebar3	2026-09-24T01:56:02.5265305Z with:
Elixir tests (mix credo + mix test)	Set up Erlang/OTP + Elixir + rebar3	2026-09-24T01:56:02.5265524Z   elixir-version: 1.18.4
Elixir tests (mix credo + mix test)	Set up Erlang/OTP + Elixir + rebar3	2026-09-24T01:56:02.5265755Z   otp-version: 27.2.4
Elixir tests (mix credo + mix test)	Set up Erlang/OTP + Elixir + rebar3	2026-09-24T01:56:02.5265979Z   rebar3-version: 3.24.0
Elixir tests (mix credo + mix test)	Set up Erlang/OTP + Elixir + rebar3	2026-09-24T01:56:02.5268673Z   github-token: ***
Elixir tests (mix credo + mix test)	Set up Erlang/OTP + Elixir + rebar3	2026-09-24T01:56:02.5268906Z   otp-architecture: 64
Elixir tests (mix credo + mix test)	Set up Erlang/OTP + Elixir + rebar3	2026-09-24T01:56:02.5269131Z   install-hex: true
Elixir tests (mix credo + mix test)	Set up Erlang/OTP + Elixir + rebar3	2026-09-24T01:56:02.5269337Z   install-rebar: true
Elixir tests (mix credo + mix test)	Set up Erlang/OTP + Elixir + rebar3	2026-09-24T01:56:02.5269546Z   version-type: loose
Elixir tests (mix credo + mix test)	Set up Erlang/OTP + Elixir + rebar3	2026-09-24T01:56:02.5269769Z   disable_problem_matchers: false
Elixir tests (mix credo + mix test)	Set up Erlang/OTP + Elixir + rebar3	2026-09-24T01:56:02.5270041Z   hexpm-mirrors: https://builds.hex.pm
Elixir tests (mix credo + mix test)	Set up Erlang/OTP + Elixir + rebar3	
Elixir tests (mix credo + mix test)	Set up Erlang/OTP + Elixir + rebar3	2026-09-24T01:56:02.5270345Z ##[endgroup]
Elixir tests (mix credo + mix test)	Set up Erlang/OTP + Elixir + rebar3	2026-09-24T01:56:02.8696684Z ##[group]Installing Erlang/OTP OTP-27.2.4 - built on amd64/ubuntu-24.04
Elixir tests (mix credo + mix test)	Set up Erlang/OTP + Elixir + rebar3	2026-09-24T01:56:03.3389761Z [command]/usr/bin/tar zx --strip-components=1 --warning=no-unknown-keyword --overwrite -C /home/runner/work/_temp/b909fa92-f727-46c0-af5b-f74fc082ec11 -f /home/runner/work/_temp/bb76ef73-8045-45c3-8183-de8cb51661c2
Elixir tests (mix credo + mix test)	Set up Erlang/OTP + Elixir + rebar3	2026-09-24T01:56:05.4431752Z [command]/home/runner/work/_temp/.setup-beam/otp/Install -minimal /home/runner/work/_temp/.setup-beam/otp
Elixir tests (mix credo + mix test)	Set up Erlang/OTP + Elixir + rebar3	2026-09-24T01:56:05.4678367Z Installed Erlang/OTP version
Elixir tests (mix credo + mix test)	Set up Erlang/OTP + Elixir + rebar3	2026-09-24T01:56:05.4695007Z [command]/home/runner/work/_temp/.setup-beam/otp/bin/erl -version
Elixir tests (mix credo + mix test)	Set up Erlang/OTP + Elixir + rebar3	2026-09-24T01:56:05.4788495Z Erlang (SMP,ASYNC_THREADS) (BEAM) emulator version 15.2.2
Elixir tests (mix credo + mix test)	Set up Erlang/OTP + Elixir + rebar3	2026-09-24T01:56:05.4826233Z ##[endgroup]
Elixir tests (mix credo + mix test)	Set up Erlang/OTP + Elixir + rebar3	2026-09-24T01:56:05.4826979Z [command]/home/runner/work/_temp/.setup-beam/otp/bin/erl -noshell -eval io:format(erlang:system_info(otp_release)), halt().
Elixir tests (mix credo + mix test)	Set up Erlang/OTP + Elixir + rebar3	2026-09-24T01:56:05.6633129Z 27::debug::Was not able to coerce latest with semver
Elixir tests (mix credo + mix test)	Set up Erlang/OTP + Elixir + rebar3	2026-09-24T01:56:05.6648578Z Using Elixir 1.18.4 (built for Erlang/OTP 27)
Elixir tests (mix credo + mix test)	Set up Erlang/OTP + Elixir + rebar3	2026-09-24T01:56:05.6649523Z ##[group]Installing Elixir v1.18.4-otp-27
Elixir tests (mix credo + mix test)	Set up Erlang/OTP + Elixir + rebar3	2026-09-24T01:56:05.8326444Z [command]/usr/bin/unzip -o -q /home/runner/work/_temp/132c29e3-9b1c-4282-838a-90ce431f6523
Elixir tests (mix credo + mix test)	Set up Erlang/OTP + Elixir + rebar3	2026-09-24T01:56:06.1661571Z Installed Elixir version
Elixir tests (mix credo + mix test)	Set up Erlang/OTP + Elixir + rebar3	2026-09-24T01:56:06.1680118Z [command]/home/runner/work/_temp/.setup-beam/elixir/bin/elixir -v
Elixir tests (mix credo + mix test)	Set up Erlang/OTP + Elixir + rebar3	2026-09-24T01:56:06.3670753Z Erlang/OTP 27 [erts-15.2.2] [source] [64-bit] [smp:4:4] [ds:4:4:10] [async-threads:1] [jit:ns]
Elixir tests (mix credo + mix test)	Set up Erlang/OTP + Elixir + rebar3	2026-09-24T01:56:06.3677171Z 
Elixir tests (mix credo + mix test)	Set up Erlang/OTP + Elixir + rebar3	2026-09-24T01:56:06.3723826Z Elixir 1.18.4 (compiled with Erlang/OTP 27)
Elixir tests (mix credo + mix test)	Set up Erlang/OTP + Elixir + rebar3	2026-09-24T01:56:06.3767072Z ##[endgroup]
Elixir tests (mix credo + mix test)	Set up Erlang/OTP + Elixir + rebar3	2026-09-24T01:56:06.3767757Z ##[group]Running mix local.rebar,--force
Elixir tests (mix credo + mix test)	Set up Erlang/OTP + Elixir + rebar3	2026-09-24T01:56:06.3768691Z [command]/home/runner/work/_temp/.setup-beam/elixir/bin/mix local.rebar --force
Elixir tests (mix credo + mix test)	Set up Erlang/OTP + Elixir + rebar3	2026-09-24T01:56:07.2563644Z * creating /home/runner/.mix/elixir/1-18-otp-27/rebar3
Elixir tests (mix credo + mix test)	Set up Erlang/OTP + Elixir + rebar3	2026-09-24T01:56:07.2617259Z ##[endgroup]
Elixir tests (mix credo + mix test)	Set up Erlang/OTP + Elixir + rebar3	2026-09-24T01:56:07.2617988Z ##[group]Running mix local.hex,--force
Elixir tests (mix credo + mix test)	Set up Erlang/OTP + Elixir + rebar3	2026-09-24T01:56:07.2631882Z [command]/home/runner/work/_temp/.setup-beam/elixir/bin/mix local.hex --force
Elixir tests (mix credo + mix test)	Set up Erlang/OTP + Elixir + rebar3	2026-09-24T01:56:08.1082166Z * creating /home/runner/.mix/archives/hex-2.5.1
Elixir tests (mix credo + mix test)	Set up Erlang/OTP + Elixir + rebar3	2026-09-24T01:56:08.1149932Z ##[endgroup]
Elixir tests (mix credo + mix test)	Set up Erlang/OTP + Elixir + rebar3	2026-09-24T01:56:08.7255980Z ##[group]Installing rebar3 3.24.0
Elixir tests (mix credo + mix test)	Set up Erlang/OTP + Elixir + rebar3	2026-09-24T01:56:09.0204119Z Installed Rebar3 version
Elixir tests (mix credo + mix test)	Set up Erlang/OTP + Elixir + rebar3	2026-09-24T01:56:09.0220423Z [command]/home/runner/work/_temp/.setup-beam/rebar3/bin/rebar3 version
Elixir tests (mix credo + mix test)	Set up Erlang/OTP + Elixir + rebar3	2026-09-24T01:56:09.3008612Z rebar 3.24.0 on Erlang/OTP 27 Erts 15.2.2
Elixir tests (mix credo + mix test)	Set up Erlang/OTP + Elixir + rebar3	2026-09-24T01:56:09.3036389Z ##[endgroup]
Elixir tests (mix credo + mix test)	Cache mix dependencies	﻿2026-09-24T01:56:09.3791938Z ##[group]Run actions/cache@0057852bfaa89a56745cba8c7296529d2fc39830
Elixir tests (mix credo + mix test)	Cache mix dependencies	2026-09-24T01:56:09.3792328Z with:
Elixir tests (mix credo + mix test)	Cache mix dependencies	2026-09-24T01:56:09.3792682Z   restore-keys: Linux-mix-deps-27.2.4-1.18.4-
Elixir tests (mix credo + mix test)	Cache mix dependencies	Linux-mix-deps-27.2.4-
Elixir tests (mix credo + mix test)	Cache mix dependencies	Linux-mix-deps-
Elixir tests (mix credo + mix test)	Cache mix dependencies	
Elixir tests (mix credo + mix test)	Cache mix dependencies	2026-09-24T01:56:09.3793301Z   key: Linux-mix-deps-27.2.4-1.18.4-fbfa9fca4422c9b0b149af177cd4b563cf6f8740c95a911f9e5754e35d32a73d
Elixir tests (mix credo + mix test)	Cache mix dependencies	2026-09-24T01:56:09.3794065Z   path: deps
Elixir tests (mix credo + mix test)	Cache mix dependencies	~/.hex
Elixir tests (mix credo + mix test)	Cache mix dependencies	~/.mix
Elixir tests (mix credo + mix test)	Cache mix dependencies	
Elixir tests (mix credo + mix test)	Cache mix dependencies	2026-09-24T01:56:09.3794315Z   enableCrossOsArchive: false
Elixir tests (mix credo + mix test)	Cache mix dependencies	2026-09-24T01:56:09.3794563Z   fail-on-cache-miss: false
Elixir tests (mix credo + mix test)	Cache mix dependencies	2026-09-24T01:56:09.3794798Z   lookup-only: false
Elixir tests (mix credo + mix test)	Cache mix dependencies	2026-09-24T01:56:09.3795010Z   save-always: false
Elixir tests (mix credo + mix test)	Cache mix dependencies	2026-09-24T01:56:09.3795211Z env:
Elixir tests (mix credo + mix test)	Cache mix dependencies	2026-09-24T01:56:09.3795487Z   INSTALL_DIR_FOR_OTP: /home/runner/work/_temp/.setup-beam/otp
Elixir tests (mix credo + mix test)	Cache mix dependencies	2026-09-24T01:56:09.3795905Z   INSTALL_DIR_FOR_ELIXIR: /home/runner/work/_temp/.setup-beam/elixir
Elixir tests (mix credo + mix test)	Cache mix dependencies	2026-09-24T01:56:09.3796312Z   INSTALL_DIR_FOR_REBAR3: /home/runner/work/_temp/.setup-beam/rebar3
Elixir tests (mix credo + mix test)	Cache mix dependencies	2026-09-24T01:56:09.3796646Z ##[endgroup]
Elixir tests (mix credo + mix test)	Cache mix dependencies	2026-09-24T01:56:09.4834930Z (node:2543) [DEP0040] DeprecationWarning: The `punycode` module is deprecated. Please use a userland alternative instead.
Elixir tests (mix credo + mix test)	Cache mix dependencies	2026-09-24T01:56:09.4836222Z (Use `node --trace-deprecation ...` to show where the warning was created)
Elixir tests (mix credo + mix test)	Cache mix dependencies	2026-09-24T01:56:09.6093777Z Cache not found for input keys: Linux-mix-deps-27.2.4-1.18.4-fbfa9fca4422c9b0b149af177cd4b563cf6f8740c95a911f9e5754e35d32a73d, Linux-mix-deps-27.2.4-1.18.4-, Linux-mix-deps-27.2.4-, Linux-mix-deps-
Elixir tests (mix credo + mix test)	Cache exact compiled build	﻿2026-09-24T01:56:09.7464196Z ##[group]Run actions/cache@0057852bfaa89a56745cba8c7296529d2fc39830
Elixir tests (mix credo + mix test)	Cache exact compiled build	2026-09-24T01:56:09.7464596Z with:
Elixir tests (mix credo + mix test)	Cache exact compiled build	2026-09-24T01:56:09.7465018Z   key: Linux-mix-build-27.2.4-1.18.4-c90adab6931fd88e0acd756512e5ac346c417f38c9a0cc3024cdf47a44ca4a9c
Elixir tests (mix credo + mix test)	Cache exact compiled build	2026-09-24T01:56:09.7465493Z   path: _build
Elixir tests (mix credo + mix test)	Cache exact compiled build	2026-09-24T01:56:09.7465872Z   enableCrossOsArchive: false
Elixir tests (mix credo + mix test)	Cache exact compiled build	2026-09-24T01:56:09.7466129Z   fail-on-cache-miss: false
Elixir tests (mix credo + mix test)	Cache exact compiled build	2026-09-24T01:56:09.7466364Z   lookup-only: false
Elixir tests (mix credo + mix test)	Cache exact compiled build	2026-09-24T01:56:09.7466586Z   save-always: false
Elixir tests (mix credo + mix test)	Cache exact compiled build	2026-09-24T01:56:09.7466793Z env:
Elixir tests (mix credo + mix test)	Cache exact compiled build	2026-09-24T01:56:09.7467057Z   INSTALL_DIR_FOR_OTP: /home/runner/work/_temp/.setup-beam/otp
Elixir tests (mix credo + mix test)	Cache exact compiled build	2026-09-24T01:56:09.7467464Z   INSTALL_DIR_FOR_ELIXIR: /home/runner/work/_temp/.setup-beam/elixir
Elixir tests (mix credo + mix test)	Cache exact compiled build	2026-09-24T01:56:09.7467873Z   INSTALL_DIR_FOR_REBAR3: /home/runner/work/_temp/.setup-beam/rebar3
Elixir tests (mix credo + mix test)	Cache exact compiled build	2026-09-24T01:56:09.7468207Z ##[endgroup]
Elixir tests (mix credo + mix test)	Cache exact compiled build	2026-09-24T01:56:09.8491007Z (node:2567) [DEP0040] DeprecationWarning: The `punycode` module is deprecated. Please use a userland alternative instead.
Elixir tests (mix credo + mix test)	Cache exact compiled build	2026-09-24T01:56:09.8491822Z (Use `node --trace-deprecation ...` to show where the warning was created)
Elixir tests (mix credo + mix test)	Cache exact compiled build	2026-09-24T01:56:09.9748079Z Cache not found for input keys: Linux-mix-build-27.2.4-1.18.4-c90adab6931fd88e0acd756512e5ac346c417f38c9a0cc3024cdf47a44ca4a9c
Elixir tests (mix credo + mix test)	Cache NIF cargo target	﻿2026-09-24T01:56:10.0351845Z ##[group]Run actions/cache@0057852bfaa89a56745cba8c7296529d2fc39830
Elixir tests (mix credo + mix test)	Cache NIF cargo target	2026-09-24T01:56:10.0352243Z with:
Elixir tests (mix credo + mix test)	Cache NIF cargo target	2026-09-24T01:56:10.0352652Z   key: Linux-nif-target-27.2.4-1.18.4-6e7b78f1038f4a17b73c21a2f33ae5c57ec8fe127b7b8f400f6cf9df2c1a7677
Elixir tests (mix credo + mix test)	Cache NIF cargo target	2026-09-24T01:56:10.0353126Z   path: native/ggen_graph_nif/target
Elixir tests (mix credo + mix test)	Cache NIF cargo target	2026-09-24T01:56:10.0353575Z   enableCrossOsArchive: false
Elixir tests (mix credo + mix test)	Cache NIF cargo target	2026-09-24T01:56:10.0353910Z   fail-on-cache-miss: false
Elixir tests (mix credo + mix test)	Cache NIF cargo target	2026-09-24T01:56:10.0354144Z   lookup-only: false
Elixir tests (mix credo + mix test)	Cache NIF cargo target	2026-09-24T01:56:10.0354351Z   save-always: false
Elixir tests (mix credo + mix test)	Cache NIF cargo target	2026-09-24T01:56:10.0354558Z env:
Elixir tests (mix credo + mix test)	Cache NIF cargo target	2026-09-24T01:56:10.0354811Z   INSTALL_DIR_FOR_OTP: /home/runner/work/_temp/.setup-beam/otp
Elixir tests (mix credo + mix test)	Cache NIF cargo target	2026-09-24T01:56:10.0355217Z   INSTALL_DIR_FOR_ELIXIR: /home/runner/work/_temp/.setup-beam/elixir
Elixir tests (mix credo + mix test)	Cache NIF cargo target	2026-09-24T01:56:10.0355629Z   INSTALL_DIR_FOR_REBAR3: /home/runner/work/_temp/.setup-beam/rebar3
Elixir tests (mix credo + mix test)	Cache NIF cargo target	2026-09-24T01:56:10.0355950Z ##[endgroup]
Elixir tests (mix credo + mix test)	Cache NIF cargo target	2026-09-24T01:56:10.1404464Z (node:2591) [DEP0040] DeprecationWarning: The `punycode` module is deprecated. Please use a userland alternative instead.
Elixir tests (mix credo + mix test)	Cache NIF cargo target	2026-09-24T01:56:10.1405323Z (Use `node --trace-deprecation ...` to show where the warning was created)
Elixir tests (mix credo + mix test)	Cache NIF cargo target	2026-09-24T01:56:10.2894060Z Cache not found for input keys: Linux-nif-target-27.2.4-1.18.4-6e7b78f1038f4a17b73c21a2f33ae5c57ec8fe127b7b8f400f6cf9df2c1a7677
Elixir tests (mix credo + mix test)	mix deps.get	﻿2026-09-24T01:56:10.2971794Z ##[group]Run mix deps.get
Elixir tests (mix credo + mix test)	mix deps.get	2026-09-24T01:56:10.2972092Z ^[[36;1mmix deps.get^[[0m
Elixir tests (mix credo + mix test)	mix deps.get	2026-09-24T01:56:10.3009772Z shell: /usr/bin/bash --noprofile --norc -e -o pipefail {0}
Elixir tests (mix credo + mix test)	mix deps.get	2026-09-24T01:56:10.3010113Z env:
Elixir tests (mix credo + mix test)	mix deps.get	2026-09-24T01:56:10.3010381Z   INSTALL_DIR_FOR_OTP: /home/runner/work/_temp/.setup-beam/otp
Elixir tests (mix credo + mix test)	mix deps.get	2026-09-24T01:56:10.3010788Z   INSTALL_DIR_FOR_ELIXIR: /home/runner/work/_temp/.setup-beam/elixir
Elixir tests (mix credo + mix test)	mix deps.get	2026-09-24T01:56:10.3011209Z   INSTALL_DIR_FOR_REBAR3: /home/runner/work/_temp/.setup-beam/rebar3
Elixir tests (mix credo + mix test)	mix deps.get	2026-09-24T01:56:10.3011532Z ##[endgroup]
Elixir tests (mix credo + mix test)	mix deps.get	2026-09-24T01:56:11.5950908Z Resolving Hex dependencies...
Elixir tests (mix credo + mix test)	mix deps.get	2026-09-24T01:56:12.3305332Z Resolution completed in 0.731s
Elixir tests (mix credo + mix test)	mix deps.get	2026-09-24T01:56:12.5030852Z Unchanged:
Elixir tests (mix credo + mix test)	mix deps.get	2026-09-24T01:56:12.5031276Z   a2a 0.2.0
Elixir tests (mix credo + mix test)	mix deps.get	2026-09-24T01:56:12.5046594Z   abnf_parsec 2.1.0
Elixir tests (mix credo + mix test)	mix deps.get	2026-09-24T01:56:12.5047019Z   ash 3.33.1 VULNERABLE!
Elixir tests (mix credo + mix test)	mix deps.get	2026-09-24T01:56:12.5047428Z     EEF-CVE-2026-86338 (MEDIUM)
Elixir tests (mix credo + mix test)	mix deps.get	2026-09-24T01:56:12.5047861Z     aka: CVE-2026-86338, GHSA-7qr8-wrvq-566q
Elixir tests (mix credo + mix test)	mix deps.get	2026-09-24T01:56:12.5048766Z     Ash field policies do not filter-nil forbidden calculations and aggregates, enabling an information-disclosure oracle
Elixir tests (mix credo + mix test)	mix deps.get	2026-09-24T01:56:12.5049798Z     https://osv.dev/vulnerability/EEF-CVE-2026-86338
Elixir tests (mix credo + mix test)	mix deps.get	2026-09-24T01:56:12.5050293Z   ash_a2a 26.9.17
Elixir tests (mix credo + mix test)	mix deps.get	2026-09-24T01:56:12.5050617Z   ash_ai 1.0.3
Elixir tests (mix credo + mix test)	mix deps.get	2026-09-24T01:56:12.5050953Z   ash_json_api 1.7.1
Elixir tests (mix credo + mix test)	mix deps.get	2026-09-24T01:56:12.5051289Z   ash_oban 0.8.14
Elixir tests (mix credo + mix test)	mix deps.get	2026-09-24T01:56:12.5051651Z   ash_postgres 2.13.1
Elixir tests (mix credo + mix test)	mix deps.get	2026-09-24T01:56:12.5051992Z   ash_r2rml 26.9.12
Elixir tests (mix credo + mix test)	mix deps.get	2026-09-24T01:56:12.5052311Z   ash_sql 0.7.3
Elixir tests (mix credo + mix test)	mix deps.get	2026-09-24T01:56:12.5053013Z   ash_state_machine 0.2.13
Elixir tests (mix credo + mix test)	mix deps.get	2026-09-24T01:56:12.5053939Z   bandit 1.12.5
Elixir tests (mix credo + mix test)	mix deps.get	2026-09-24T01:56:12.5054261Z   bunt 1.0.0
Elixir tests (mix credo + mix test)	mix deps.get	2026-09-24T01:56:12.5054582Z   cc_precompiler 0.1.11
Elixir tests (mix credo + mix test)	mix deps.get	2026-09-24T01:56:12.5054951Z   content_type 0.1.0
Elixir tests (mix credo + mix test)	mix deps.get	2026-09-24T01:56:12.5055630Z   conv_case 0.2.3
Elixir tests (mix credo + mix test)	mix deps.get	2026-09-24T01:56:12.5055955Z   credo 1.7.19
Elixir tests (mix credo + mix test)	mix deps.get	2026-09-24T01:56:12.5056263Z   crux 0.1.4
Elixir tests (mix credo + mix test)	mix deps.get	2026-09-24T01:56:12.5056599Z   db_connection 2.10.2
Elixir tests (mix credo + mix test)	mix deps.get	2026-09-24T01:56:12.5056938Z   dcat 0.1.1
Elixir tests (mix credo + mix test)	mix deps.get	2026-09-24T01:56:12.5057237Z   dcatr 0.1.0
Elixir tests (mix credo + mix test)	mix deps.get	2026-09-24T01:56:12.5057551Z   decimal 3.1.1
Elixir tests (mix credo + mix test)	mix deps.get	2026-09-24T01:56:12.5057868Z   dialyxir 1.4.7
Elixir tests (mix credo + mix test)	mix deps.get	2026-09-24T01:56:12.5058193Z   dotenvy 1.2.1
Elixir tests (mix credo + mix test)	mix deps.get	2026-09-24T01:56:12.5058528Z   durable_server 0.1.5
Elixir tests (mix credo + mix test)	mix deps.get	2026-09-24T01:56:12.5058884Z   earmark_parser 1.4.46
Elixir tests (mix credo + mix test)	mix deps.get	2026-09-24T01:56:12.5059227Z   ecto 3.14.2
Elixir tests (mix credo + mix test)	mix deps.get	2026-09-24T01:56:12.5059535Z   ecto_sql 3.14.0
Elixir tests (mix credo + mix test)	mix deps.get	2026-09-24T01:56:12.5059854Z   ekv 0.4.3
Elixir tests (mix credo + mix test)	mix deps.get	2026-09-24T01:56:12.5060154Z   elixir_make 0.10.0
Elixir tests (mix credo + mix test)	mix deps.get	2026-09-24T01:56:12.5060487Z   erlex 0.2.9
Elixir tests (mix credo + mix test)	mix deps.get	2026-09-24T01:56:12.5060795Z   ets 0.9.0
Elixir tests (mix credo + mix test)	mix deps.get	2026-09-24T01:56:12.5061091Z   ex_ast 0.13.1
Elixir tests (mix credo + mix test)	mix deps.get	2026-09-24T01:56:12.5061407Z   ex_doc 0.40.3
Elixir tests (mix credo + mix test)	mix deps.get	2026-09-24T01:56:12.5061725Z   excoveralls 0.18.5
Elixir tests (mix credo + mix test)	mix deps.get	2026-09-24T01:56:12.5062054Z   faker 0.18.0
Elixir tests (mix credo + mix test)	mix deps.get	2026-09-24T01:56:12.5062377Z   file_system 1.1.1
Elixir tests (mix credo + mix test)	mix deps.get	2026-09-24T01:56:12.5063011Z   finch 0.23.0
Elixir tests (mix credo + mix test)	mix deps.get	2026-09-24T01:56:12.5063331Z   flame 0.5.4
Elixir tests (mix credo + mix test)	mix deps.get	2026-09-24T01:56:12.5063736Z   foaf 0.1.1
Elixir tests (mix credo + mix test)	mix deps.get	2026-09-24T01:56:12.5064049Z   glob_ex 0.1.12
Elixir tests (mix credo + mix test)	mix deps.get	2026-09-24T01:56:12.5064423Z   gno 0.1.0
Elixir tests (mix credo + mix test)	mix deps.get	2026-09-24T01:56:12.5064724Z   grax 0.6.1
Elixir tests (mix credo + mix test)	mix deps.get	2026-09-24T01:56:12.5065045Z   group 0.2.1
Elixir tests (mix credo + mix test)	mix deps.get	2026-09-24T01:56:12.5065346Z   hpax 1.0.4
Elixir tests (mix credo + mix test)	mix deps.get	2026-09-24T01:56:12.5065643Z   idna 7.1.0
Elixir tests (mix credo + mix test)	mix deps.get	2026-09-24T01:56:12.5065956Z   igniter 0.8.3 VULNERABLE!
Elixir tests (mix credo + mix test)	mix deps.get	2026-09-24T01:56:12.5066347Z     EEF-CVE-2026-82584 (LOW)
Elixir tests (mix credo + mix test)	mix deps.get	2026-09-24T01:56:12.5066760Z     aka: CVE-2026-82584, GHSA-cj7w-j579-gc42
Elixir tests (mix credo + mix test)	mix deps.get	2026-09-24T01:56:12.5067579Z     Terminal escape sequence injection in the mix igniter.install confirmation prompt via package metadata
Elixir tests (mix credo + mix test)	mix deps.get	2026-09-24T01:56:12.5068435Z     https://osv.dev/vulnerability/EEF-CVE-2026-82584
Elixir tests (mix credo + mix test)	mix deps.get	2026-09-24T01:56:12.5068921Z   iterex 0.1.2
Elixir tests (mix credo + mix test)	mix deps.get	2026-09-24T01:56:12.5069226Z   jason 1.4.5
Elixir tests (mix credo + mix test)	mix deps.get	2026-09-24T01:56:12.5069525Z   jcs 0.2.0
Elixir tests (mix credo + mix test)	mix deps.get	2026-09-24T01:56:12.5069813Z   json_ld 1.0.1
Elixir tests (mix credo + mix test)	mix deps.get	2026-09-24T01:56:12.5070135Z   json_xema 0.6.5
Elixir tests (mix credo + mix test)	mix deps.get	2026-09-24T01:56:12.5070453Z   jsv 0.23.0
Elixir tests (mix credo + mix test)	mix deps.get	2026-09-24T01:56:12.5070762Z   llm_db 2026.9.4
Elixir tests (mix credo + mix test)	mix deps.get	2026-09-24T01:56:12.5071078Z   makeup 1.2.2
Elixir tests (mix credo + mix test)	mix deps.get	2026-09-24T01:56:12.5071399Z   makeup_elixir 1.0.1
Elixir tests (mix credo + mix test)	mix deps.get	2026-09-24T01:56:12.5071920Z   makeup_erlang 1.1.0
Elixir tests (mix credo + mix test)	mix deps.get	2026-09-24T01:56:12.5072288Z   mime 2.0.7
Elixir tests (mix credo + mix test)	mix deps.get	2026-09-24T01:56:12.5072885Z   mint 1.9.3 VULNERABLE!
Elixir tests (mix credo + mix test)	mix deps.get	2026-09-24T01:56:12.5073260Z     EEF-CVE-2026-82672 (MEDIUM)
Elixir tests (mix credo + mix test)	mix deps.get	2026-09-24T01:56:12.5074244Z     aka: CVE-2026-82672, GHSA-rj5m-69wp-cxq9
Elixir tests (mix credo + mix test)	mix deps.get	2026-09-24T01:56:12.5075213Z     Unvalidated chunk-size line tail in Mint HTTP/1 client enables response smuggling against strict intermediaries on pooled connections
Elixir tests (mix credo + mix test)	mix deps.get	2026-09-24T01:56:12.5075965Z     https://osv.dev/vulnerability/EEF-CVE-2026-82672
Elixir tests (mix credo + mix test)	mix deps.get	2026-09-24T01:56:12.5076187Z 
Elixir tests (mix credo + mix test)	mix deps.get	2026-09-24T01:56:12.5076287Z     EEF-CVE-2026-82729 (MEDIUM)
Elixir tests (mix credo + mix test)	mix deps.get	2026-09-24T01:56:12.5076541Z     aka: CVE-2026-82729, GHSA-7p8w-j234-7qc8
Elixir tests (mix credo + mix test)	mix deps.get	2026-09-24T01:56:12.5076931Z     Quadratic chunk-size parsing in Mint.HTTP1.Parse allows CPU-exhaustion DoS
Elixir tests (mix credo + mix test)	mix deps.get	2026-09-24T01:56:12.5077362Z     https://osv.dev/vulnerability/EEF-CVE-2026-82729
Elixir tests (mix credo + mix test)	mix deps.get	2026-09-24T01:56:12.5077576Z 
Elixir tests (mix credo + mix test)	mix deps.get	2026-09-24T01:56:12.5077683Z     EEF-CVE-2026-82728 (HIGH)
Elixir tests (mix credo + mix test)	mix deps.get	2026-09-24T01:56:12.5077939Z     aka: CVE-2026-82728, GHSA-g83f-2j6r-q6m4
Elixir tests (mix credo + mix test)	mix deps.get	2026-09-24T01:56:12.5078383Z     Unbounded HTTP/1 status-line and chunk-extension buffering in Mint causes memory-exhaustion DoS
Elixir tests (mix credo + mix test)	mix deps.get	2026-09-24T01:56:12.5078871Z     https://osv.dev/vulnerability/EEF-CVE-2026-82728
Elixir tests (mix credo + mix test)	mix deps.get	2026-09-24T01:56:12.5079278Z   multigraph 0.16.1-mg.4
Elixir tests (mix credo + mix test)	mix deps.get	2026-09-24T01:56:12.5079509Z   nimble_csv 1.3.0
Elixir tests (mix credo + mix test)	mix deps.get	2026-09-24T01:56:12.5079736Z   nimble_options 1.1.1
Elixir tests (mix credo + mix test)	mix deps.get	2026-09-24T01:56:12.5079963Z   nimble_parsec 1.4.2
Elixir tests (mix credo + mix test)	mix deps.get	2026-09-24T01:56:12.5080180Z   nimble_pool 1.1.0
Elixir tests (mix credo + mix test)	mix deps.get	2026-09-24T01:56:12.5080392Z   oban 2.24.1
Elixir tests (mix credo + mix test)	mix deps.get	2026-09-24T01:56:12.5080607Z   open_api_spex 3.22.4
Elixir tests (mix credo + mix test)	mix deps.get	2026-09-24T01:56:12.5080819Z   owl 0.13.1
Elixir tests (mix credo + mix test)	mix deps.get	2026-09-24T01:56:12.5081043Z   phoenix 1.8.14
Elixir tests (mix credo + mix test)	mix deps.get	2026-09-24T01:56:12.5081253Z   phoenix_pubsub 2.3.0
Elixir tests (mix credo + mix test)	mix deps.get	2026-09-24T01:56:12.5081469Z   phoenix_template 1.0.4
Elixir tests (mix credo + mix test)	mix deps.get	2026-09-24T01:56:12.5081683Z   plug 1.20.3
Elixir tests (mix credo + mix test)	mix deps.get	2026-09-24T01:56:12.5082016Z   plug_crypto 2.2.0
Elixir tests (mix credo + mix test)	mix deps.get	2026-09-24T01:56:12.5082226Z   postgrex 0.22.4
Elixir tests (mix credo + mix test)	mix deps.get	2026-09-24T01:56:12.5082433Z   protocol_ex 0.5.1
Elixir tests (mix credo + mix test)	mix deps.get	2026-09-24T01:56:12.5082630Z   prov 0.1.1
Elixir tests (mix credo + mix test)	mix deps.get	2026-09-24T01:56:12.5082822Z   rdf 3.0.1
Elixir tests (mix credo + mix test)	mix deps.get	2026-09-24T01:56:12.5083007Z   rdf_xml 1.2.1
Elixir tests (mix credo + mix test)	mix deps.get	2026-09-24T01:56:12.5083218Z   reactor 1.0.6
Elixir tests (mix credo + mix test)	mix deps.get	2026-09-24T01:56:12.5083591Z   req 0.7.4
Elixir tests (mix credo + mix test)	mix deps.get	2026-09-24T01:56:12.5083834Z   req_llm 1.24.0
Elixir tests (mix credo + mix test)	mix deps.get	2026-09-24T01:56:12.5084032Z   req_s3 0.2.5
Elixir tests (mix credo + mix test)	mix deps.get	2026-09-24T01:56:12.5084222Z   rewrite 1.3.0
Elixir tests (mix credo + mix test)	mix deps.get	2026-09-24T01:56:12.5084444Z   rustler 0.38.0
Elixir tests (mix credo + mix test)	mix deps.get	2026-09-24T01:56:12.5084652Z   rustler_precompiled 0.9.0
Elixir tests (mix credo + mix test)	mix deps.get	2026-09-24T01:56:12.5084876Z   saxy 1.6.1
Elixir tests (mix credo + mix test)	mix deps.get	2026-09-24T01:56:12.5085070Z   server_sent_events 1.1.0
Elixir tests (mix credo + mix test)	mix deps.get	2026-09-24T01:56:12.5085296Z   skos 0.1.1
Elixir tests (mix credo + mix test)	mix deps.get	2026-09-24T01:56:12.5085488Z   sourceror 1.12.2
Elixir tests (mix credo + mix test)	mix deps.get	2026-09-24T01:56:12.5085685Z   spark 2.7.2
Elixir tests (mix credo + mix test)	mix deps.get	2026-09-24T01:56:12.5085877Z   sparql 0.3.12
Elixir tests (mix credo + mix test)	mix deps.get	2026-09-24T01:56:12.5086077Z   sparql_client 0.5.1
Elixir tests (mix credo + mix test)	mix deps.get	2026-09-24T01:56:12.5086287Z   spitfire 0.4.0
Elixir tests (mix credo + mix test)	mix deps.get	2026-09-24T01:56:12.5086482Z   splode 0.3.2
Elixir tests (mix credo + mix test)	mix deps.get	2026-09-24T01:56:12.5086680Z   stream_data 1.4.0
Elixir tests (mix credo + mix test)	mix deps.get	2026-09-24T01:56:12.5086884Z   sweet_xml 0.7.5
Elixir tests (mix credo + mix test)	mix deps.get	2026-09-24T01:56:12.5087088Z   telemetry 1.4.2
Elixir tests (mix credo + mix test)	mix deps.get	2026-09-24T01:56:12.5087285Z   tesla 1.21.2
Elixir tests (mix credo + mix test)	mix deps.get	2026-09-24T01:56:12.5087478Z   text_diff 0.1.0
Elixir tests (mix credo + mix test)	mix deps.get	2026-09-24T01:56:12.5087678Z   texture 1.2.1
Elixir tests (mix credo + mix test)	mix deps.get	2026-09-24T01:56:12.5087879Z   thousand_island 1.5.0
Elixir tests (mix credo + mix test)	mix deps.get	2026-09-24T01:56:12.5088093Z   toml 0.7.0
Elixir tests (mix credo + mix test)	mix deps.get	2026-09-24T01:56:12.5088276Z   uniq 0.6.3
Elixir tests (mix credo + mix test)	mix deps.get	2026-09-24T01:56:12.5088464Z   wasmex 0.15.1
Elixir tests (mix credo + mix test)	mix deps.get	2026-09-24T01:56:12.5088661Z   websock 0.5.3
Elixir tests (mix credo + mix test)	mix deps.get	2026-09-24T01:56:12.5088879Z   websock_adapter 0.6.0
Elixir tests (mix credo + mix test)	mix deps.get	2026-09-24T01:56:12.5089098Z   websockex 0.5.1
Elixir tests (mix credo + mix test)	mix deps.get	2026-09-24T01:56:12.5089292Z   xema 0.17.9
Elixir tests (mix credo + mix test)	mix deps.get	2026-09-24T01:56:12.5089484Z   yamerl 0.10.0
Elixir tests (mix credo + mix test)	mix deps.get	2026-09-24T01:56:12.5089685Z   yaml_elixir 2.12.2
Elixir tests (mix credo + mix test)	mix deps.get	2026-09-24T01:56:12.5089888Z   ymlr 5.1.6
Elixir tests (mix credo + mix test)	mix deps.get	2026-09-24T01:56:12.5090083Z   yuri_template 1.1.0
Elixir tests (mix credo + mix test)	mix deps.get	2026-09-24T01:56:12.5090284Z   zoi 0.18.7
Elixir tests (mix credo + mix test)	mix deps.get	2026-09-24T01:56:12.5261913Z * Getting rdf (Hex package)
Elixir tests (mix credo + mix test)	mix deps.get	2026-09-24T01:56:13.2006865Z * Getting sparql (Hex package)
Elixir tests (mix credo + mix test)	mix deps.get	2026-09-24T01:56:13.2157146Z * Getting igniter (Hex package)
Elixir tests (mix credo + mix test)	mix deps.get	2026-09-24T01:56:13.2334915Z * Getting reactor (Hex package)
Elixir tests (mix credo + mix test)	mix deps.get	2026-09-24T01:56:13.2658111Z * Getting toml (Hex package)
Elixir tests (mix credo + mix test)	mix deps.get	2026-09-24T01:56:13.2702356Z * Getting yaml_elixir (Hex package)
Elixir tests (mix credo + mix test)	mix deps.get	2026-09-24T01:56:13.2739329Z * Getting rustler (Hex package)
Elixir tests (mix credo + mix test)	mix deps.get	2026-09-24T01:56:13.2787772Z * Getting tesla (Hex package)
Elixir tests (mix credo + mix test)	mix deps.get	2026-09-24T01:56:13.2950965Z * Getting gno (Hex package)
Elixir tests (mix credo + mix test)	mix deps.get	2026-09-24T01:56:13.3688439Z * Getting stream_data (Hex package)
Elixir tests (mix credo + mix test)	mix deps.get	2026-09-24T01:56:13.3896323Z * Getting faker (Hex package)
Elixir tests (mix credo + mix test)	mix deps.get	2026-09-24T01:56:13.4210201Z * Getting ash (Hex package)
Elixir tests (mix credo + mix test)	mix deps.get	2026-09-24T01:56:13.5963965Z * Getting ash_postgres (Hex package)
Elixir tests (mix credo + mix test)	mix deps.get	2026-09-24T01:56:13.6243384Z * Getting ash_a2a (Hex package)
Elixir tests (mix credo + mix test)	mix deps.get	2026-09-24T01:56:13.7748409Z * Getting plug (Hex package)
Elixir tests (mix credo + mix test)	mix deps.get	2026-09-24T01:56:13.7899211Z * Getting bandit (Hex package)
Elixir tests (mix credo + mix test)	mix deps.get	2026-09-24T01:56:13.8060496Z * Getting dialyxir (Hex package)
Elixir tests (mix credo + mix test)	mix deps.get	2026-09-24T01:56:13.8223787Z * Getting credo (Hex package)
Elixir tests (mix credo + mix test)	mix deps.get	2026-09-24T01:56:13.8868515Z * Getting excoveralls (Hex package)
Elixir tests (mix credo + mix test)	mix deps.get	2026-09-24T01:56:13.8976714Z * Getting ex_doc (Hex package)
Elixir tests (mix credo + mix test)	mix deps.get	2026-09-24T01:56:13.9253678Z * Getting jason (Hex package)
Elixir tests (mix credo + mix test)	mix deps.get	2026-09-24T01:56:13.9307511Z * Getting wasmex (Hex package)
Elixir tests (mix credo + mix test)	mix deps.get	2026-09-24T01:56:13.9484347Z * Getting rustler_precompiled (Hex package)
Elixir tests (mix credo + mix test)	mix deps.get	2026-09-24T01:56:13.9536803Z * Getting earmark_parser (Hex package)
Elixir tests (mix credo + mix test)	mix deps.get	2026-09-24T01:56:13.9663009Z * Getting makeup_elixir (Hex package)
Elixir tests (mix credo + mix test)	mix deps.get	2026-09-24T01:56:13.9727754Z * Getting makeup_erlang (Hex package)
Elixir tests (mix credo + mix test)	mix deps.get	2026-09-24T01:56:13.9775072Z * Getting makeup (Hex package)
Elixir tests (mix credo + mix test)	mix deps.get	2026-09-24T01:56:13.9854563Z * Getting nimble_parsec (Hex package)
Elixir tests (mix credo + mix test)	mix deps.get	2026-09-24T01:56:13.9902390Z * Getting bunt (Hex package)
Elixir tests (mix credo + mix test)	mix deps.get	2026-09-24T01:56:13.9935611Z * Getting file_system (Hex package)
Elixir tests (mix credo + mix test)	mix deps.get	2026-09-24T01:56:13.9997126Z * Getting erlex (Hex package)
Elixir tests (mix credo + mix test)	mix deps.get	2026-09-24T01:56:14.0046385Z * Getting hpax (Hex package)
Elixir tests (mix credo + mix test)	mix deps.get	2026-09-24T01:56:14.0071792Z * Getting telemetry (Hex package)
Elixir tests (mix credo + mix test)	mix deps.get	2026-09-24T01:56:14.0137846Z * Getting thousand_island (Hex package)
Elixir tests (mix credo + mix test)	mix deps.get	2026-09-24T01:56:14.0206717Z * Getting websock (Hex package)
Elixir tests (mix credo + mix test)	mix deps.get	2026-09-24T01:56:14.0244765Z * Getting mime (Hex package)
Elixir tests (mix credo + mix test)	mix deps.get	2026-09-24T01:56:14.0264111Z * Getting plug_crypto (Hex package)
Elixir tests (mix credo + mix test)	mix deps.get	2026-09-24T01:56:14.0303920Z * Getting a2a (Hex package)
Elixir tests (mix credo + mix test)	mix deps.get	2026-09-24T01:56:14.0428945Z * Getting ash_ai (Hex package)
Elixir tests (mix credo + mix test)	mix deps.get	2026-09-24T01:56:14.0628525Z * Getting ash_oban (Hex package)
Elixir tests (mix credo + mix test)	mix deps.get	2026-09-24T01:56:14.0762527Z * Getting ash_r2rml (Hex package)
Elixir tests (mix credo + mix test)	mix deps.get	2026-09-24T01:56:14.1182828Z * Getting ash_state_machine (Hex package)
Elixir tests (mix credo + mix test)	mix deps.get	2026-09-24T01:56:14.1279845Z * Getting durable_server (Hex package)
Elixir tests (mix credo + mix test)	mix deps.get	2026-09-24T01:56:14.1376467Z * Getting ekv (Hex package)
Elixir tests (mix credo + mix test)	mix deps.get	2026-09-24T01:56:14.2083829Z * Getting flame (Hex package)
Elixir tests (mix credo + mix test)	mix deps.get	2026-09-24T01:56:14.2163106Z * Getting oban (Hex package)
Elixir tests (mix credo + mix test)	mix deps.get	2026-09-24T01:56:14.2407054Z * Getting phoenix (Hex package)
Elixir tests (mix credo + mix test)	mix deps.get	2026-09-24T01:56:14.2940125Z * Getting phoenix_pubsub (Hex package)
Elixir tests (mix credo + mix test)	mix deps.get	2026-09-24T01:56:14.2995452Z * Getting postgrex (Hex package)
Elixir tests (mix credo + mix test)	mix deps.get	2026-09-24T01:56:14.3174129Z * Getting req (Hex package)
Elixir tests (mix credo + mix test)	mix deps.get	2026-09-24T01:56:14.3272228Z * Getting req_llm (Hex package)
Elixir tests (mix credo + mix test)	mix deps.get	2026-09-24T01:56:14.4045508Z * Getting dotenvy (Hex package)
Elixir tests (mix credo + mix test)	mix deps.get	2026-09-24T01:56:14.4100788Z * Getting jsv (Hex package)
Elixir tests (mix credo + mix test)	mix deps.get	2026-09-24T01:56:14.4336330Z * Getting llm_db (Hex package)
Elixir tests (mix credo + mix test)	mix deps.get	2026-09-24T01:56:14.4804234Z * Getting nimble_options (Hex package)
Elixir tests (mix credo + mix test)	mix deps.get	2026-09-24T01:56:14.4836787Z * Getting server_sent_events (Hex package)
Elixir tests (mix credo + mix test)	mix deps.get	2026-09-24T01:56:14.4871575Z * Getting splode (Hex package)
Elixir tests (mix credo + mix test)	mix deps.get	2026-09-24T01:56:14.4920814Z * Getting websockex (Hex package)
Elixir tests (mix credo + mix test)	mix deps.get	2026-09-24T01:56:14.4969822Z * Getting zoi (Hex package)
Elixir tests (mix credo + mix test)	mix deps.get	2026-09-24T01:56:14.5174268Z * Getting abnf_parsec (Hex package)
Elixir tests (mix credo + mix test)	mix deps.get	2026-09-24T01:56:14.5204796Z * Getting idna (Hex package)
Elixir tests (mix credo + mix test)	mix deps.get	2026-09-24T01:56:14.5282898Z * Getting texture (Hex package)
Elixir tests (mix credo + mix test)	mix deps.get	2026-09-24T01:56:14.5329981Z * Getting finch (Hex package)
Elixir tests (mix credo + mix test)	mix deps.get	2026-09-24T01:56:14.5407268Z * Getting mint (Hex package)
Elixir tests (mix credo + mix test)	mix deps.get	2026-09-24T01:56:14.5488801Z * Getting nimble_pool (Hex package)
Elixir tests (mix credo + mix test)	mix deps.get	2026-09-24T01:56:14.5524866Z * Getting db_connection (Hex package)
Elixir tests (mix credo + mix test)	mix deps.get	2026-09-24T01:56:14.5601566Z * Getting decimal (Hex package)
Elixir tests (mix credo + mix test)	mix deps.get	2026-09-24T01:56:14.5646958Z * Getting phoenix_template (Hex package)
Elixir tests (mix credo + mix test)	mix deps.get	2026-09-24T01:56:14.5689931Z * Getting websock_adapter (Hex package)
Elixir tests (mix credo + mix test)	mix deps.get	2026-09-24T01:56:14.5737063Z * Getting ecto_sql (Hex package)
Elixir tests (mix credo + mix test)	mix deps.get	2026-09-24T01:56:14.5915299Z * Getting ecto (Hex package)
Elixir tests (mix credo + mix test)	mix deps.get	2026-09-24T01:56:14.6130241Z * Getting cc_precompiler (Hex package)
Elixir tests (mix credo + mix test)	mix deps.get	2026-09-24T01:56:14.6170255Z * Getting elixir_make (Hex package)
Elixir tests (mix credo + mix test)	mix deps.get	2026-09-24T01:56:14.6217314Z * Getting group (Hex package)
Elixir tests (mix credo + mix test)	mix deps.get	2026-09-24T01:56:14.6271146Z * Getting req_s3 (Hex package)
Elixir tests (mix credo + mix test)	mix deps.get	2026-09-24T01:56:14.6304080Z * Getting sweet_xml (Hex package)
Elixir tests (mix credo + mix test)	mix deps.get	2026-09-24T01:56:14.6337900Z * Getting json_ld (Hex package)
Elixir tests (mix credo + mix test)	mix deps.get	2026-09-24T01:56:14.6416296Z * Getting spark (Hex package)
Elixir tests (mix credo + mix test)	mix deps.get	2026-09-24T01:56:14.6592105Z * Getting sparql_client (Hex package)
Elixir tests (mix credo + mix test)	mix deps.get	2026-09-24T01:56:14.6654106Z * Getting content_type (Hex package)
Elixir tests (mix credo + mix test)	mix deps.get	2026-09-24T01:56:14.6685625Z * Getting rdf_xml (Hex package)
Elixir tests (mix credo + mix test)	mix deps.get	2026-09-24T01:56:14.6757947Z * Getting saxy (Hex package)
Elixir tests (mix credo + mix test)	mix deps.get	2026-09-24T01:56:14.6827115Z * Getting ash_json_api (Hex package)
Elixir tests (mix credo + mix test)	mix deps.get	2026-09-24T01:56:14.7115139Z * Getting open_api_spex (Hex package)
Elixir tests (mix credo + mix test)	mix deps.get	2026-09-24T01:56:14.7325189Z * Getting json_xema (Hex package)
Elixir tests (mix credo + mix test)	mix deps.get	2026-09-24T01:56:14.7372736Z * Getting conv_case (Hex package)
Elixir tests (mix credo + mix test)	mix deps.get	2026-09-24T01:56:14.7402035Z * Getting xema (Hex package)
Elixir tests (mix credo + mix test)	mix deps.get	2026-09-24T01:56:14.7482436Z * Getting ash_sql (Hex package)
Elixir tests (mix credo + mix test)	mix deps.get	2026-09-24T01:56:14.7552981Z * Getting crux (Hex package)
Elixir tests (mix credo + mix test)	mix deps.get	2026-09-24T01:56:14.7635514Z * Getting ets (Hex package)
Elixir tests (mix credo + mix test)	mix deps.get	2026-09-24T01:56:14.7682350Z * Getting dcat (Hex package)
Elixir tests (mix credo + mix test)	mix deps.get	2026-09-24T01:56:14.8175626Z * Getting dcatr (Hex package)
Elixir tests (mix credo + mix test)	mix deps.get	2026-09-24T01:56:14.8886250Z * Getting grax (Hex package)
Elixir tests (mix credo + mix test)	mix deps.get	2026-09-24T01:56:14.9343826Z * Getting prov (Hex package)
Elixir tests (mix credo + mix test)	mix deps.get	2026-09-24T01:56:14.9792890Z * Getting uniq (Hex package)
Elixir tests (mix credo + mix test)	mix deps.get	2026-09-24T01:56:14.9832116Z * Getting yuri_template (Hex package)
Elixir tests (mix credo + mix test)	mix deps.get	2026-09-24T01:56:14.9889038Z * Getting foaf (Hex package)
Elixir tests (mix credo + mix test)	mix deps.get	2026-09-24T01:56:15.0258978Z * Getting skos (Hex package)
Elixir tests (mix credo + mix test)	mix deps.get	2026-09-24T01:56:15.0596793Z * Getting yamerl (Hex package)
Elixir tests (mix credo + mix test)	mix deps.get	2026-09-24T01:56:15.0716365Z * Getting iterex (Hex package)
Elixir tests (mix credo + mix test)	mix deps.get	2026-09-24T01:56:15.0836452Z * Getting multigraph (Hex package)
Elixir tests (mix credo + mix test)	mix deps.get	2026-09-24T01:56:15.0902115Z * Getting ymlr (Hex package)
Elixir tests (mix credo + mix test)	mix deps.get	2026-09-24T01:56:15.0936631Z * Getting ex_ast (Hex package)
Elixir tests (mix credo + mix test)	mix deps.get	2026-09-24T01:56:15.1047514Z * Getting glob_ex (Hex package)
Elixir tests (mix credo + mix test)	mix deps.get	2026-09-24T01:56:15.1083566Z * Getting owl (Hex package)
Elixir tests (mix credo + mix test)	mix deps.get	2026-09-24T01:56:15.1153781Z * Getting rewrite (Hex package)
Elixir tests (mix credo + mix test)	mix deps.get	2026-09-24T01:56:15.1217784Z * Getting sourceror (Hex package)
Elixir tests (mix credo + mix test)	mix deps.get	2026-09-24T01:56:15.1299125Z * Getting spitfire (Hex package)
Elixir tests (mix credo + mix test)	mix deps.get	2026-09-24T01:56:15.1354051Z * Getting text_diff (Hex package)
Elixir tests (mix credo + mix test)	mix deps.get	2026-09-24T01:56:15.1383321Z * Getting nimble_csv (Hex package)
Elixir tests (mix credo + mix test)	mix deps.get	2026-09-24T01:56:15.1412603Z * Getting protocol_ex (Hex package)
Elixir tests (mix credo + mix test)	mix deps.get	2026-09-24T01:56:15.1443820Z * Getting jcs (Hex package)
Elixir tests (mix credo + mix test)	mix deps.get	2026-09-24T01:56:15.1476661Z Found packages with security advisories, see above for details
Elixir tests (mix credo + mix test)	mix deps.get	2026-09-24T01:56:15.1477720Z You have added/upgraded packages you could sponsor, run `mix hex.sponsor` to learn more
Elixir tests (mix credo + mix test)	Force ggen_igniter app rebuild so the rustler NIF is always (re)built	﻿2026-09-24T01:56:15.3416094Z ##[group]Run set -euo pipefail
Elixir tests (mix credo + mix test)	Force ggen_igniter app rebuild so the rustler NIF is always (re)built	2026-09-24T01:56:15.3416423Z ^[[36;1mset -euo pipefail^[[0m
Elixir tests (mix credo + mix test)	Force ggen_igniter app rebuild so the rustler NIF is always (re)built	2026-09-24T01:56:15.3416744Z ^[[36;1mrm -rf _build/dev/lib/ggen_igniter _build/test/lib/ggen_igniter^[[0m
Elixir tests (mix credo + mix test)	Force ggen_igniter app rebuild so the rustler NIF is always (re)built	2026-09-24T01:56:15.3454742Z shell: /usr/bin/bash --noprofile --norc -e -o pipefail {0}
Elixir tests (mix credo + mix test)	Force ggen_igniter app rebuild so the rustler NIF is always (re)built	2026-09-24T01:56:15.3455082Z env:
Elixir tests (mix credo + mix test)	Force ggen_igniter app rebuild so the rustler NIF is always (re)built	2026-09-24T01:56:15.3455348Z   INSTALL_DIR_FOR_OTP: /home/runner/work/_temp/.setup-beam/otp
Elixir tests (mix credo + mix test)	Force ggen_igniter app rebuild so the rustler NIF is always (re)built	2026-09-24T01:56:15.3455743Z   INSTALL_DIR_FOR_ELIXIR: /home/runner/work/_temp/.setup-beam/elixir
Elixir tests (mix credo + mix test)	Force ggen_igniter app rebuild so the rustler NIF is always (re)built	2026-09-24T01:56:15.3456146Z   INSTALL_DIR_FOR_REBAR3: /home/runner/work/_temp/.setup-beam/rebar3
Elixir tests (mix credo + mix test)	Force ggen_igniter app rebuild so the rustler NIF is always (re)built	2026-09-24T01:56:15.3456465Z ##[endgroup]
Elixir tests (mix credo + mix test)	mix format --check-formatted	﻿2026-09-24T01:56:15.3548298Z ##[group]Run mix format --check-formatted
Elixir tests (mix credo + mix test)	mix format --check-formatted	2026-09-24T01:56:15.3548635Z ^[[36;1mmix format --check-formatted^[[0m
Elixir tests (mix credo + mix test)	mix format --check-formatted	2026-09-24T01:56:15.3584633Z shell: /usr/bin/bash --noprofile --norc -e -o pipefail {0}
Elixir tests (mix credo + mix test)	mix format --check-formatted	2026-09-24T01:56:15.3584964Z env:
Elixir tests (mix credo + mix test)	mix format --check-formatted	2026-09-24T01:56:15.3585230Z   INSTALL_DIR_FOR_OTP: /home/runner/work/_temp/.setup-beam/otp
Elixir tests (mix credo + mix test)	mix format --check-formatted	2026-09-24T01:56:15.3585630Z   INSTALL_DIR_FOR_ELIXIR: /home/runner/work/_temp/.setup-beam/elixir
Elixir tests (mix credo + mix test)	mix format --check-formatted	2026-09-24T01:56:15.3586046Z   INSTALL_DIR_FOR_REBAR3: /home/runner/work/_temp/.setup-beam/rebar3
Elixir tests (mix credo + mix test)	mix format --check-formatted	2026-09-24T01:56:15.3586364Z ##[endgroup]
Elixir tests (mix credo + mix test)	mix credo	﻿2026-09-24T01:56:16.2242676Z ##[group]Run mix credo
Elixir tests (mix credo + mix test)	mix credo	2026-09-24T01:56:16.2242960Z ^[[36;1mmix credo^[[0m
Elixir tests (mix credo + mix test)	mix credo	2026-09-24T01:56:16.2279528Z shell: /usr/bin/bash --noprofile --norc -e -o pipefail {0}
Elixir tests (mix credo + mix test)	mix credo	2026-09-24T01:56:16.2279867Z env:
Elixir tests (mix credo + mix test)	mix credo	2026-09-24T01:56:16.2280142Z   INSTALL_DIR_FOR_OTP: /home/runner/work/_temp/.setup-beam/otp
Elixir tests (mix credo + mix test)	mix credo	2026-09-24T01:56:16.2280543Z   INSTALL_DIR_FOR_ELIXIR: /home/runner/work/_temp/.setup-beam/elixir
Elixir tests (mix credo + mix test)	mix credo	2026-09-24T01:56:16.2280945Z   INSTALL_DIR_FOR_REBAR3: /home/runner/work/_temp/.setup-beam/rebar3
Elixir tests (mix credo + mix test)	mix credo	2026-09-24T01:56:16.2281273Z ##[endgroup]
Elixir tests (mix credo + mix test)	mix credo	2026-09-24T01:56:16.8735194Z ==> earmark_parser
Elixir tests (mix credo + mix test)	mix credo	2026-09-24T01:56:16.8736058Z Compiling 2 files (.xrl)
Elixir tests (mix credo + mix test)	mix credo	2026-09-24T01:56:16.8960131Z Compiling 1 file (.yrl)
Elixir tests (mix credo + mix test)	mix credo	2026-09-24T01:56:16.9278963Z Compiling 3 files (.erl)
Elixir tests (mix credo + mix test)	mix credo	2026-09-24T01:56:17.0838334Z Compiling 32 files (.ex)
Elixir tests (mix credo + mix test)	mix credo	2026-09-24T01:56:17.7402261Z Generated earmark_parser app
Elixir tests (mix credo + mix test)	mix credo	2026-09-24T01:56:17.8751897Z ==> sourceror
Elixir tests (mix credo + mix test)	mix credo	2026-09-24T01:56:17.8752878Z Compiling 20 files (.ex)
Elixir tests (mix credo + mix test)	mix credo	2026-09-24T01:56:18.8746101Z Generated sourceror app
Elixir tests (mix credo + mix test)	mix credo	2026-09-24T01:56:18.9264591Z ==> text_diff
Elixir tests (mix credo + mix test)	mix credo	2026-09-24T01:56:18.9265690Z Compiling 1 file (.ex)
Elixir tests (mix credo + mix test)	mix credo	2026-09-24T01:56:19.0096224Z Generated text_diff app
Elixir tests (mix credo + mix test)	mix credo	2026-09-24T01:56:19.0408766Z ==> file_system
Elixir tests (mix credo + mix test)	mix credo	2026-09-24T01:56:19.0409292Z Compiling 7 files (.ex)
Elixir tests (mix credo + mix test)	mix credo	2026-09-24T01:56:19.1657076Z Generated file_system app
Elixir tests (mix credo + mix test)	mix credo	2026-09-24T01:56:19.2193078Z ==> stream_data
Elixir tests (mix credo + mix test)	mix credo	2026-09-24T01:56:19.2194537Z Compiling 3 files (.ex)
Elixir tests (mix credo + mix test)	mix credo	2026-09-24T01:56:19.7866947Z Generated stream_data app
Elixir tests (mix credo + mix test)	mix credo	2026-09-24T01:56:19.8077867Z ==> decimal
Elixir tests (mix credo + mix test)	mix credo	2026-09-24T01:56:19.8078548Z Compiling 4 files (.ex)
Elixir tests (mix credo + mix test)	mix credo	2026-09-24T01:56:20.4163778Z Generated decimal app
Elixir tests (mix credo + mix test)	mix credo	2026-09-24T01:56:20.4451142Z ==> spitfire
Elixir tests (mix credo + mix test)	mix credo	2026-09-24T01:56:20.4452092Z Compiling 2 files (.erl)
Elixir tests (mix credo + mix test)	mix credo	2026-09-24T01:56:21.1204518Z Compiling 5 files (.ex)
Elixir tests (mix credo + mix test)	mix credo	2026-09-24T01:56:22.2584419Z Generated spitfire app
Elixir tests (mix credo + mix test)	mix credo	2026-09-24T01:56:22.2844738Z ==> ymlr
Elixir tests (mix credo + mix test)	mix credo	2026-09-24T01:56:22.2845634Z Compiling 3 files (.ex)
Elixir tests (mix credo + mix test)	mix credo	2026-09-24T01:56:22.5188286Z Generated ymlr app
Elixir tests (mix credo + mix test)	mix credo	2026-09-24T01:56:22.5573069Z ==> mime
Elixir tests (mix credo + mix test)	mix credo	2026-09-24T01:56:22.5573620Z Compiling 1 file (.ex)
Elixir tests (mix credo + mix test)	mix credo	2026-09-24T01:56:22.6463904Z Generated mime app
Elixir tests (mix credo + mix test)	mix credo	2026-09-24T01:56:22.6803138Z ==> toml
Elixir tests (mix credo + mix test)	mix credo	2026-09-24T01:56:22.6804275Z Compiling 10 files (.ex)
Elixir tests (mix credo + mix test)	mix credo	2026-09-24T01:56:22.6957501Z      warning: using single-quoted strings to represent charlists is deprecated.
Elixir tests (mix credo + mix test)	mix credo	2026-09-24T01:56:22.6958368Z      Use ~c"" if you indeed want a charlist or use "" instead.
Elixir tests (mix credo + mix test)	mix credo	2026-09-24T01:56:22.6959038Z      You may run "mix format --migrate" to change all single-quoted
Elixir tests (mix credo + mix test)	mix credo	2026-09-24T01:56:22.6959660Z      strings to use the ~c sigil and fix this warning.
Elixir tests (mix credo + mix test)	mix credo	2026-09-24T01:56:22.6960429Z      │
Elixir tests (mix credo + mix test)	mix credo	2026-09-24T01:56:22.6961225Z  264 │   defp handle_token(lexer, original, doc, type, skip, _data, lines) when type in '-_' do
Elixir tests (mix credo + mix test)	mix credo	2026-09-24T01:56:22.6961770Z      │                                                                                  ~
Elixir tests (mix credo + mix test)	mix credo	2026-09-24T01:56:22.6962265Z      │
Elixir tests (mix credo + mix test)	mix credo	2026-09-24T01:56:22.6962754Z      └─ lib/decoder.ex:264:82
Elixir tests (mix credo + mix test)	mix credo	2026-09-24T01:56:22.6963073Z 
Elixir tests (mix credo + mix test)	mix credo	2026-09-24T01:56:22.6981775Z      warning: using single-quoted strings to represent charlists is deprecated.
Elixir tests (mix credo + mix test)	mix credo	2026-09-24T01:56:22.6984114Z      Use ~c"" if you indeed want a charlist or use "" instead.
Elixir tests (mix credo + mix test)	mix credo	2026-09-24T01:56:22.6985663Z      You may run "mix format --migrate" to change all single-quoted
Elixir tests (mix credo + mix test)	mix credo	2026-09-24T01:56:22.6986863Z      strings to use the ~c sigil and fix this warning.
Elixir tests (mix credo + mix test)	mix credo	2026-09-24T01:56:22.6987885Z      │
Elixir tests (mix credo + mix test)	mix credo	2026-09-24T01:56:22.6988742Z  371 │       {:ok, {type, _skip, _data, _lines}} when type in '-+' ->
Elixir tests (mix credo + mix test)	mix credo	2026-09-24T01:56:22.6990039Z      │                                                        ~
Elixir tests (mix credo + mix test)	mix credo	2026-09-24T01:56:22.6990864Z      │
Elixir tests (mix credo + mix test)	mix credo	2026-09-24T01:56:22.6991548Z      └─ lib/decoder.ex:371:56
Elixir tests (mix credo + mix test)	mix credo	2026-09-24T01:56:22.6992097Z 
Elixir tests (mix credo + mix test)	mix credo	2026-09-24T01:56:22.7000135Z      warning: using single-quoted strings to represent charlists is deprecated.
Elixir tests (mix credo + mix test)	mix credo	2026-09-24T01:56:22.7000904Z      Use ~c"" if you indeed want a charlist or use "" instead.
Elixir tests (mix credo + mix test)	mix credo	2026-09-24T01:56:22.7001611Z      You may run "mix format --migrate" to change all single-quoted
Elixir tests (mix credo + mix test)	mix credo	2026-09-24T01:56:22.7002308Z      strings to use the ~c sigil and fix this warning.
Elixir tests (mix credo + mix test)	mix credo	2026-09-24T01:56:22.7003572Z      │
Elixir tests (mix credo + mix test)	mix credo	2026-09-24T01:56:22.7004286Z  419 │           {:ok, {:alpha, _, <<c::utf8>>, _}} when c in 'eE' ->
Elixir tests (mix credo + mix test)	mix credo	2026-09-24T01:56:22.7004976Z      │                                                        ~
Elixir tests (mix credo + mix test)	mix credo	2026-09-24T01:56:22.7005452Z      │
Elixir tests (mix credo + mix test)	mix credo	2026-09-24T01:56:22.7005853Z      └─ lib/decoder.ex:419:56
Elixir tests (mix credo + mix test)	mix credo	2026-09-24T01:56:22.7006140Z 
Elixir tests (mix credo + mix test)	mix credo	2026-09-24T01:56:22.7039046Z      warning: using single-quoted strings to represent charlists is deprecated.
Elixir tests (mix credo + mix test)	mix credo	2026-09-24T01:56:22.7039824Z      Use ~c"" if you indeed want a charlist or use "" instead.
Elixir tests (mix credo + mix test)	mix credo	2026-09-24T01:56:22.7040457Z      You may run "mix format --migrate" to change all single-quoted
Elixir tests (mix credo + mix test)	mix credo	2026-09-24T01:56:22.7041061Z      strings to use the ~c sigil and fix this warning.
Elixir tests (mix credo + mix test)	mix credo	2026-09-24T01:56:22.7041682Z      │
Elixir tests (mix credo + mix test)	mix credo	2026-09-24T01:56:22.7042395Z  474 │       {:ok, {:alpha, _, <<c::utf8>>, _}} when c in 'eE' ->
Elixir tests (mix credo + mix test)	mix credo	2026-09-24T01:56:22.7043101Z      │                                                    ~
Elixir tests (mix credo + mix test)	mix credo	2026-09-24T01:56:22.7044083Z      │
Elixir tests (mix credo + mix test)	mix credo	2026-09-24T01:56:22.7044733Z      └─ lib/decoder.ex:474:52
Elixir tests (mix credo + mix test)	mix credo	2026-09-24T01:56:22.7045238Z 
Elixir tests (mix credo + mix test)	mix credo	2026-09-24T01:56:22.7063358Z      warning: using single-quoted strings to represent charlists is deprecated.
Elixir tests (mix credo + mix test)	mix credo	2026-09-24T01:56:22.7064768Z      Use ~c"" if you indeed want a charlist or use "" instead.
Elixir tests (mix credo + mix test)	mix credo	2026-09-24T01:56:22.7065840Z      You may run "mix format --migrate" to change all single-quoted
Elixir tests (mix credo + mix test)	mix credo	2026-09-24T01:56:22.7066731Z      strings to use the ~c sigil and fix this warning.
Elixir tests (mix credo + mix test)	mix credo	2026-09-24T01:56:22.7067547Z      │
Elixir tests (mix credo + mix test)	mix credo	2026-09-24T01:56:22.7068085Z  514 │       {:ok, {sign, _, _, _}} when sign in '-+' and last == ?e ->
Elixir tests (mix credo + mix test)	mix credo	2026-09-24T01:56:22.7068864Z      │                                           ~
Elixir tests (mix credo + mix test)	mix credo	2026-09-24T01:56:22.7069481Z      │
Elixir tests (mix credo + mix test)	mix credo	2026-09-24T01:56:22.7069884Z      └─ lib/decoder.ex:514:43
Elixir tests (mix credo + mix test)	mix credo	2026-09-24T01:56:22.7070213Z 
Elixir tests (mix credo + mix test)	mix credo	2026-09-24T01:56:22.7116505Z      warning: using single-quoted strings to represent charlists is deprecated.
Elixir tests (mix credo + mix test)	mix credo	2026-09-24T01:56:22.7119542Z      Use ~c"" if you indeed want a charlist or use "" instead.
Elixir tests (mix credo + mix test)	mix credo	2026-09-24T01:56:22.7120733Z      You may run "mix format --migrate" to change all single-quoted
Elixir tests (mix credo + mix test)	mix credo	2026-09-24T01:56:22.7122095Z      strings to use the ~c sigil and fix this warning.
Elixir tests (mix credo + mix test)	mix credo	2026-09-24T01:56:22.7122908Z      │
Elixir tests (mix credo + mix test)	mix credo	2026-09-24T01:56:22.7124144Z  518 │       {:ok, {:alpha, _, <<c::utf8>>, _}} when c in 'eE' and signal == ?. ->
Elixir tests (mix credo + mix test)	mix credo	2026-09-24T01:56:22.7125136Z      │                                                    ~
Elixir tests (mix credo + mix test)	mix credo	2026-09-24T01:56:22.7125779Z      │
Elixir tests (mix credo + mix test)	mix credo	2026-09-24T01:56:22.7126342Z      └─ lib/decoder.ex:518:52
Elixir tests (mix credo + mix test)	mix credo	2026-09-24T01:56:22.7126765Z 
Elixir tests (mix credo + mix test)	mix credo	2026-09-24T01:56:22.7139900Z      warning: using single-quoted strings to represent charlists is deprecated.
Elixir tests (mix credo + mix test)	mix credo	2026-09-24T01:56:22.7146290Z      Use ~c"" if you indeed want a charlist or use "" instead.
Elixir tests (mix credo + mix test)	mix credo	2026-09-24T01:56:22.7147229Z      You may run "mix format --migrate" to change all single-quoted
Elixir tests (mix credo + mix test)	mix credo	2026-09-24T01:56:22.7148144Z      strings to use the ~c sigil and fix this warning.
Elixir tests (mix credo + mix test)	mix credo	2026-09-24T01:56:22.7148923Z      │
Elixir tests (mix credo + mix test)	mix credo	2026-09-24T01:56:22.7149705Z  522 │       {:ok, {?_, skip, _, lines}} when last not in '_e.' ->
Elixir tests (mix credo + mix test)	mix credo	2026-09-24T01:56:22.7150585Z      │                                                    ~
Elixir tests (mix credo + mix test)	mix credo	2026-09-24T01:56:22.7151571Z      │
Elixir tests (mix credo + mix test)	mix credo	2026-09-24T01:56:22.7152235Z      └─ lib/decoder.ex:522:52
Elixir tests (mix credo + mix test)	mix credo	2026-09-24T01:56:22.7152843Z 
Elixir tests (mix credo + mix test)	mix credo	2026-09-24T01:56:22.7166690Z      warning: using single-quoted strings to represent charlists is deprecated.
Elixir tests (mix credo + mix test)	mix credo	2026-09-24T01:56:22.7167577Z      Use ~c"" if you indeed want a charlist or use "" instead.
Elixir tests (mix credo + mix test)	mix credo	2026-09-24T01:56:22.7168264Z      You may run "mix format --migrate" to change all single-quoted
Elixir tests (mix credo + mix test)	mix credo	2026-09-24T01:56:22.7169049Z      strings to use the ~c sigil and fix this warning.
Elixir tests (mix credo + mix test)	mix credo	2026-09-24T01:56:22.7169767Z      │
Elixir tests (mix credo + mix test)	mix credo	2026-09-24T01:56:22.7170443Z  538 │       {:ok, {type, skip, data, lines}} when last in 'e.' ->
Elixir tests (mix credo + mix test)	mix credo	2026-09-24T01:56:22.7171136Z      │                                                     ~
Elixir tests (mix credo + mix test)	mix credo	2026-09-24T01:56:22.7171610Z      │
Elixir tests (mix credo + mix test)	mix credo	2026-09-24T01:56:22.7172010Z      └─ lib/decoder.ex:538:53
Elixir tests (mix credo + mix test)	mix credo	2026-09-24T01:56:22.7172278Z 
Elixir tests (mix credo + mix test)	mix credo	2026-09-24T01:56:22.7189912Z      warning: using single-quoted strings to represent charlists is deprecated.
Elixir tests (mix credo + mix test)	mix credo	2026-09-24T01:56:22.7191493Z      Use ~c"" if you indeed want a charlist or use "" instead.
Elixir tests (mix credo + mix test)	mix credo	2026-09-24T01:56:22.7192533Z      You may run "mix format --migrate" to change all single-quoted
Elixir tests (mix credo + mix test)	mix credo	2026-09-24T01:56:22.7193829Z      strings to use the ~c sigil and fix this warning.
Elixir tests (mix credo + mix test)	mix credo	2026-09-24T01:56:22.7194743Z      │
Elixir tests (mix credo + mix test)	mix credo	2026-09-24T01:56:22.7195617Z  542 │       {:ok, {_type, skip, _data, lines} = token} when last not in '_e.' ->
Elixir tests (mix credo + mix test)	mix credo	2026-09-24T01:56:22.7196808Z      │                                                                   ~
Elixir tests (mix credo + mix test)	mix credo	2026-09-24T01:56:22.7197551Z      │
Elixir tests (mix credo + mix test)	mix credo	2026-09-24T01:56:22.7198177Z      └─ lib/decoder.ex:542:67
Elixir tests (mix credo + mix test)	mix credo	2026-09-24T01:56:22.7198646Z 
Elixir tests (mix credo + mix test)	mix credo	2026-09-24T01:56:22.7214429Z      warning: using single-quoted strings to represent charlists is deprecated.
Elixir tests (mix credo + mix test)	mix credo	2026-09-24T01:56:22.7215560Z      Use ~c"" if you indeed want a charlist or use "" instead.
Elixir tests (mix credo + mix test)	mix credo	2026-09-24T01:56:22.7216464Z      You may run "mix format --migrate" to change all single-quoted
Elixir tests (mix credo + mix test)	mix credo	2026-09-24T01:56:22.7217441Z      strings to use the ~c sigil and fix this warning.
Elixir tests (mix credo + mix test)	mix credo	2026-09-24T01:56:22.7218342Z      │
Elixir tests (mix credo + mix test)	mix credo	2026-09-24T01:56:22.7219070Z  682 │         {:ok, {sign, _, _, _}} when sign in '-+' ->
Elixir tests (mix credo + mix test)	mix credo	2026-09-24T01:56:22.7219916Z      │                                             ~
Elixir tests (mix credo + mix test)	mix credo	2026-09-24T01:56:22.7220595Z      │
Elixir tests (mix credo + mix test)	mix credo	2026-09-24T01:56:22.7221302Z      └─ lib/decoder.ex:682:45
Elixir tests (mix credo + mix test)	mix credo	2026-09-24T01:56:22.7221787Z 
Elixir tests (mix credo + mix test)	mix credo	2026-09-24T01:56:22.7241453Z      warning: using single-quoted strings to represent charlists is deprecated.
Elixir tests (mix credo + mix test)	mix credo	2026-09-24T01:56:22.7242423Z      Use ~c"" if you indeed want a charlist or use "" instead.
Elixir tests (mix credo + mix test)	mix credo	2026-09-24T01:56:22.7243348Z      You may run "mix format --migrate" to change all single-quoted
Elixir tests (mix credo + mix test)	mix credo	2026-09-24T01:56:22.7244368Z      strings to use the ~c sigil and fix this warning.
Elixir tests (mix credo + mix test)	mix credo	2026-09-24T01:56:22.7245258Z      │
Elixir tests (mix credo + mix test)	mix credo	2026-09-24T01:56:22.7245967Z  796 │       {:ok, {sign, _, _, _}} when sign in '-+' ->
Elixir tests (mix credo + mix test)	mix credo	2026-09-24T01:56:22.7246880Z      │                                           ~
Elixir tests (mix credo + mix test)	mix credo	2026-09-24T01:56:22.7247561Z      │
Elixir tests (mix credo + mix test)	mix credo	2026-09-24T01:56:22.7248250Z      └─ lib/decoder.ex:796:43
Elixir tests (mix credo + mix test)	mix credo	2026-09-24T01:56:22.7249088Z 
Elixir tests (mix credo + mix test)	mix credo	2026-09-24T01:56:22.7290750Z      warning: using single-quoted strings to represent charlists is deprecated.
Elixir tests (mix credo + mix test)	mix credo	2026-09-24T01:56:22.7302953Z      Use ~c"" if you indeed want a charlist or use "" instead.
Elixir tests (mix credo + mix test)	mix credo	2026-09-24T01:56:22.7306693Z      You may run "mix format --migrate" to change all single-quoted
Elixir tests (mix credo + mix test)	mix credo	2026-09-24T01:56:22.7307674Z      strings to use the ~c sigil and fix this warning.
Elixir tests (mix credo + mix test)	mix credo	2026-09-24T01:56:22.7308502Z      │
Elixir tests (mix credo + mix test)	mix credo	2026-09-24T01:56:22.7309450Z  916 │         {:ok, {type, skip, _, lines}} when type in '-_' ->
Elixir tests (mix credo + mix test)	mix credo	2026-09-24T01:56:22.7310411Z      │                                                    ~
Elixir tests (mix credo + mix test)	mix credo	2026-09-24T01:56:22.7311172Z      │
Elixir tests (mix credo + mix test)	mix credo	2026-09-24T01:56:22.7311811Z      └─ lib/decoder.ex:916:52
Elixir tests (mix credo + mix test)	mix credo	2026-09-24T01:56:22.7312319Z 
Elixir tests (mix credo + mix test)	mix credo	2026-09-24T01:56:22.7325861Z      warning: using single-quoted strings to represent charlists is deprecated.
Elixir tests (mix credo + mix test)	mix credo	2026-09-24T01:56:22.7327169Z      Use ~c"" if you indeed want a charlist or use "" instead.
Elixir tests (mix credo + mix test)	mix credo	2026-09-24T01:56:22.7328119Z      You may run "mix format --migrate" to change all single-quoted
Elixir tests (mix credo + mix test)	mix credo	2026-09-24T01:56:22.7328898Z      strings to use the ~c sigil and fix this warning.
Elixir tests (mix credo + mix test)	mix credo	2026-09-24T01:56:22.7329627Z      │
Elixir tests (mix credo + mix test)	mix credo	2026-09-24T01:56:22.7330255Z  954 │               {:ok, {type, _, _, _}} when type in '-_' ->
Elixir tests (mix credo + mix test)	mix credo	2026-09-24T01:56:22.7331008Z      │                                                   ~
Elixir tests (mix credo + mix test)	mix credo	2026-09-24T01:56:22.7331647Z      │
Elixir tests (mix credo + mix test)	mix credo	2026-09-24T01:56:22.7332162Z      └─ lib/decoder.ex:954:51
Elixir tests (mix credo + mix test)	mix credo	2026-09-24T01:56:22.7332564Z 
Elixir tests (mix credo + mix test)	mix credo	2026-09-24T01:56:22.7379946Z      warning: using single-quoted strings to represent charlists is deprecated.
Elixir tests (mix credo + mix test)	mix credo	2026-09-24T01:56:22.7381371Z      Use ~c"" if you indeed want a charlist or use "" instead.
Elixir tests (mix credo + mix test)	mix credo	2026-09-24T01:56:22.7382326Z      You may run "mix format --migrate" to change all single-quoted
Elixir tests (mix credo + mix test)	mix credo	2026-09-24T01:56:22.7383376Z      strings to use the ~c sigil and fix this warning.
Elixir tests (mix credo + mix test)	mix credo	2026-09-24T01:56:22.7384368Z      │
Elixir tests (mix credo + mix test)	mix credo	2026-09-24T01:56:22.7385082Z  969 │       {:ok, {type, _, _, _}} when type in '-_' ->
Elixir tests (mix credo + mix test)	mix credo	2026-09-24T01:56:22.7385924Z      │                                           ~
Elixir tests (mix credo + mix test)	mix credo	2026-09-24T01:56:22.7386988Z      │
Elixir tests (mix credo + mix test)	mix credo	2026-09-24T01:56:22.7387609Z      └─ lib/decoder.ex:969:43
Elixir tests (mix credo + mix test)	mix credo	2026-09-24T01:56:22.7388073Z 
Elixir tests (mix credo + mix test)	mix credo	2026-09-24T01:56:22.7421921Z      warning: using single-quoted strings to represent charlists is deprecated.
Elixir tests (mix credo + mix test)	mix credo	2026-09-24T01:56:22.7423075Z      Use ~c"" if you indeed want a charlist or use "" instead.
Elixir tests (mix credo + mix test)	mix credo	2026-09-24T01:56:22.7424290Z      You may run "mix format --migrate" to change all single-quoted
Elixir tests (mix credo + mix test)	mix credo	2026-09-24T01:56:22.7425184Z      strings to use the ~c sigil and fix this warning.
Elixir tests (mix credo + mix test)	mix credo	2026-09-24T01:56:22.7425977Z      │
Elixir tests (mix credo + mix test)	mix credo	2026-09-24T01:56:22.7426669Z  983 │           {:ok, {type, _, _, _}} when type in '-_' ->
Elixir tests (mix credo + mix test)	mix credo	2026-09-24T01:56:22.7427505Z      │                                               ~
Elixir tests (mix credo + mix test)	mix credo	2026-09-24T01:56:22.7428164Z      │
Elixir tests (mix credo + mix test)	mix credo	2026-09-24T01:56:22.7428755Z      └─ lib/decoder.ex:983:47
Elixir tests (mix credo + mix test)	mix credo	2026-09-24T01:56:22.7429218Z 
Elixir tests (mix credo + mix test)	mix credo	2026-09-24T01:56:23.2205801Z Generated toml app
Elixir tests (mix credo + mix test)	mix credo	2026-09-24T01:56:23.5504099Z ==> ggen_igniter
Elixir tests (mix credo + mix test)	mix credo	2026-09-24T01:56:23.5505369Z ===> Analyzing applications...
Elixir tests (mix credo + mix test)	mix credo	2026-09-24T01:56:23.8566453Z ===> Compiling idna
Elixir tests (mix credo + mix test)	mix credo	2026-09-24T01:56:29.3398584Z ==> nimble_options
Elixir tests (mix credo + mix test)	mix credo	2026-09-24T01:56:29.3399276Z Compiling 3 files (.ex)
Elixir tests (mix credo + mix test)	mix credo	2026-09-24T01:56:29.6308089Z Generated nimble_options app
Elixir tests (mix credo + mix test)	mix credo	2026-09-24T01:56:29.6573078Z ==> nimble_parsec
Elixir tests (mix credo + mix test)	mix credo	2026-09-24T01:56:29.6574064Z Compiling 4 files (.ex)
Elixir tests (mix credo + mix test)	mix credo	2026-09-24T01:56:30.0097952Z Generated nimble_parsec app
Elixir tests (mix credo + mix test)	mix credo	2026-09-24T01:56:30.0319330Z ==> bunt
Elixir tests (mix credo + mix test)	mix credo	2026-09-24T01:56:30.0319932Z Compiling 2 files (.ex)
Elixir tests (mix credo + mix test)	mix credo	2026-09-24T01:56:30.3921811Z Generated bunt app
Elixir tests (mix credo + mix test)	mix credo	2026-09-24T01:56:30.4143060Z ==> phoenix_template
Elixir tests (mix credo + mix test)	mix credo	2026-09-24T01:56:30.4143993Z Compiling 4 files (.ex)
Elixir tests (mix credo + mix test)	mix credo	2026-09-24T01:56:30.5078297Z Generated phoenix_template app
Elixir tests (mix credo + mix test)	mix credo	2026-09-24T01:56:30.5332284Z ==> multigraph
Elixir tests (mix credo + mix test)	mix credo	2026-09-24T01:56:30.5332865Z Compiling 16 files (.ex)
Elixir tests (mix credo + mix test)	mix credo	2026-09-24T01:56:31.0646273Z Generated multigraph app
Elixir tests (mix credo + mix test)	mix credo	2026-09-24T01:56:31.4207539Z ==> ggen_igniter
Elixir tests (mix credo + mix test)	mix credo	2026-09-24T01:56:31.4208533Z ===> Analyzing applications...
Elixir tests (mix credo + mix test)	mix credo	2026-09-24T01:56:31.4586571Z ===> Compiling telemetry
Elixir tests (mix credo + mix test)	mix credo	2026-09-24T01:56:31.7056830Z ==> thousand_island
Elixir tests (mix credo + mix test)	mix credo	2026-09-24T01:56:31.7057909Z Compiling 18 files (.ex)
Elixir tests (mix credo + mix test)	mix credo	2026-09-24T01:56:31.9928408Z Generated thousand_island app
Elixir tests (mix credo + mix test)	mix credo	2026-09-24T01:56:32.0535845Z ==> zoi
Elixir tests (mix credo + mix test)	mix credo	2026-09-24T01:56:32.0536661Z Compiling 85 files (.ex)
Elixir tests (mix credo + mix test)	mix credo	2026-09-24T01:56:34.4774995Z Generated zoi app
Elixir tests (mix credo + mix test)	mix credo	2026-09-24T01:56:34.5815736Z ==> jason
Elixir tests (mix credo + mix test)	mix credo	2026-09-24T01:56:34.5817037Z Compiling 10 files (.ex)
Elixir tests (mix credo + mix test)	mix credo	2026-09-24T01:56:37.7435475Z Generated jason app
Elixir tests (mix credo + mix test)	mix credo	2026-09-24T01:56:37.8207105Z ==> excoveralls
Elixir tests (mix credo + mix test)	mix credo	2026-09-24T01:56:37.8207676Z Compiling 29 files (.ex)
Elixir tests (mix credo + mix test)	mix credo	2026-09-24T01:56:38.3042011Z      warning: CAStore.file_path/0 is undefined (module CAStore is not available or is yet to be defined). Make sure the module name is correct and has been specified in full (or that an alias has been defined)
Elixir tests (mix credo + mix test)	mix credo	2026-09-24T01:56:38.3043733Z      │
Elixir tests (mix credo + mix test)	mix credo	2026-09-24T01:56:38.3044301Z  111 │         [cacertfile: String.to_charlist(CAStore.file_path())]
Elixir tests (mix credo + mix test)	mix credo	2026-09-24T01:56:38.3044968Z      │                                                 ~
Elixir tests (mix credo + mix test)	mix credo	2026-09-24T01:56:38.3045409Z      │
Elixir tests (mix credo + mix test)	mix credo	2026-09-24T01:56:38.3046059Z      └─ lib/excoveralls/poster.ex:111:49: ExCoveralls.Poster.cacert_option/0
Elixir tests (mix credo + mix test)	mix credo	2026-09-24T01:56:38.3046590Z 
Elixir tests (mix credo + mix test)	mix credo	2026-09-24T01:56:38.3125725Z Generated excoveralls app
Elixir tests (mix credo + mix test)	mix credo	2026-09-24T01:56:38.3859700Z ==> flame
Elixir tests (mix credo + mix test)	mix credo	2026-09-24T01:56:38.3860261Z Compiling 16 files (.ex)
Elixir tests (mix credo + mix test)	mix credo	2026-09-24T01:56:38.8994630Z Generated flame app
Elixir tests (mix credo + mix test)	mix credo	2026-09-24T01:56:38.9877847Z ==> db_connection
Elixir tests (mix credo + mix test)	mix credo	2026-09-24T01:56:38.9878684Z Compiling 18 files (.ex)
Elixir tests (mix credo + mix test)	mix credo	2026-09-24T01:56:39.6475032Z Generated db_connection app
Elixir tests (mix credo + mix test)	mix credo	2026-09-24T01:56:39.7402877Z ==> phoenix_pubsub
Elixir tests (mix credo + mix test)	mix credo	2026-09-24T01:56:39.7403385Z Compiling 12 files (.ex)
Elixir tests (mix credo + mix test)	mix credo	2026-09-24T01:56:40.0953046Z Generated phoenix_pubsub app
Elixir tests (mix credo + mix test)	mix credo	2026-09-24T01:56:40.1423766Z ==> abnf_parsec
Elixir tests (mix credo + mix test)	mix credo	2026-09-24T01:56:40.1424564Z Compiling 4 files (.ex)
Elixir tests (mix credo + mix test)	mix credo	2026-09-24T01:56:41.5939254Z Generated abnf_parsec app
Elixir tests (mix credo + mix test)	mix credo	2026-09-24T01:56:41.6224807Z ==> websockex
Elixir tests (mix credo + mix test)	mix credo	2026-09-24T01:56:41.6225273Z Compiling 6 files (.ex)
Elixir tests (mix credo + mix test)	mix credo	2026-09-24T01:56:42.1008246Z Generated websockex app
Elixir tests (mix credo + mix test)	mix credo	2026-09-24T01:56:42.1338471Z ==> protocol_ex
Elixir tests (mix credo + mix test)	mix credo	2026-09-24T01:56:42.1339234Z Compiling 2 files (.ex)
Elixir tests (mix credo + mix test)	mix credo	2026-09-24T01:56:42.6715191Z Generated protocol_ex app
Elixir tests (mix credo + mix test)	mix credo	2026-09-24T01:56:42.6986278Z ==> plug_crypto
Elixir tests (mix credo + mix test)	mix credo	2026-09-24T01:56:42.6987312Z Compiling 5 files (.ex)
Elixir tests (mix credo + mix test)	mix credo	2026-09-24T01:56:42.8243237Z Generated plug_crypto app
Elixir tests (mix credo + mix test)	mix credo	2026-09-24T01:56:42.8535491Z ==> yuri_template
Elixir tests (mix credo + mix test)	mix credo	2026-09-24T01:56:42.8535985Z Compiling 15 files (.ex)
Elixir tests (mix credo + mix test)	mix credo	2026-09-24T01:56:42.8917504Z     warning: using single-quoted strings to represent charlists is deprecated.
Elixir tests (mix credo + mix test)	mix credo	2026-09-24T01:56:42.8934613Z     Use ~c"" if you indeed want a charlist or use "" instead.
Elixir tests (mix credo + mix test)	mix credo	2026-09-24T01:56:42.8935925Z     You may run "mix format --migrate" to change all single-quoted
Elixir tests (mix credo + mix test)	mix credo	2026-09-24T01:56:42.8964325Z     strings to use the ~c sigil and fix this warning.
Elixir tests (mix credo + mix test)	mix credo	2026-09-24T01:56:42.8965330Z     │
Elixir tests (mix credo + mix test)	mix credo	2026-09-24T01:56:42.8974373Z   9 │   def operator_level_2(prev \\ empty()), do: prev |> choice(Enum.map('+#', &ascii_char([&1])))
Elixir tests (mix credo + mix test)	mix credo	2026-09-24T01:56:42.8975529Z     │                                                                      ~
Elixir tests (mix credo + mix test)	mix credo	2026-09-24T01:56:42.8976175Z     │
Elixir tests (mix credo + mix test)	mix credo	2026-09-24T01:56:42.8976759Z     └─ lib/yuri_template/parsec.ex:9:70
Elixir tests (mix credo + mix test)	mix credo	2026-09-24T01:56:42.8977188Z 
Elixir tests (mix credo + mix test)	mix credo	2026-09-24T01:56:42.8977747Z     warning: using single-quoted strings to represent charlists is deprecated.
Elixir tests (mix credo + mix test)	mix credo	2026-09-24T01:56:42.8978752Z     Use ~c"" if you indeed want a charlist or use "" instead.
Elixir tests (mix credo + mix test)	mix credo	2026-09-24T01:56:42.8984793Z     You may run "mix format --migrate" to change all single-quoted
Elixir tests (mix credo + mix test)	mix credo	2026-09-24T01:56:42.8985640Z     strings to use the ~c sigil and fix this warning.
Elixir tests (mix credo + mix test)	mix credo	2026-09-24T01:56:42.8986359Z     │
Elixir tests (mix credo + mix test)	mix credo	2026-09-24T01:56:42.8987058Z  12 │     do: prev |> choice(Enum.map('./;?&', &ascii_char([&1])))
Elixir tests (mix credo + mix test)	mix credo	2026-09-24T01:56:42.8987807Z     │                                 ~
Elixir tests (mix credo + mix test)	mix credo	2026-09-24T01:56:42.8988343Z     │
Elixir tests (mix credo + mix test)	mix credo	2026-09-24T01:56:42.8988856Z     └─ lib/yuri_template/parsec.ex:12:33
Elixir tests (mix credo + mix test)	mix credo	2026-09-24T01:56:42.8989420Z 
Elixir tests (mix credo + mix test)	mix credo	2026-09-24T01:56:42.9072852Z     warning: using single-quoted strings to represent charlists is deprecated.
Elixir tests (mix credo + mix test)	mix credo	2026-09-24T01:56:42.9079624Z     Use ~c"" if you indeed want a charlist or use "" instead.
Elixir tests (mix credo + mix test)	mix credo	2026-09-24T01:56:42.9080641Z     You may run "mix format --migrate" to change all single-quoted
Elixir tests (mix credo + mix test)	mix credo	2026-09-24T01:56:42.9082113Z     strings to use the ~c sigil and fix this warning.
Elixir tests (mix credo + mix test)	mix credo	2026-09-24T01:56:42.9082888Z     │
Elixir tests (mix credo + mix test)	mix credo	2026-09-24T01:56:42.9083732Z  15 │     do: prev |> choice(Enum.map('=,!@|', &ascii_char([&1])))
Elixir tests (mix credo + mix test)	mix credo	2026-09-24T01:56:42.9084535Z     │                                 ~
Elixir tests (mix credo + mix test)	mix credo	2026-09-24T01:56:42.9085093Z     │
Elixir tests (mix credo + mix test)	mix credo	2026-09-24T01:56:42.9085665Z     └─ lib/yuri_template/parsec.ex:15:33
Elixir tests (mix credo + mix test)	mix credo	2026-09-24T01:56:42.9086124Z 
Elixir tests (mix credo + mix test)	mix credo	2026-09-24T01:56:42.9518780Z     warning: using single-quoted strings to represent charlists is deprecated.
Elixir tests (mix credo + mix test)	mix credo	2026-09-24T01:56:42.9534597Z     Use ~c"" if you indeed want a charlist or use "" instead.
Elixir tests (mix credo + mix test)	mix credo	2026-09-24T01:56:42.9558369Z     You may run "mix format --migrate" to change all single-quoted
Elixir tests (mix credo + mix test)	mix credo	2026-09-24T01:56:42.9575884Z     strings to use the ~c sigil and fix this warning.
Elixir tests (mix credo + mix test)	mix credo	2026-09-24T01:56:42.9576933Z     │
Elixir tests (mix credo + mix test)	mix credo	2026-09-24T01:56:42.9577593Z  15 │   defguardp is_op(op) when op in '+#?./;?&'
Elixir tests (mix credo + mix test)	mix credo	2026-09-24T01:56:42.9578326Z     │                                  ~
Elixir tests (mix credo + mix test)	mix credo	2026-09-24T01:56:42.9578986Z     │
Elixir tests (mix credo + mix test)	mix credo	2026-09-24T01:56:42.9579583Z     └─ lib/yuri_template/rfc6570.ex:15:34
Elixir tests (mix credo + mix test)	mix credo	2026-09-24T01:56:42.9580047Z 
Elixir tests (mix credo + mix test)	mix credo	2026-09-24T01:56:43.9996514Z Generated yuri_template app
Elixir tests (mix credo + mix test)	mix credo	2026-09-24T01:56:44.0288227Z ==> hpax
Elixir tests (mix credo + mix test)	mix credo	2026-09-24T01:56:44.0288880Z Compiling 4 files (.ex)
Elixir tests (mix credo + mix test)	mix credo	2026-09-24T01:56:44.3971837Z Generated hpax app
Elixir tests (mix credo + mix test)	mix credo	2026-09-24T01:56:44.4190036Z ==> mint
Elixir tests (mix credo + mix test)	mix credo	2026-09-24T01:56:44.4191041Z Compiling 1 file (.erl)
Elixir tests (mix credo + mix test)	mix credo	2026-09-24T01:56:44.4940743Z Compiling 19 files (.ex)
Elixir tests (mix credo + mix test)	mix credo	2026-09-24T01:56:45.4916370Z Generated mint app
Elixir tests (mix credo + mix test)	mix credo	2026-09-24T01:56:45.9322012Z ==> ggen_igniter
Elixir tests (mix credo + mix test)	mix credo	2026-09-24T01:56:45.9322931Z ===> Analyzing applications...
Elixir tests (mix credo + mix test)	mix credo	2026-09-24T01:56:46.0611889Z ===> Compiling yamerl
Elixir tests (mix credo + mix test)	mix credo	2026-09-24T01:56:47.6066214Z ==> yaml_elixir
Elixir tests (mix credo + mix test)	mix credo	2026-09-24T01:56:47.6066662Z Compiling 6 files (.ex)
Elixir tests (mix credo + mix test)	mix credo	2026-09-24T01:56:47.7030391Z Generated yaml_elixir app
Elixir tests (mix credo + mix test)	mix credo	2026-09-24T01:56:47.7438691Z ==> nimble_csv
Elixir tests (mix credo + mix test)	mix credo	2026-09-24T01:56:47.7439529Z Compiling 1 file (.ex)
Elixir tests (mix credo + mix test)	mix credo	2026-09-24T01:56:47.9692478Z Generated nimble_csv app
Elixir tests (mix credo + mix test)	mix credo	2026-09-24T01:56:47.9979666Z ==> jcs
Elixir tests (mix credo + mix test)	mix credo	2026-09-24T01:56:47.9981047Z Compiling 1 file (.ex)
Elixir tests (mix credo + mix test)	mix credo	2026-09-24T01:56:48.0555532Z Generated jcs app
Elixir tests (mix credo + mix test)	mix credo	2026-09-24T01:56:48.0806529Z ==> ex_ast
Elixir tests (mix credo + mix test)	mix credo	2026-09-24T01:56:48.0806949Z Compiling 36 files (.ex)
Elixir tests (mix credo + mix test)	mix credo	2026-09-24T01:56:48.9965015Z Generated ex_ast app
Elixir tests (mix credo + mix test)	mix credo	2026-09-24T01:56:49.1086442Z ==> splode
Elixir tests (mix credo + mix test)	mix credo	2026-09-24T01:56:49.1095013Z Compiling 5 files (.ex)
Elixir tests (mix credo + mix test)	mix credo	2026-09-24T01:56:49.2965091Z Generated splode app
Elixir tests (mix credo + mix test)	mix credo	2026-09-24T01:56:49.3218849Z ==> content_type
Elixir tests (mix credo + mix test)	mix credo	2026-09-24T01:56:49.3219614Z Compiling 1 file (.ex)
Elixir tests (mix credo + mix test)	mix credo	2026-09-24T01:56:49.3765140Z Generated content_type app
Elixir tests (mix credo + mix test)	mix credo	2026-09-24T01:56:49.4030399Z ==> glob_ex
Elixir tests (mix credo + mix test)	mix credo	2026-09-24T01:56:49.4031284Z Compiling 4 files (.ex)
Elixir tests (mix credo + mix test)	mix credo	2026-09-24T01:56:49.5439155Z Generated glob_ex app
Elixir tests (mix credo + mix test)	mix credo	2026-09-24T01:56:49.5846901Z ==> credo
Elixir tests (mix credo + mix test)	mix credo	2026-09-24T01:56:49.5847757Z Compiling 257 files (.ex)
Elixir tests (mix credo + mix test)	mix credo	2026-09-24T01:56:55.1058097Z Generated credo app
Elixir tests (mix credo + mix test)	mix credo	2026-09-24T01:56:55.2076111Z ==> ecto
Elixir tests (mix credo + mix test)	mix credo	2026-09-24T01:56:55.2076787Z Compiling 56 files (.ex)
Elixir tests (mix credo + mix test)	mix credo	2026-09-24T01:56:59.2585899Z Generated ecto app
Elixir tests (mix credo + mix test)	mix credo	2026-09-24T01:56:59.3523893Z ==> uniq
Elixir tests (mix credo + mix test)	mix credo	2026-09-24T01:56:59.3525126Z Compiling 5 files (.ex)
Elixir tests (mix credo + mix test)	mix credo	2026-09-24T01:57:00.0729276Z Generated uniq app
Elixir tests (mix credo + mix test)	mix credo	2026-09-24T01:57:00.0965252Z ==> rdf
Elixir tests (mix credo + mix test)	mix credo	2026-09-24T01:57:00.0965717Z Compiling 2 files (.xrl)
Elixir tests (mix credo + mix test)	mix credo	2026-09-24T01:57:00.9422503Z Compiling 4 files (.yrl)
Elixir tests (mix credo + mix test)	mix credo	2026-09-24T01:57:01.0225109Z Compiling 6 files (.erl)
Elixir tests (mix credo + mix test)	mix credo	2026-09-24T01:57:02.5155705Z Compiling 140 files (.ex)
Elixir tests (mix credo + mix test)	mix credo	2026-09-24T01:57:07.3794363Z Generated rdf app
Elixir tests (mix credo + mix test)	mix credo	2026-09-24T01:57:08.0136076Z ==> grax
Elixir tests (mix credo + mix test)	mix credo	2026-09-24T01:57:08.0136590Z Compiling 35 files (.ex)
Elixir tests (mix credo + mix test)	mix credo	2026-09-24T01:57:09.0225309Z Generated grax app
Elixir tests (mix credo + mix test)	mix credo	2026-09-24T01:57:09.1267540Z ==> prov
Elixir tests (mix credo + mix test)	mix credo	2026-09-24T01:57:09.1268394Z Compiling 52 files (.ex)
Elixir tests (mix credo + mix test)	mix credo	2026-09-24T01:57:13.9795930Z Generated prov app
Elixir tests (mix credo + mix test)	mix credo	2026-09-24T01:57:14.0881072Z ==> foaf
Elixir tests (mix credo + mix test)	mix credo	2026-09-24T01:57:14.0881727Z Compiling 15 files (.ex)
Elixir tests (mix credo + mix test)	mix credo	2026-09-24T01:57:15.8002696Z Generated foaf app
Elixir tests (mix credo + mix test)	mix credo	2026-09-24T01:57:15.8788149Z ==> skos
Elixir tests (mix credo + mix test)	mix credo	2026-09-24T01:57:15.8789280Z Compiling 5 files (.ex)
Elixir tests (mix credo + mix test)	mix credo	2026-09-24T01:57:16.3168167Z Generated skos app
Elixir tests (mix credo + mix test)	mix credo	2026-09-24T01:57:16.3567786Z ==> dcat
Elixir tests (mix credo + mix test)	mix credo	2026-09-24T01:57:16.3568755Z Compiling 23 files (.ex)
Elixir tests (mix credo + mix test)	mix credo	2026-09-24T01:57:18.7143726Z Generated dcat app
Elixir tests (mix credo + mix test)	mix credo	2026-09-24T01:57:18.8494621Z ==> rustler
Elixir tests (mix credo + mix test)	mix credo	2026-09-24T01:57:18.8495272Z Compiling 7 files (.ex)
Elixir tests (mix credo + mix test)	mix credo	2026-09-24T01:57:19.0200798Z Generated rustler app
Elixir tests (mix credo + mix test)	mix credo	2026-09-24T01:57:19.0612257Z ==> rustler_precompiled
Elixir tests (mix credo + mix test)	mix credo	2026-09-24T01:57:19.0613040Z Compiling 4 files (.ex)
Elixir tests (mix credo + mix test)	mix credo	2026-09-24T01:57:19.3219321Z Generated rustler_precompiled app
Elixir tests (mix credo + mix test)	mix credo	2026-09-24T01:57:19.3602354Z ==> dcatr
Elixir tests (mix credo + mix test)	mix credo	2026-09-24T01:57:19.3603072Z Compiling 32 files (.ex)
Elixir tests (mix credo + mix test)	mix credo	2026-09-24T01:57:20.1440928Z Generated dcatr app
Elixir tests (mix credo + mix test)	mix credo	2026-09-24T01:57:20.2802457Z ==> ets
Elixir tests (mix credo + mix test)	mix credo	2026-09-24T01:57:20.2803706Z Compiling 7 files (.ex)
Elixir tests (mix credo + mix test)	mix credo	2026-09-24T01:57:21.4111124Z Generated ets app
Elixir tests (mix credo + mix test)	mix credo	2026-09-24T01:57:21.4428357Z ==> plug
Elixir tests (mix credo + mix test)	mix credo	2026-09-24T01:57:21.4429108Z Compiling 1 file (.erl)
Elixir tests (mix credo + mix test)	mix credo	2026-09-24T01:57:21.5717132Z Compiling 42 files (.ex)
Elixir tests (mix credo + mix test)	mix credo	2026-09-24T01:57:23.2808214Z Generated plug app
Elixir tests (mix credo + mix test)	mix credo	2026-09-24T01:57:23.3883957Z ==> open_api_spex
Elixir tests (mix credo + mix test)	mix credo	2026-09-24T01:57:23.3885026Z Compiling 80 files (.ex)
Elixir tests (mix credo + mix test)	mix credo	2026-09-24T01:57:24.9426259Z Generated open_api_spex app
Elixir tests (mix credo + mix test)	mix credo	2026-09-24T01:57:25.0581266Z ==> postgrex
Elixir tests (mix credo + mix test)	mix credo	2026-09-24T01:57:25.0582358Z Compiling 70 files (.ex)
Elixir tests (mix credo + mix test)	mix credo	2026-09-24T01:57:29.9288704Z Generated postgrex app
Elixir tests (mix credo + mix test)	mix credo	2026-09-24T01:57:30.0517059Z ==> dotenvy
Elixir tests (mix credo + mix test)	mix credo	2026-09-24T01:57:30.0518030Z Compiling 3 files (.ex)
Elixir tests (mix credo + mix test)	mix credo	2026-09-24T01:57:30.4747665Z Generated dotenvy app
Elixir tests (mix credo + mix test)	mix credo	2026-09-24T01:57:30.5235548Z ==> makeup
Elixir tests (mix credo + mix test)	mix credo	2026-09-24T01:57:30.5236466Z Compiling 15 files (.ex)
Elixir tests (mix credo + mix test)	mix credo	2026-09-24T01:57:30.9431620Z Generated makeup app
Elixir tests (mix credo + mix test)	mix credo	2026-09-24T01:57:31.0056861Z ==> makeup_elixir
Elixir tests (mix credo + mix test)	mix credo	2026-09-24T01:57:31.0057741Z Compiling 6 files (.ex)
Elixir tests (mix credo + mix test)	mix credo	2026-09-24T01:57:39.8315314Z Generated makeup_elixir app
Elixir tests (mix credo + mix test)	mix credo	2026-09-24T01:57:39.8633518Z ==> makeup_erlang
Elixir tests (mix credo + mix test)	mix credo	2026-09-24T01:57:39.8634370Z Compiling 4 files (.ex)
Elixir tests (mix credo + mix test)	mix credo	2026-09-24T01:57:51.1088705Z Compiling lib/makeup/lexers/erlang_lexer.ex (it's taking more than 10s)
Elixir tests (mix credo + mix test)	mix credo	2026-09-24T01:57:51.3439212Z Generated makeup_erlang app
Elixir tests (mix credo + mix test)	mix credo	2026-09-24T01:57:51.3903353Z ==> ex_doc
Elixir tests (mix credo + mix test)	mix credo	2026-09-24T01:57:51.3904232Z Compiling 30 files (.ex)
Elixir tests (mix credo + mix test)	mix credo	2026-09-24T01:57:52.5675138Z Generated ex_doc app
Elixir tests (mix credo + mix test)	mix credo	2026-09-24T01:57:52.6089237Z warning: the dependency :group requires Elixir "~> 1.19" but you are running on v1.18.4
Elixir tests (mix credo + mix test)	mix credo	2026-09-24T01:57:52.6090528Z ==> group
Elixir tests (mix credo + mix test)	mix credo	2026-09-24T01:57:52.6587252Z Compiling 9 files (.ex)
Elixir tests (mix credo + mix test)	mix credo	2026-09-24T01:57:53.3974421Z Generated group app
Elixir tests (mix credo + mix test)	mix credo	2026-09-24T01:57:53.4369098Z ==> faker
Elixir tests (mix credo + mix test)	mix credo	2026-09-24T01:57:53.4369743Z Compiling 111 files (.ex)
Elixir tests (mix credo + mix test)	mix credo	2026-09-24T01:57:53.4399295Z     warning: using single-quoted strings to represent charlists is deprecated.
Elixir tests (mix credo + mix test)	mix credo	2026-09-24T01:57:53.4417891Z     Use ~c"" if you indeed want a charlist or use "" instead.
Elixir tests (mix credo + mix test)	mix credo	2026-09-24T01:57:53.4419279Z     You may run "mix format --migrate" to change all single-quoted
Elixir tests (mix credo + mix test)	mix credo	2026-09-24T01:57:53.4420351Z     strings to use the ~c sigil and fix this warning.
Elixir tests (mix credo + mix test)	mix credo	2026-09-24T01:57:53.4421866Z     │
Elixir tests (mix credo + mix test)	mix credo	2026-09-24T01:57:53.4423131Z  50 │   @alphabet 'ABCDEFGHIJKLMNOPQRSTUVWXYZabcdefghijklmnopqrstuvwxyz'
Elixir tests (mix credo + mix test)	mix credo	2026-09-24T01:57:53.4425872Z     │             ~
Elixir tests (mix credo + mix test)	mix credo	2026-09-24T01:57:53.4427320Z     │
Elixir tests (mix credo + mix test)	mix credo	2026-09-24T01:57:53.4428463Z     └─ lib/faker.ex:50:13
Elixir tests (mix credo + mix test)	mix credo	2026-09-24T01:57:53.4429009Z 
Elixir tests (mix credo + mix test)	mix credo	2026-09-24T01:57:53.4429690Z     warning: using single-quoted strings to represent charlists is deprecated.
Elixir tests (mix credo + mix test)	mix credo	2026-09-24T01:57:53.4430744Z     Use ~c"" if you indeed want a charlist or use "" instead.
Elixir tests (mix credo + mix test)	mix credo	2026-09-24T01:57:53.4431680Z     You may run "mix format --migrate" to change all single-quoted
Elixir tests (mix credo + mix test)	mix credo	2026-09-24T01:57:53.4432616Z     strings to use the ~c sigil and fix this warning.
Elixir tests (mix credo + mix test)	mix credo	2026-09-24T01:57:53.4433349Z     │
Elixir tests (mix credo + mix test)	mix credo	2026-09-24T01:57:53.4434254Z   6 │   @geobase32 '0123456789bcdefghjkmnpqrstuvwxyz'
Elixir tests (mix credo + mix test)	mix credo	2026-09-24T01:57:53.4435004Z     │              ~
Elixir tests (mix credo + mix test)	mix credo	2026-09-24T01:57:53.4435534Z     │
Elixir tests (mix credo + mix test)	mix credo	2026-09-24T01:57:53.4436127Z     └─ lib/faker/address.ex:6:14
Elixir tests (mix credo + mix test)	mix credo	2026-09-24T01:57:53.4436597Z 
Elixir tests (mix credo + mix test)	mix credo	2026-09-24T01:57:54.0825164Z      warning: using single-quoted strings to represent charlists is deprecated.
Elixir tests (mix credo + mix test)	mix credo	2026-09-24T01:57:54.0826558Z      Use ~c"" if you indeed want a charlist or use "" instead.
Elixir tests (mix credo + mix test)	mix credo	2026-09-24T01:57:54.0827452Z      You may run "mix format --migrate" to change all single-quoted
Elixir tests (mix credo + mix test)	mix credo	2026-09-24T01:57:54.0828276Z      strings to use the ~c sigil and fix this warning.
Elixir tests (mix credo + mix test)	mix credo	2026-09-24T01:57:54.0829625Z      │
Elixir tests (mix credo + mix test)	mix credo	2026-09-24T01:57:54.0830591Z  501 │     alphabet = 'ABCDEFGHIJKLMNOPQRSTUVWXYZabcdefghijklmnopqrstuvwxyz0123456789'
Elixir tests (mix credo + mix test)	mix credo	2026-09-24T01:57:54.0831646Z      │                ~
Elixir tests (mix credo + mix test)	mix credo	2026-09-24T01:57:54.0832199Z      │
Elixir tests (mix credo + mix test)	mix credo	2026-09-24T01:57:54.0832813Z      └─ lib/faker/lorem.ex:501:16
Elixir tests (mix credo + mix test)	mix credo	2026-09-24T01:57:54.0833272Z 
Elixir tests (mix credo + mix test)	mix credo	2026-09-24T01:57:54.0986911Z warning: first..last inside match is deprecated, you must always match on the step: first..last//var or first..last//_ if you want to ignore it
Elixir tests (mix credo + mix test)	mix credo	2026-09-24T01:57:54.1015181Z ##[warning]  lib/faker/lorem.ex:299: Faker.Lorem.characters/1
Elixir tests (mix credo + mix test)	mix credo	2026-09-24T01:57:54.1021681Z 
Elixir tests (mix credo + mix test)	mix credo	2026-09-24T01:57:54.1022338Z warning: first..last inside match is deprecated, you must always match on the step: first..last//var or first..last//_ if you want to ignore it
Elixir tests (mix credo + mix test)	mix credo	2026-09-24T01:57:54.1024276Z ##[warning]  lib/faker/lorem.ex:333: Faker.Lorem.paragraph/1
Elixir tests (mix credo + mix test)	mix credo	2026-09-24T01:57:54.1025105Z 
Elixir tests (mix credo + mix test)	mix credo	2026-09-24T01:57:54.1025565Z warning: first..last inside match is deprecated, you must always match on the step: first..last//var or first..last//_ if you want to ignore it
Elixir tests (mix credo + mix test)	mix credo	2026-09-24T01:57:54.1026690Z ##[warning]  lib/faker/lorem.ex:363: Faker.Lorem.paragraphs/1
Elixir tests (mix credo + mix test)	mix credo	2026-09-24T01:57:54.1027265Z 
Elixir tests (mix credo + mix test)	mix credo	2026-09-24T01:57:54.1027706Z warning: first..last inside match is deprecated, you must always match on the step: first..last//var or first..last//_ if you want to ignore it
Elixir tests (mix credo + mix test)	mix credo	2026-09-24T01:57:54.1028704Z ##[warning]  lib/faker/lorem.ex:397: Faker.Lorem.sentence/1
Elixir tests (mix credo + mix test)	mix credo	2026-09-24T01:57:54.1029304Z 
Elixir tests (mix credo + mix test)	mix credo	2026-09-24T01:57:54.1029717Z warning: first..last inside match is deprecated, you must always match on the step: first..last//var or first..last//_ if you want to ignore it
Elixir tests (mix credo + mix test)	mix credo	2026-09-24T01:57:54.1030711Z ##[warning]  lib/faker/lorem.ex:454: Faker.Lorem.sentences/1
Elixir tests (mix credo + mix test)	mix credo	2026-09-24T01:57:54.1031295Z 
Elixir tests (mix credo + mix test)	mix credo	2026-09-24T01:57:54.1031704Z warning: first..last inside match is deprecated, you must always match on the step: first..last//var or first..last//_ if you want to ignore it
Elixir tests (mix credo + mix test)	mix credo	2026-09-24T01:57:54.1032666Z ##[warning]  lib/faker/lorem.ex:488: Faker.Lorem.words/1
Elixir tests (mix credo + mix test)	mix credo	2026-09-24T01:57:54.1033727Z 
Elixir tests (mix credo + mix test)	mix credo	2026-09-24T01:57:54.3230314Z warning: first..last inside match is deprecated, you must always match on the step: first..last//var or first..last//_ if you want to ignore it
Elixir tests (mix credo + mix test)	mix credo	2026-09-24T01:57:54.3233335Z ##[warning]  lib/faker/pizza.ex:50: Faker.Pizza.pizzas/1
Elixir tests (mix credo + mix test)	mix credo	2026-09-24T01:57:54.3236190Z 
Elixir tests (mix credo + mix test)	mix credo	2026-09-24T01:57:54.3245011Z warning: first..last inside match is deprecated, you must always match on the step: first..last//var or first..last//_ if you want to ignore it
Elixir tests (mix credo + mix test)	mix credo	2026-09-24T01:57:54.3247367Z ##[warning]  lib/faker/pizza.ex:105: Faker.Pizza.toppings/1
Elixir tests (mix credo + mix test)	mix credo	2026-09-24T01:57:54.3248710Z 
Elixir tests (mix credo + mix test)	mix credo	2026-09-24T01:57:54.6385584Z Generated faker app
Elixir tests (mix credo + mix test)	mix credo	2026-09-24T01:57:54.7284002Z ==> wasmex
Elixir tests (mix credo + mix test)	mix credo	2026-09-24T01:57:54.7285275Z Compiling 27 files (.ex)
Elixir tests (mix credo + mix test)	mix credo	2026-09-24T01:57:55.2024772Z 
Elixir tests (mix credo + mix test)	mix credo	2026-09-24T01:57:55.2026259Z 01:57:55.201 [debug] Downloading NIF from https://github.com/tessi/wasmex/releases/download/v0.15.1/libwasmex-v0.15.1-nif-2.15-x86_64-unknown-linux-gnu.so.tar.gz
Elixir tests (mix credo + mix test)	mix credo	2026-09-24T01:57:56.5064986Z 
Elixir tests (mix credo + mix test)	mix credo	2026-09-24T01:57:56.5067251Z 01:57:56.505 [debug] NIF cached at /home/runner/.cache/rustler_precompiled/precompiled_nifs/libwasmex-v0.15.1-nif-2.15-x86_64-unknown-linux-gnu.so.tar.gz and extracted to /home/runner/work/ggen_igniter/ggen_igniter/_build/dev/lib/wasmex/priv/native/libwasmex-v0.15.1-nif-2.15-x86_64-unknown-linux-gnu.so.tar.gz
Elixir tests (mix credo + mix test)	mix credo	2026-09-24T01:57:56.5625176Z Generated wasmex app
Elixir tests (mix credo + mix test)	mix credo	2026-09-24T01:57:56.6865116Z ==> erlex
Elixir tests (mix credo + mix test)	mix credo	2026-09-24T01:57:56.6897647Z Compiling 1 file (.xrl)
Elixir tests (mix credo + mix test)	mix credo	2026-09-24T01:57:56.7291617Z Compiling 1 file (.yrl)
Elixir tests (mix credo + mix test)	mix credo	2026-09-24T01:57:56.7852783Z Compiling 2 files (.erl)
Elixir tests (mix credo + mix test)	mix credo	2026-09-24T01:57:57.1949544Z Compiling 2 files (.ex)
Elixir tests (mix credo + mix test)	mix credo	2026-09-24T01:57:57.3514673Z Generated erlex app
Elixir tests (mix credo + mix test)	mix credo	2026-09-24T01:57:57.3855525Z ==> dialyxir
Elixir tests (mix credo + mix test)	mix credo	2026-09-24T01:57:57.3856017Z Compiling 67 files (.ex)
Elixir tests (mix credo + mix test)	mix credo	2026-09-24T01:57:58.2499323Z Generated dialyxir app
Elixir tests (mix credo + mix test)	mix credo	2026-09-24T01:57:58.3619390Z ==> crux
Elixir tests (mix credo + mix test)	mix credo	2026-09-24T01:57:58.3620402Z Compiling 20 files (.ex)
Elixir tests (mix credo + mix test)	mix credo	2026-09-24T01:57:58.8974697Z Generated crux app
Elixir tests (mix credo + mix test)	mix credo	2026-09-24T01:57:58.9896174Z ==> iterex
Elixir tests (mix credo + mix test)	mix credo	2026-09-24T01:57:58.9897002Z Compiling 48 files (.ex)
Elixir tests (mix credo + mix test)	mix credo	2026-09-24T01:58:02.3773148Z Generated iterex app
Elixir tests (mix credo + mix test)	mix credo	2026-09-24T01:58:02.4839411Z ==> nimble_pool
Elixir tests (mix credo + mix test)	mix credo	2026-09-24T01:58:02.4840467Z Compiling 2 files (.ex)
Elixir tests (mix credo + mix test)	mix credo	2026-09-24T01:58:02.8349917Z Generated nimble_pool app
Elixir tests (mix credo + mix test)	mix credo	2026-09-24T01:58:02.8688791Z ==> finch
Elixir tests (mix credo + mix test)	mix credo	2026-09-24T01:58:02.8689403Z Compiling 23 files (.ex)
Elixir tests (mix credo + mix test)	mix credo	2026-09-24T01:58:03.5481526Z Generated finch app
Elixir tests (mix credo + mix test)	mix credo	2026-09-24T01:58:03.6326156Z ==> tesla
Elixir tests (mix credo + mix test)	mix credo	2026-09-24T01:58:03.6326836Z Compiling 57 files (.ex)
Elixir tests (mix credo + mix test)	mix credo	2026-09-24T01:58:04.7410770Z Generated tesla app
Elixir tests (mix credo + mix test)	mix credo	2026-09-24T01:58:04.8650658Z ==> json_ld
Elixir tests (mix credo + mix test)	mix credo	2026-09-24T01:58:04.8651317Z Compiling 17 files (.ex)
Elixir tests (mix credo + mix test)	mix credo	2026-09-24T01:58:05.8735187Z Generated json_ld app
Elixir tests (mix credo + mix test)	mix credo	2026-09-24T01:58:05.9364784Z ==> req
Elixir tests (mix credo + mix test)	mix credo	2026-09-24T01:58:05.9365699Z Compiling 24 files (.ex)
Elixir tests (mix credo + mix test)	mix credo	2026-09-24T01:58:07.0454672Z Generated req app
Elixir tests (mix credo + mix test)	mix credo	2026-09-24T01:58:07.1244715Z ==> req_s3
Elixir tests (mix credo + mix test)	mix credo	2026-09-24T01:58:07.1245354Z Compiling 2 files (.ex)
Elixir tests (mix credo + mix test)	mix credo	2026-09-24T01:58:07.2353800Z Generated req_s3 app
Elixir tests (mix credo + mix test)	mix credo	2026-09-24T01:58:07.2881670Z ==> ecto_sql
Elixir tests (mix credo + mix test)	mix credo	2026-09-24T01:58:07.2882276Z Compiling 25 files (.ex)
Elixir tests (mix credo + mix test)	mix credo	2026-09-24T01:58:08.4639210Z Generated ecto_sql app
Elixir tests (mix credo + mix test)	mix credo	2026-09-24T01:58:08.5293787Z ==> server_sent_events
Elixir tests (mix credo + mix test)	mix credo	2026-09-24T01:58:08.5294311Z Compiling 2 files (.ex)
Elixir tests (mix credo + mix test)	mix credo	2026-09-24T01:58:08.6197382Z Generated server_sent_events app
Elixir tests (mix credo + mix test)	mix credo	2026-09-24T01:58:08.6529891Z ==> rewrite
Elixir tests (mix credo + mix test)	mix credo	2026-09-24T01:58:08.6530509Z Compiling 13 files (.ex)
Elixir tests (mix credo + mix test)	mix credo	2026-09-24T01:58:09.1300530Z Generated rewrite app
Elixir tests (mix credo + mix test)	mix credo	2026-09-24T01:58:09.2039838Z ==> owl
Elixir tests (mix credo + mix test)	mix credo	2026-09-24T01:58:09.2041508Z Compiling 19 files (.ex)
Elixir tests (mix credo + mix test)	mix credo	2026-09-24T01:58:09.7072839Z Generated owl app
Elixir tests (mix credo + mix test)	mix credo	2026-09-24T01:58:09.7979454Z ==> igniter
Elixir tests (mix credo + mix test)	mix credo	2026-09-24T01:58:09.7980390Z Compiling 62 files (.ex)
Elixir tests (mix credo + mix test)	mix credo	2026-09-24T01:58:12.2276501Z Generated igniter app
Elixir tests (mix credo + mix test)	mix credo	2026-09-24T01:58:12.3491142Z ==> oban
Elixir tests (mix credo + mix test)	mix credo	2026-09-24T01:58:12.3491614Z Compiling 70 files (.ex)
Elixir tests (mix credo + mix test)	mix credo	2026-09-24T01:58:14.1555991Z Generated oban app
Elixir tests (mix credo + mix test)	mix credo	2026-09-24T01:58:14.2771839Z ==> llm_db
Elixir tests (mix credo + mix test)	mix credo	2026-09-24T01:58:14.2772348Z Compiling 65 files (.ex)
Elixir tests (mix credo + mix test)	mix credo	2026-09-24T01:58:16.1504811Z Generated llm_db app
Elixir tests (mix credo + mix test)	mix credo	2026-09-24T01:58:16.2787162Z ==> spark
Elixir tests (mix credo + mix test)	mix credo	2026-09-24T01:58:16.2788363Z Compiling 46 files (.ex)
Elixir tests (mix credo + mix test)	mix credo	2026-09-24T01:58:18.5752531Z Generated spark app
Elixir tests (mix credo + mix test)	mix credo	2026-09-24T01:58:18.6825182Z ==> reactor
Elixir tests (mix credo + mix test)	mix credo	2026-09-24T01:58:18.6825904Z Compiling 113 files (.ex)
Elixir tests (mix credo + mix test)	mix credo	2026-09-24T01:58:28.2594424Z Generated reactor app
Elixir tests (mix credo + mix test)	mix credo	2026-09-24T01:58:28.4422520Z ==> ash
Elixir tests (mix credo + mix test)	mix credo	2026-09-24T01:58:28.4423956Z Compiling 617 files (.ex)
Elixir tests (mix credo + mix test)	mix credo	2026-09-24T01:58:48.4487838Z Compiling lib/ash/reactor/reactor.ex (it's taking more than 10s)
Elixir tests (mix credo + mix test)	mix credo	2026-09-24T01:59:03.5389601Z 
Elixir tests (mix credo + mix test)	mix credo	2026-09-24T01:59:03.5391060Z 01:59:03.538 [warning] Mix.Tasks.Ash.Set.Domains (/home/runner/work/ggen_igniter/ggen_igniter/deps/ash/lib/mix/tasks/ash.set.domains.ex):
Elixir tests (mix credo + mix test)	mix credo	2026-09-24T01:59:03.5392440Z 
Elixir tests (mix credo + mix test)	mix credo	2026-09-24T01:59:03.5395659Z     Module defines `igniter/2`, but `igniter/2` is deprecated.
Elixir tests (mix credo + mix test)	mix credo	2026-09-24T01:59:03.5396936Z     Please refactor to `igniter/1`. Use `igniter.args` to access `argv`, `positional` and `options`.
Elixir tests (mix credo + mix test)	mix credo	2026-09-24T01:59:03.5397865Z 
Elixir tests (mix credo + mix test)	mix credo	2026-09-24T01:59:18.2297476Z Compiling lib/ash/resource/dsl.ex (it's taking more than 10s)
Elixir tests (mix credo + mix test)	mix credo	2026-09-24T01:59:22.6352588Z Generated ash app
Elixir tests (mix credo + mix test)	mix credo	2026-09-24T01:59:22.7869228Z ==> ash_state_machine
Elixir tests (mix credo + mix test)	mix credo	2026-09-24T01:59:22.7870750Z Compiling 17 files (.ex)
Elixir tests (mix credo + mix test)	mix credo	2026-09-24T01:59:23.8549056Z Generated ash_state_machine app
Elixir tests (mix credo + mix test)	mix credo	2026-09-24T01:59:23.9802397Z ==> ash_sql
Elixir tests (mix credo + mix test)	mix credo	2026-09-24T01:59:23.9803537Z Compiling 14 files (.ex)
Elixir tests (mix credo + mix test)	mix credo	2026-09-24T01:59:29.6197720Z Generated ash_sql app
Elixir tests (mix credo + mix test)	mix credo	2026-09-24T01:59:29.8128140Z ==> ash_postgres
Elixir tests (mix credo + mix test)	mix credo	2026-09-24T01:59:29.8128601Z Compiling 65 files (.ex)
Elixir tests (mix credo + mix test)	mix credo	2026-09-24T01:59:35.8019495Z Generated ash_postgres app
Elixir tests (mix credo + mix test)	mix credo	2026-09-24T01:59:36.0677526Z ==> elixir_make
Elixir tests (mix credo + mix test)	mix credo	2026-09-24T01:59:36.0678835Z Compiling 8 files (.ex)
Elixir tests (mix credo + mix test)	mix credo	2026-09-24T01:59:36.3148565Z Generated elixir_make app
Elixir tests (mix credo + mix test)	mix credo	2026-09-24T01:59:36.3543855Z ==> cc_precompiler
Elixir tests (mix credo + mix test)	mix credo	2026-09-24T01:59:36.3546554Z Compiling 3 files (.ex)
Elixir tests (mix credo + mix test)	mix credo	2026-09-24T01:59:36.5106402Z Generated cc_precompiler app
Elixir tests (mix credo + mix test)	mix credo	2026-09-24T01:59:36.5394311Z warning: the dependency :ekv requires Elixir "~> 1.19" but you are running on v1.18.4
Elixir tests (mix credo + mix test)	mix credo	2026-09-24T01:59:36.5395062Z ==> ekv
Elixir tests (mix credo + mix test)	mix credo	2026-09-24T01:59:36.5425939Z Downloading precompiled NIF to /home/runner/.cache/elixir_make/ekv-nif-2.17-x86_64-linux-gnu-0.4.3.tar.gz
Elixir tests (mix credo + mix test)	mix credo	2026-09-24T01:59:36.7734169Z Error happened while installing ekv from precompiled binary: "precompiled \"ekv-nif-2.17-x86_64-linux-gnu-0.4.3.tar.gz\" does not exist in checksum.exs".
Elixir tests (mix credo + mix test)	mix credo	2026-09-24T01:59:36.7735515Z 
Elixir tests (mix credo + mix test)	mix credo	2026-09-24T01:59:36.7736259Z Attempting to compile ekv from source...
Elixir tests (mix credo + mix test)	mix credo	2026-09-24T01:59:36.7875962Z cc -O2 -fPIC -I/home/runner/work/_temp/.setup-beam/otp/erts-15.2.2/include -Ic_src -DSQLITE_THREADSAFE=1 -DSQLITE_USE_URI=1 -DSQLITE_DQS=0 -DHAVE_USLEEP=1 -DSQLITE_ENABLE_STAT4=1 -DSQLITE_LIKE_DOESNT_MATCH_BLOBS=1 -DNDEBUG=1 -shared -lpthread -ldl -lm -o /home/runner/work/ggen_igniter/ggen_igniter/_build/dev/lib/ekv/priv/ekv_sqlite3_nif.so c_src/ekv_sqlite3_nif.c c_src/sqlite3.c
Elixir tests (mix credo + mix test)	mix credo	2026-09-24T01:59:58.6184672Z Compiling 24 files (.ex)
Elixir tests (mix credo + mix test)	mix credo	2026-09-24T02:00:00.9861250Z Generated ekv app
Elixir tests (mix credo + mix test)	mix credo	2026-09-24T02:00:01.0802056Z ==> websock
Elixir tests (mix credo + mix test)	mix credo	2026-09-24T02:00:01.0802955Z Compiling 1 file (.ex)
Elixir tests (mix credo + mix test)	mix credo	2026-09-24T02:00:01.1134859Z Generated websock app
Elixir tests (mix credo + mix test)	mix credo	2026-09-24T02:00:01.1836923Z ==> bandit
Elixir tests (mix credo + mix test)	mix credo	2026-09-24T02:00:01.1837402Z Compiling 54 files (.ex)
Elixir tests (mix credo + mix test)	mix credo	2026-09-24T02:00:03.3622737Z Generated bandit app
Elixir tests (mix credo + mix test)	mix credo	2026-09-24T02:00:03.4681593Z ==> a2a
Elixir tests (mix credo + mix test)	mix credo	2026-09-24T02:00:03.4694428Z Compiling 30 files (.ex)
Elixir tests (mix credo + mix test)	mix credo	2026-09-24T02:00:04.6891146Z Generated a2a app
Elixir tests (mix credo + mix test)	mix credo	2026-09-24T02:00:04.8298336Z ==> websock_adapter
Elixir tests (mix credo + mix test)	mix credo	2026-09-24T02:00:04.8299416Z Compiling 4 files (.ex)
Elixir tests (mix credo + mix test)	mix credo	2026-09-24T02:00:04.9489114Z Generated websock_adapter app
Elixir tests (mix credo + mix test)	mix credo	2026-09-24T02:00:05.0160983Z ==> phoenix
Elixir tests (mix credo + mix test)	mix credo	2026-09-24T02:00:05.0161685Z Compiling 75 files (.ex)
Elixir tests (mix credo + mix test)	mix credo	2026-09-24T02:00:08.1211903Z Generated phoenix app
Elixir tests (mix credo + mix test)	mix credo	2026-09-24T02:00:08.3032577Z ==> sweet_xml
Elixir tests (mix credo + mix test)	mix credo	2026-09-24T02:00:08.3034001Z Compiling 2 files (.ex)
Elixir tests (mix credo + mix test)	mix credo	2026-09-24T02:00:08.6149156Z Generated sweet_xml app
Elixir tests (mix credo + mix test)	mix credo	2026-09-24T02:00:08.6547344Z ==> sparql
Elixir tests (mix credo + mix test)	mix credo	2026-09-24T02:00:08.6548402Z Compiling 1 file (.xrl)
Elixir tests (mix credo + mix test)	mix credo	2026-09-24T02:00:15.4882974Z Compiling 1 file (.yrl)
Elixir tests (mix credo + mix test)	mix credo	2026-09-24T02:00:16.1658684Z Compiling 2 files (.erl)
Elixir tests (mix credo + mix test)	mix credo	2026-09-24T02:00:34.9391563Z Compiling 43 files (.ex)
Elixir tests (mix credo + mix test)	mix credo	2026-09-24T02:00:36.8089015Z Generated sparql app
Elixir tests (mix credo + mix test)	mix credo	2026-09-24T02:00:37.3041840Z ==> durable_server
Elixir tests (mix credo + mix test)	mix credo	2026-09-24T02:00:37.3043944Z warning: the dependency :durable_server requires Elixir "~> 1.19" but you are running on v1.18.4
Elixir tests (mix credo + mix test)	mix credo	2026-09-24T02:00:37.3185614Z Compiling 18 files (.ex)
Elixir tests (mix credo + mix test)	mix credo	2026-09-24T02:00:39.3979227Z Generated durable_server app
Elixir tests (mix credo + mix test)	mix credo	2026-09-24T02:00:39.4632694Z ==> texture
Elixir tests (mix credo + mix test)	mix credo	2026-09-24T02:00:39.4633318Z Compiling 7 files (.ex)
Elixir tests (mix credo + mix test)	mix credo	2026-09-24T02:00:40.5858021Z Generated texture app
Elixir tests (mix credo + mix test)	mix credo	2026-09-24T02:00:40.6554584Z ==> jsv
Elixir tests (mix credo + mix test)	mix credo	2026-09-24T02:00:40.6555061Z Compiling 74 files (.ex)
Elixir tests (mix credo + mix test)	mix credo	2026-09-24T02:00:45.1090276Z Generated jsv app
Elixir tests (mix credo + mix test)	mix credo	2026-09-24T02:00:45.2476408Z ==> req_llm
Elixir tests (mix credo + mix test)	mix credo	2026-09-24T02:00:45.2477481Z Compiling 211 files (.ex)
Elixir tests (mix credo + mix test)	mix credo	2026-09-24T02:00:55.4681336Z Generated req_llm app
Elixir tests (mix credo + mix test)	mix credo	2026-09-24T02:00:55.7294683Z ==> conv_case
Elixir tests (mix credo + mix test)	mix credo	2026-09-24T02:00:55.7295695Z Compiling 1 file (.ex)
Elixir tests (mix credo + mix test)	mix credo	2026-09-24T02:00:55.8644300Z Generated conv_case app
Elixir tests (mix credo + mix test)	mix credo	2026-09-24T02:00:55.9795415Z ==> xema
Elixir tests (mix credo + mix test)	mix credo	2026-09-24T02:00:55.9796599Z Compiling 19 files (.ex)
Elixir tests (mix credo + mix test)	mix credo	2026-09-24T02:00:57.5308485Z Generated xema app
Elixir tests (mix credo + mix test)	mix credo	2026-09-24T02:00:57.6415086Z ==> json_xema
Elixir tests (mix credo + mix test)	mix credo	2026-09-24T02:00:57.6416254Z Compiling 4 files (.ex)
Elixir tests (mix credo + mix test)	mix credo	2026-09-24T02:00:57.8679137Z Generated json_xema app
Elixir tests (mix credo + mix test)	mix credo	2026-09-24T02:00:57.9246447Z ==> ash_json_api
Elixir tests (mix credo + mix test)	mix credo	2026-09-24T02:00:57.9246920Z Compiling 76 files (.ex)
Elixir tests (mix credo + mix test)	mix credo	2026-09-24T02:01:08.0767008Z Generated ash_json_api app
Elixir tests (mix credo + mix test)	mix credo	2026-09-24T02:01:08.3652347Z ==> saxy
Elixir tests (mix credo + mix test)	mix credo	2026-09-24T02:01:08.3653556Z Compiling 19 files (.ex)
Elixir tests (mix credo + mix test)	mix credo	2026-09-24T02:01:11.0724351Z Generated saxy app
Elixir tests (mix credo + mix test)	mix credo	2026-09-24T02:01:11.1898811Z ==> rdf_xml
Elixir tests (mix credo + mix test)	mix credo	2026-09-24T02:01:11.1899676Z Compiling 17 files (.ex)
Elixir tests (mix credo + mix test)	mix credo	2026-09-24T02:01:12.3727825Z Generated rdf_xml app
Elixir tests (mix credo + mix test)	mix credo	2026-09-24T02:01:12.4266378Z ==> sparql_client
Elixir tests (mix credo + mix test)	mix credo	2026-09-24T02:01:12.4266888Z Compiling 9 files (.ex)
Elixir tests (mix credo + mix test)	mix credo	2026-09-24T02:01:12.7284421Z Generated sparql_client app
Elixir tests (mix credo + mix test)	mix credo	2026-09-24T02:01:12.7922536Z ==> gno
Elixir tests (mix credo + mix test)	mix credo	2026-09-24T02:01:12.7923200Z Compiling 36 files (.ex)
Elixir tests (mix credo + mix test)	mix credo	2026-09-24T02:01:14.5769773Z Generated gno app
Elixir tests (mix credo + mix test)	mix credo	2026-09-24T02:01:14.7268535Z ==> ash_r2rml
Elixir tests (mix credo + mix test)	mix credo	2026-09-24T02:01:14.7269827Z Compiling 111 files (.ex)
Elixir tests (mix credo + mix test)	mix credo	2026-09-24T02:01:22.4143630Z Generated ash_r2rml app
Elixir tests (mix credo + mix test)	mix credo	2026-09-24T02:01:22.5931904Z ==> ash_oban
Elixir tests (mix credo + mix test)	mix credo	2026-09-24T02:01:22.5933003Z Compiling 22 files (.ex)
Elixir tests (mix credo + mix test)	mix credo	2026-09-24T02:01:25.8218595Z Generated ash_oban app
Elixir tests (mix credo + mix test)	mix credo	2026-09-24T02:01:25.8985394Z ==> ash_ai
Elixir tests (mix credo + mix test)	mix credo	2026-09-24T02:01:25.8986204Z Compiling 42 files (.ex)
Elixir tests (mix credo + mix test)	mix credo	2026-09-24T02:01:29.1035935Z Generated ash_ai app
Elixir tests (mix credo + mix test)	mix credo	2026-09-24T02:01:29.1639226Z ==> ash_a2a
Elixir tests (mix credo + mix test)	mix credo	2026-09-24T02:01:29.1640352Z warning: the dependency :ash_a2a requires Elixir "~> 1.19" but you are running on v1.18.4
Elixir tests (mix credo + mix test)	mix credo	2026-09-24T02:01:29.2680960Z Compiling 309 files (.ex)
Elixir tests (mix credo + mix test)	mix credo	2026-09-24T02:01:50.9330977Z Generated ash_a2a app
Elixir tests (mix credo + mix test)	mix credo	2026-09-24T02:01:51.5583026Z Checking 324 source files (this might take a while) ...
Elixir tests (mix credo + mix test)	mix credo	2026-09-24T02:01:57.3232229Z 
Elixir tests (mix credo + mix test)	mix credo	2026-09-24T02:01:57.3233759Z Please report incorrect results: https://github.com/rrrene/credo/issues
Elixir tests (mix credo + mix test)	mix credo	2026-09-24T02:01:57.3234538Z 
Elixir tests (mix credo + mix test)	mix credo	2026-09-24T02:01:57.3235302Z Analysis took 6.1 seconds (0.4s to load, 5.7s running 57 checks on 324 files)
Elixir tests (mix credo + mix test)	mix credo	2026-09-24T02:01:57.3548571Z 2951 mods/funs, found no issues.
Elixir tests (mix credo + mix test)	mix credo	2026-09-24T02:01:57.3549899Z 
Elixir tests (mix credo + mix test)	mix credo	2026-09-24T02:01:57.3551100Z Showing priority issues: ↑ ↗ →  (use `mix credo explain` to explain issues, `mix credo --help` for options).
Elixir tests (mix credo + mix test)	mix compile (dev env, so test subprocesses never pay the first compile)	﻿2026-09-24T02:01:57.4019469Z ##[group]Run mix compile
Elixir tests (mix credo + mix test)	mix compile (dev env, so test subprocesses never pay the first compile)	2026-09-24T02:01:57.4019750Z ^[[36;1mmix compile^[[0m
Elixir tests (mix credo + mix test)	mix compile (dev env, so test subprocesses never pay the first compile)	2026-09-24T02:01:57.4058760Z shell: /usr/bin/bash --noprofile --norc -e -o pipefail {0}
Elixir tests (mix credo + mix test)	mix compile (dev env, so test subprocesses never pay the first compile)	2026-09-24T02:01:57.4059098Z env:
Elixir tests (mix credo + mix test)	mix compile (dev env, so test subprocesses never pay the first compile)	2026-09-24T02:01:57.4059366Z   INSTALL_DIR_FOR_OTP: /home/runner/work/_temp/.setup-beam/otp
Elixir tests (mix credo + mix test)	mix compile (dev env, so test subprocesses never pay the first compile)	2026-09-24T02:01:57.4059775Z   INSTALL_DIR_FOR_ELIXIR: /home/runner/work/_temp/.setup-beam/elixir
Elixir tests (mix credo + mix test)	mix compile (dev env, so test subprocesses never pay the first compile)	2026-09-24T02:01:57.4060181Z   INSTALL_DIR_FOR_REBAR3: /home/runner/work/_temp/.setup-beam/rebar3
Elixir tests (mix credo + mix test)	mix compile (dev env, so test subprocesses never pay the first compile)	2026-09-24T02:01:57.4060497Z ##[endgroup]
Elixir tests (mix credo + mix test)	mix compile (dev env, so test subprocesses never pay the first compile)	2026-09-24T02:01:58.0745297Z Compiling 99 files (.ex)
Elixir tests (mix credo + mix test)	mix compile (dev env, so test subprocesses never pay the first compile)	2026-09-24T02:01:59.3026931Z     Updating crates.io index
Elixir tests (mix credo + mix test)	mix compile (dev env, so test subprocesses never pay the first compile)	2026-09-24T02:01:59.8779265Z  Downloading crates ...
Elixir tests (mix credo + mix test)	mix compile (dev env, so test subprocesses never pay the first compile)	2026-09-24T02:01:59.9785144Z   Downloaded block-buffer v0.10.4
Elixir tests (mix credo + mix test)	mix compile (dev env, so test subprocesses never pay the first compile)	2026-09-24T02:02:00.0007312Z   Downloaded bitflags v2.13.1
Elixir tests (mix credo + mix test)	mix compile (dev env, so test subprocesses never pay the first compile)	2026-09-24T02:02:00.0188380Z   Downloaded siphasher v1.0.3
Elixir tests (mix credo + mix test)	mix compile (dev env, so test subprocesses never pay the first compile)	2026-09-24T02:02:00.0305081Z   Downloaded rand_chacha v0.9.0
Elixir tests (mix credo + mix test)	mix compile (dev env, so test subprocesses never pay the first compile)	2026-09-24T02:02:00.0307582Z   Downloaded parking_lot_core v0.9.12
Elixir tests (mix credo + mix test)	mix compile (dev env, so test subprocesses never pay the first compile)	2026-09-24T02:02:00.0354532Z   Downloaded getrandom v0.4.3
Elixir tests (mix credo + mix test)	mix compile (dev env, so test subprocesses never pay the first compile)	2026-09-24T02:02:00.0405450Z   Downloaded unicode-ident v1.0.24
Elixir tests (mix credo + mix test)	mix compile (dev env, so test subprocesses never pay the first compile)	2026-09-24T02:02:00.0432407Z   Downloaded cc v1.4.4
Elixir tests (mix credo + mix test)	mix compile (dev env, so test subprocesses never pay the first compile)	2026-09-24T02:02:00.0501484Z   Downloaded heck v0.5.0
Elixir tests (mix credo + mix test)	mix compile (dev env, so test subprocesses never pay the first compile)	2026-09-24T02:02:00.0514517Z   Downloaded hex v0.4.3
Elixir tests (mix credo + mix test)	mix compile (dev env, so test subprocesses never pay the first compile)	2026-09-24T02:02:00.0530932Z   Downloaded cexpr v0.6.0
Elixir tests (mix credo + mix test)	mix compile (dev env, so test subprocesses never pay the first compile)	2026-09-24T02:02:00.0547256Z   Downloaded crypto-common v0.1.7
Elixir tests (mix credo + mix test)	mix compile (dev env, so test subprocesses never pay the first compile)	2026-09-24T02:02:00.0555797Z   Downloaded clang-sys v1.9.1
Elixir tests (mix credo + mix test)	mix compile (dev env, so test subprocesses never pay the first compile)	2026-09-24T02:02:00.0579662Z   Downloaded either v1.18.0
Elixir tests (mix credo + mix test)	mix compile (dev env, so test subprocesses never pay the first compile)	2026-09-24T02:02:00.0601455Z   Downloaded json-event-parser v0.2.3
Elixir tests (mix credo + mix test)	mix compile (dev env, so test subprocesses never pay the first compile)	2026-09-24T02:02:00.0625981Z   Downloaded cfg-if v1.0.4
Elixir tests (mix credo + mix test)	mix compile (dev env, so test subprocesses never pay the first compile)	2026-09-24T02:02:00.0656156Z   Downloaded digest v0.10.7
Elixir tests (mix credo + mix test)	mix compile (dev env, so test subprocesses never pay the first compile)	2026-09-24T02:02:00.0672210Z   Downloaded libloading v0.8.9
Elixir tests (mix credo + mix test)	mix compile (dev env, so test subprocesses never pay the first compile)	2026-09-24T02:02:00.0711198Z   Downloaded memchr v2.8.3
Elixir tests (mix credo + mix test)	mix compile (dev env, so test subprocesses never pay the first compile)	2026-09-24T02:02:00.0730127Z   Downloaded bindgen v0.72.1
Elixir tests (mix credo + mix test)	mix compile (dev env, so test subprocesses never pay the first compile)	2026-09-24T02:02:00.0914386Z   Downloaded md-5 v0.10.6
Elixir tests (mix credo + mix test)	mix compile (dev env, so test subprocesses never pay the first compile)	2026-09-24T02:02:00.0928105Z   Downloaded proc-macro2 v1.0.107
Elixir tests (mix credo + mix test)	mix compile (dev env, so test subprocesses never pay the first compile)	2026-09-24T02:02:00.0960523Z   Downloaded aho-corasick v1.1.5
Elixir tests (mix credo + mix test)	mix compile (dev env, so test subprocesses never pay the first compile)	2026-09-24T02:02:00.0992609Z   Downloaded scopeguard v1.2.0
Elixir tests (mix credo + mix test)	mix compile (dev env, so test subprocesses never pay the first compile)	2026-09-24T02:02:00.1007215Z   Downloaded sha1 v0.10.7
Elixir tests (mix credo + mix test)	mix compile (dev env, so test subprocesses never pay the first compile)	2026-09-24T02:02:00.1034093Z   Downloaded windows-link v0.2.1
Elixir tests (mix credo + mix test)	mix compile (dev env, so test subprocesses never pay the first compile)	2026-09-24T02:02:00.1034652Z   Downloaded thiserror v2.0.20
Elixir tests (mix credo + mix test)	mix compile (dev env, so test subprocesses never pay the first compile)	2026-09-24T02:02:00.1090579Z   Downloaded jobserver v0.1.35
Elixir tests (mix credo + mix test)	mix compile (dev env, so test subprocesses never pay the first compile)	2026-09-24T02:02:00.1102910Z   Downloaded rustversion v1.0.23
Elixir tests (mix credo + mix test)	mix compile (dev env, so test subprocesses never pay the first compile)	2026-09-24T02:02:00.1126548Z   Downloaded sparopt v0.3.6
Elixir tests (mix credo + mix test)	mix compile (dev env, so test subprocesses never pay the first compile)	2026-09-24T02:02:00.1154310Z   Downloaded oxilangtag v0.1.6
Elixir tests (mix credo + mix test)	mix compile (dev env, so test subprocesses never pay the first compile)	2026-09-24T02:02:00.1184287Z   Downloaded oxiri v0.2.11
Elixir tests (mix credo + mix test)	mix compile (dev env, so test subprocesses never pay the first compile)	2026-09-24T02:02:00.1192340Z   Downloaded peg v0.8.6
Elixir tests (mix credo + mix test)	mix compile (dev env, so test subprocesses never pay the first compile)	2026-09-24T02:02:00.1214167Z   Downloaded redox_syscall v0.5.18
Elixir tests (mix credo + mix test)	mix compile (dev env, so test subprocesses never pay the first compile)	2026-09-24T02:02:00.1239462Z   Downloaded spargebra v0.4.6
Elixir tests (mix credo + mix test)	mix compile (dev env, so test subprocesses never pay the first compile)	2026-09-24T02:02:00.1264032Z   Downloaded find-msvc-tools v0.1.11
Elixir tests (mix credo + mix test)	mix compile (dev env, so test subprocesses never pay the first compile)	2026-09-24T02:02:00.1279854Z   Downloaded oxjsonld v0.2.5
Elixir tests (mix credo + mix test)	mix compile (dev env, so test subprocesses never pay the first compile)	2026-09-24T02:02:00.1303881Z   Downloaded oxrdf v0.3.3
Elixir tests (mix credo + mix test)	mix compile (dev env, so test subprocesses never pay the first compile)	2026-09-24T02:02:00.1324059Z   Downloaded oxsdatatypes v0.2.2
Elixir tests (mix credo + mix test)	mix compile (dev env, so test subprocesses never pay the first compile)	2026-09-24T02:02:00.1345299Z   Downloaded rand_core v0.9.5
Elixir tests (mix credo + mix test)	mix compile (dev env, so test subprocesses never pay the first compile)	2026-09-24T02:02:00.1374328Z   Downloaded rustler_codegen v0.36.2
Elixir tests (mix credo + mix test)	mix compile (dev env, so test subprocesses never pay the first compile)	2026-09-24T02:02:00.1384129Z   Downloaded sha2 v0.10.9
Elixir tests (mix credo + mix test)	mix compile (dev env, so test subprocesses never pay the first compile)	2026-09-24T02:02:00.1409484Z   Downloaded shlex v1.3.0
Elixir tests (mix credo + mix test)	mix compile (dev env, so test subprocesses never pay the first compile)	2026-09-24T02:02:00.1434050Z   Downloaded sparesults v0.3.3
Elixir tests (mix credo + mix test)	mix compile (dev env, so test subprocesses never pay the first compile)	2026-09-24T02:02:00.1436090Z   Downloaded thiserror-impl v2.0.20
Elixir tests (mix credo + mix test)	mix compile (dev env, so test subprocesses never pay the first compile)	2026-09-24T02:02:00.1471880Z   Downloaded crossbeam-utils v0.8.22
Elixir tests (mix credo + mix test)	mix compile (dev env, so test subprocesses never pay the first compile)	2026-09-24T02:02:00.1474054Z   Downloaded glob v0.3.4
Elixir tests (mix credo + mix test)	mix compile (dev env, so test subprocesses never pay the first compile)	2026-09-24T02:02:00.1474741Z   Downloaded peg-runtime v0.8.6
Elixir tests (mix credo + mix test)	mix compile (dev env, so test subprocesses never pay the first compile)	2026-09-24T02:02:00.1480176Z   Downloaded ppv-lite86 v0.2.21
Elixir tests (mix credo + mix test)	mix compile (dev env, so test subprocesses never pay the first compile)	2026-09-24T02:02:00.1503039Z   Downloaded generic-array v0.14.7
Elixir tests (mix credo + mix test)	mix compile (dev env, so test subprocesses never pay the first compile)	2026-09-24T02:02:00.1503782Z   Downloaded spareval v0.2.6
Elixir tests (mix credo + mix test)	mix compile (dev env, so test subprocesses never pay the first compile)	2026-09-24T02:02:00.1534055Z   Downloaded minimal-lexical v0.2.1
Elixir tests (mix credo + mix test)	mix compile (dev env, so test subprocesses never pay the first compile)	2026-09-24T02:02:00.1580821Z   Downloaded wit-bindgen v0.57.1
Elixir tests (mix credo + mix test)	mix compile (dev env, so test subprocesses never pay the first compile)	2026-09-24T02:02:00.1614006Z   Downloaded log v0.4.34
Elixir tests (mix credo + mix test)	mix compile (dev env, so test subprocesses never pay the first compile)	2026-09-24T02:02:00.1643985Z   Downloaded oxrdfxml v0.2.3
Elixir tests (mix credo + mix test)	mix compile (dev env, so test subprocesses never pay the first compile)	2026-09-24T02:02:00.1674027Z   Downloaded oxttl v0.2.3
Elixir tests (mix credo + mix test)	mix compile (dev env, so test subprocesses never pay the first compile)	2026-09-24T02:02:00.1699134Z   Downloaded r-efi v6.0.0
Elixir tests (mix credo + mix test)	mix compile (dev env, so test subprocesses never pay the first compile)	2026-09-24T02:02:00.1734049Z   Downloaded serde_derive v1.0.229
Elixir tests (mix credo + mix test)	mix compile (dev env, so test subprocesses never pay the first compile)	2026-09-24T02:02:00.1763976Z   Downloaded prettyplease v0.2.37
Elixir tests (mix credo + mix test)	mix compile (dev env, so test subprocesses never pay the first compile)	2026-09-24T02:02:00.1801565Z   Downloaded ryu-js v1.0.3
Elixir tests (mix credo + mix test)	mix compile (dev env, so test subprocesses never pay the first compile)	2026-09-24T02:02:00.1840389Z   Downloaded version_check v0.9.5
Elixir tests (mix credo + mix test)	mix compile (dev env, so test subprocesses never pay the first compile)	2026-09-24T02:02:00.1856097Z   Downloaded cpufeatures v0.2.17
Elixir tests (mix credo + mix test)	mix compile (dev env, so test subprocesses never pay the first compile)	2026-09-24T02:02:00.1894031Z   Downloaded zerocopy-derive v0.8.56
Elixir tests (mix credo + mix test)	mix compile (dev env, so test subprocesses never pay the first compile)	2026-09-24T02:02:00.1978483Z   Downloaded smallvec v1.15.2
Elixir tests (mix credo + mix test)	mix compile (dev env, so test subprocesses never pay the first compile)	2026-09-24T02:02:00.2008099Z   Downloaded r-efi v5.3.0
Elixir tests (mix credo + mix test)	mix compile (dev env, so test subprocesses never pay the first compile)	2026-09-24T02:02:00.2008773Z   Downloaded regex-lite v0.1.9
Elixir tests (mix credo + mix test)	mix compile (dev env, so test subprocesses never pay the first compile)	2026-09-24T02:02:00.2039963Z   Downloaded serde_core v1.0.229
Elixir tests (mix credo + mix test)	mix compile (dev env, so test subprocesses never pay the first compile)	2026-09-24T02:02:00.2080723Z   Downloaded typenum v1.20.1
Elixir tests (mix credo + mix test)	mix compile (dev env, so test subprocesses never pay the first compile)	2026-09-24T02:02:00.2102104Z   Downloaded rustler v0.36.2
Elixir tests (mix credo + mix test)	mix compile (dev env, so test subprocesses never pay the first compile)	2026-09-24T02:02:00.2154134Z   Downloaded nom v7.1.3
Elixir tests (mix credo + mix test)	mix compile (dev env, so test subprocesses never pay the first compile)	2026-09-24T02:02:00.2204216Z   Downloaded once_cell v1.21.4
Elixir tests (mix credo + mix test)	mix compile (dev env, so test subprocesses never pay the first compile)	2026-09-24T02:02:00.2235575Z   Downloaded rand v0.9.5
Elixir tests (mix credo + mix test)	mix compile (dev env, so test subprocesses never pay the first compile)	2026-09-24T02:02:00.2274061Z   Downloaded lock_api v0.4.14
Elixir tests (mix credo + mix test)	mix compile (dev env, so test subprocesses never pay the first compile)	2026-09-24T02:02:00.2294002Z   Downloaded getrandom v0.3.4
Elixir tests (mix credo + mix test)	mix compile (dev env, so test subprocesses never pay the first compile)	2026-09-24T02:02:00.2323956Z   Downloaded quote v1.0.47
Elixir tests (mix credo + mix test)	mix compile (dev env, so test subprocesses never pay the first compile)	2026-09-24T02:02:00.2354009Z   Downloaded hashbrown v0.14.5
Elixir tests (mix credo + mix test)	mix compile (dev env, so test subprocesses never pay the first compile)	2026-09-24T02:02:00.2414112Z   Downloaded inventory v0.3.24
Elixir tests (mix credo + mix test)	mix compile (dev env, so test subprocesses never pay the first compile)	2026-09-24T02:02:00.2444024Z   Downloaded oxigraph v0.5.9
Elixir tests (mix credo + mix test)	mix compile (dev env, so test subprocesses never pay the first compile)	2026-09-24T02:02:00.2473976Z   Downloaded peg-macros v0.8.6
Elixir tests (mix credo + mix test)	mix compile (dev env, so test subprocesses never pay the first compile)	2026-09-24T02:02:00.2514180Z   Downloaded serde v1.0.229
Elixir tests (mix credo + mix test)	mix compile (dev env, so test subprocesses never pay the first compile)	2026-09-24T02:02:00.2524330Z   Downloaded wasip2 v1.0.4+wasi-0.2.12
Elixir tests (mix credo + mix test)	mix compile (dev env, so test subprocesses never pay the first compile)	2026-09-24T02:02:00.2574049Z   Downloaded rustc-hash v2.1.3
Elixir tests (mix credo + mix test)	mix compile (dev env, so test subprocesses never pay the first compile)	2026-09-24T02:02:00.2584012Z   Downloaded itertools v0.13.0
Elixir tests (mix credo + mix test)	mix compile (dev env, so test subprocesses never pay the first compile)	2026-09-24T02:02:00.2654121Z   Downloaded shlex v2.0.1
Elixir tests (mix credo + mix test)	mix compile (dev env, so test subprocesses never pay the first compile)	2026-09-24T02:02:00.2664027Z   Downloaded quick-xml v0.37.5
Elixir tests (mix credo + mix test)	mix compile (dev env, so test subprocesses never pay the first compile)	2026-09-24T02:02:00.2744127Z   Downloaded dashmap v6.2.1
Elixir tests (mix credo + mix test)	mix compile (dev env, so test subprocesses never pay the first compile)	2026-09-24T02:02:00.2774233Z   Downloaded oxrdfio v0.2.5
Elixir tests (mix credo + mix test)	mix compile (dev env, so test subprocesses never pay the first compile)	2026-09-24T02:02:00.2834354Z   Downloaded zerocopy v0.8.56
Elixir tests (mix credo + mix test)	mix compile (dev env, so test subprocesses never pay the first compile)	2026-09-24T02:02:00.2952857Z   Downloaded regex v1.13.1
Elixir tests (mix credo + mix test)	mix compile (dev env, so test subprocesses never pay the first compile)	2026-09-24T02:02:00.2998964Z   Downloaded syn v3.0.4
Elixir tests (mix credo + mix test)	mix compile (dev env, so test subprocesses never pay the first compile)	2026-09-24T02:02:00.3102838Z   Downloaded regex-syntax v0.8.11
Elixir tests (mix credo + mix test)	mix compile (dev env, so test subprocesses never pay the first compile)	2026-09-24T02:02:00.3203223Z   Downloaded syn v2.0.119
Elixir tests (mix credo + mix test)	mix compile (dev env, so test subprocesses never pay the first compile)	2026-09-24T02:02:00.3335045Z   Downloaded regex-automata v0.4.18
Elixir tests (mix credo + mix test)	mix compile (dev env, so test subprocesses never pay the first compile)	2026-09-24T02:02:00.3474447Z   Downloaded libc v0.2.189
Elixir tests (mix credo + mix test)	mix compile (dev env, so test subprocesses never pay the first compile)	2026-09-24T02:02:00.3860466Z   Downloaded oxrocksdb-sys v0.5.9
Elixir tests (mix credo + mix test)	mix compile (dev env, so test subprocesses never pay the first compile)	2026-09-24T02:02:00.6105013Z Compiling crate ggen_graph_nif in release mode (native/ggen_graph_nif)
Elixir tests (mix credo + mix test)	mix compile (dev env, so test subprocesses never pay the first compile)	2026-09-24T02:02:18.0845059Z Compiling lib/ggen_igniter/native/graph_nif.ex (it's taking more than 10s)
Elixir tests (mix credo + mix test)	mix compile (dev env, so test subprocesses never pay the first compile)	2026-09-24T02:10:13.7612540Z Copying /home/runner/work/ggen_igniter/ggen_igniter/native/ggen_graph_nif/target/release/libggen_graph_nif.so to priv/native/ggen_graph_nif.so
Elixir tests (mix credo + mix test)	mix compile (dev env, so test subprocesses never pay the first compile)	2026-09-24T02:10:15.3291931Z Generated ggen_igniter app
Elixir tests (mix credo + mix test)	mix ggen_igniter.verify (fail-CLOSED pack check)	﻿2026-09-24T02:10:16.7681528Z ##[group]Run mix ggen_igniter.verify --pack test/fixtures/ash_manufacture_pack --json
Elixir tests (mix credo + mix test)	mix ggen_igniter.verify (fail-CLOSED pack check)	2026-09-24T02:10:16.7682540Z ^[[36;1mmix ggen_igniter.verify --pack test/fixtures/ash_manufacture_pack --json^[[0m
Elixir tests (mix credo + mix test)	mix ggen_igniter.verify (fail-CLOSED pack check)	2026-09-24T02:10:16.7728249Z shell: /usr/bin/bash --noprofile --norc -e -o pipefail {0}
Elixir tests (mix credo + mix test)	mix ggen_igniter.verify (fail-CLOSED pack check)	2026-09-24T02:10:16.7729007Z env:
Elixir tests (mix credo + mix test)	mix ggen_igniter.verify (fail-CLOSED pack check)	2026-09-24T02:10:16.7729432Z   INSTALL_DIR_FOR_OTP: /home/runner/work/_temp/.setup-beam/otp
Elixir tests (mix credo + mix test)	mix ggen_igniter.verify (fail-CLOSED pack check)	2026-09-24T02:10:16.7730119Z   INSTALL_DIR_FOR_ELIXIR: /home/runner/work/_temp/.setup-beam/elixir
Elixir tests (mix credo + mix test)	mix ggen_igniter.verify (fail-CLOSED pack check)	2026-09-24T02:10:16.7730789Z   INSTALL_DIR_FOR_REBAR3: /home/runner/work/_temp/.setup-beam/rebar3
Elixir tests (mix credo + mix test)	mix ggen_igniter.verify (fail-CLOSED pack check)	2026-09-24T02:10:16.7731289Z ##[endgroup]
Elixir tests (mix credo + mix test)	mix ggen_igniter.verify (fail-CLOSED pack check)	2026-09-24T02:10:17.6278801Z {
Elixir tests (mix credo + mix test)	mix ggen_igniter.verify (fail-CLOSED pack check)	2026-09-24T02:10:17.6279287Z   "cardinality": {
Elixir tests (mix credo + mix test)	mix ggen_igniter.verify (fail-CLOSED pack check)	2026-09-24T02:10:17.6279699Z     "gates_under_contract": [
Elixir tests (mix credo + mix test)	mix ggen_igniter.verify (fail-CLOSED pack check)	2026-09-24T02:10:17.6280130Z       "attributes",
Elixir tests (mix credo + mix test)	mix ggen_igniter.verify (fail-CLOSED pack check)	2026-09-24T02:10:17.6280489Z       "capabilities",
Elixir tests (mix credo + mix test)	mix ggen_igniter.verify (fail-CLOSED pack check)	2026-09-24T02:10:17.6280858Z       "default_actions",
Elixir tests (mix credo + mix test)	mix ggen_igniter.verify (fail-CLOSED pack check)	2026-09-24T02:10:17.6281228Z       "domains",
Elixir tests (mix credo + mix test)	mix ggen_igniter.verify (fail-CLOSED pack check)	2026-09-24T02:10:17.6281567Z       "enum_values",
Elixir tests (mix credo + mix test)	mix ggen_igniter.verify (fail-CLOSED pack check)	2026-09-24T02:10:17.6282207Z       "extensions",
Elixir tests (mix credo + mix test)	mix ggen_igniter.verify (fail-CLOSED pack check)	2026-09-24T02:10:17.6282556Z       "project",
Elixir tests (mix credo + mix test)	mix ggen_igniter.verify (fail-CLOSED pack check)	2026-09-24T02:10:17.6282888Z       "refusals",
Elixir tests (mix credo + mix test)	mix ggen_igniter.verify (fail-CLOSED pack check)	2026-09-24T02:10:17.6283217Z       "relationships",
Elixir tests (mix credo + mix test)	mix ggen_igniter.verify (fail-CLOSED pack check)	2026-09-24T02:10:17.6283717Z       "resources",
Elixir tests (mix credo + mix test)	mix ggen_igniter.verify (fail-CLOSED pack check)	2026-09-24T02:10:17.6284053Z       "support_modules"
Elixir tests (mix credo + mix test)	mix ggen_igniter.verify (fail-CLOSED pack check)	2026-09-24T02:10:17.6284377Z     ],
Elixir tests (mix credo + mix test)	mix ggen_igniter.verify (fail-CLOSED pack check)	2026-09-24T02:10:17.6284967Z     "note": "loaded 11 gate contract(s) from test/fixtures/ash_manufacture_pack/verify/cardinality.json"
Elixir tests (mix credo + mix test)	mix ggen_igniter.verify (fail-CLOSED pack check)	2026-09-24T02:10:17.6285638Z   },
Elixir tests (mix credo + mix test)	mix ggen_igniter.verify (fail-CLOSED pack check)	2026-09-24T02:10:17.6285866Z   "gates": {
Elixir tests (mix credo + mix test)	mix ggen_igniter.verify (fail-CLOSED pack check)	2026-09-24T02:10:17.6286057Z     "passed": [
Elixir tests (mix credo + mix test)	mix ggen_igniter.verify (fail-CLOSED pack check)	2026-09-24T02:10:17.6286274Z       "project",
Elixir tests (mix credo + mix test)	mix ggen_igniter.verify (fail-CLOSED pack check)	2026-09-24T02:10:17.6286702Z       "domains",
Elixir tests (mix credo + mix test)	mix ggen_igniter.verify (fail-CLOSED pack check)	2026-09-24T02:10:17.6286928Z       "resources",
Elixir tests (mix credo + mix test)	mix ggen_igniter.verify (fail-CLOSED pack check)	2026-09-24T02:10:17.6287199Z       "default_actions",
Elixir tests (mix credo + mix test)	mix ggen_igniter.verify (fail-CLOSED pack check)	2026-09-24T02:10:17.6287477Z       "attributes",
Elixir tests (mix credo + mix test)	mix ggen_igniter.verify (fail-CLOSED pack check)	2026-09-24T02:10:17.6287743Z       "relationships",
Elixir tests (mix credo + mix test)	mix ggen_igniter.verify (fail-CLOSED pack check)	2026-09-24T02:10:17.6288009Z       "extensions",
Elixir tests (mix credo + mix test)	mix ggen_igniter.verify (fail-CLOSED pack check)	2026-09-24T02:10:17.6288266Z       "support_modules",
Elixir tests (mix credo + mix test)	mix ggen_igniter.verify (fail-CLOSED pack check)	2026-09-24T02:10:17.6288640Z       "enum_values",
Elixir tests (mix credo + mix test)	mix ggen_igniter.verify (fail-CLOSED pack check)	2026-09-24T02:10:17.6288985Z       "capabilities",
Elixir tests (mix credo + mix test)	mix ggen_igniter.verify (fail-CLOSED pack check)	2026-09-24T02:10:17.6289326Z       "refusals",
Elixir tests (mix credo + mix test)	mix ggen_igniter.verify (fail-CLOSED pack check)	2026-09-24T02:10:17.6289618Z       "citations",
Elixir tests (mix credo + mix test)	mix ggen_igniter.verify (fail-CLOSED pack check)	2026-09-24T02:10:17.6289940Z       "dependency_pins"
Elixir tests (mix credo + mix test)	mix ggen_igniter.verify (fail-CLOSED pack check)	2026-09-24T02:10:17.6290289Z     ],
Elixir tests (mix credo + mix test)	mix ggen_igniter.verify (fail-CLOSED pack check)	2026-09-24T02:10:17.6290601Z     "status": "pass"
Elixir tests (mix credo + mix test)	mix ggen_igniter.verify (fail-CLOSED pack check)	2026-09-24T02:10:17.6290937Z   },
Elixir tests (mix credo + mix test)	mix ggen_igniter.verify (fail-CLOSED pack check)	2026-09-24T02:10:17.6291244Z   "ok": true,
Elixir tests (mix credo + mix test)	mix ggen_igniter.verify (fail-CLOSED pack check)	2026-09-24T02:10:17.6291587Z   "verify": {
Elixir tests (mix credo + mix test)	mix ggen_igniter.verify (fail-CLOSED pack check)	2026-09-24T02:10:17.6291896Z     "findings": [],
Elixir tests (mix credo + mix test)	mix ggen_igniter.verify (fail-CLOSED pack check)	2026-09-24T02:10:17.6292197Z     "status": "pass"
Elixir tests (mix credo + mix test)	mix ggen_igniter.verify (fail-CLOSED pack check)	2026-09-24T02:10:17.6292493Z   }
Elixir tests (mix credo + mix test)	mix ggen_igniter.verify (fail-CLOSED pack check)	2026-09-24T02:10:17.6292755Z }
Elixir tests (mix credo + mix test)	mix test	﻿2026-09-24T02:10:17.6390646Z ##[group]Run # Cache-restore hardening (2026-09-15): a restored _build/test can
Elixir tests (mix credo + mix test)	mix test	2026-09-24T02:10:17.6391478Z ^[[36;1m# Cache-restore hardening (2026-09-15): a restored _build/test can^[[0m
Elixir tests (mix credo + mix test)	mix test	2026-09-24T02:10:17.6391937Z ^[[36;1m# carry current beams WITHOUT the rustler ggen_graph_nif.so (mix^[[0m
Elixir tests (mix credo + mix test)	mix test	2026-09-24T02:10:17.6392371Z ^[[36;1m# considers the app compiled and never rebuilds the artifact),^[[0m
Elixir tests (mix credo + mix test)	mix test	2026-09-24T02:10:17.6392804Z ^[[36;1m# which surfaces as NIF load_failed in every oxigraph/divergence^[[0m
Elixir tests (mix credo + mix test)	mix test	2026-09-24T02:10:17.6393241Z ^[[36;1m# test. Proven environmental, not diff-related: the base branch's^[[0m
Elixir tests (mix credo + mix test)	mix test	2026-09-24T02:10:17.6393918Z ^[[36;1m# own previously-green run (35004492197) fails identically on^[[0m
Elixir tests (mix credo + mix test)	mix test	2026-09-24T02:10:17.6394350Z ^[[36;1m# rerun after the exact-key mix.lock cache was evicted and the^[[0m
Elixir tests (mix credo + mix test)	mix test	2026-09-24T02:10:17.6394784Z ^[[36;1m# broad `restore-keys` prefix fallback restored a pre-NIF _build.^[[0m
Elixir tests (mix credo + mix test)	mix test	2026-09-24T02:10:17.6395197Z ^[[36;1m# Force a full test-env recompile only when the artifact is^[[0m
Elixir tests (mix credo + mix test)	mix test	2026-09-24T02:10:17.6395623Z ^[[36;1m# missing, so the NIF is always built before tests run.^[[0m
Elixir tests (mix credo + mix test)	mix test	2026-09-24T02:10:17.6396056Z ^[[36;1mif [ ! -f _build/test/lib/ggen_igniter/priv/native/ggen_graph_nif.so ]; then^[[0m
Elixir tests (mix credo + mix test)	mix test	2026-09-24T02:10:17.6396459Z ^[[36;1m  MIX_ENV=test mix compile --force^[[0m
Elixir tests (mix credo + mix test)	mix test	2026-09-24T02:10:17.6396712Z ^[[36;1mfi^[[0m
Elixir tests (mix credo + mix test)	mix test	2026-09-24T02:10:17.6396891Z ^[[36;1mmix test^[[0m
Elixir tests (mix credo + mix test)	mix test	2026-09-24T02:10:17.6435023Z shell: /usr/bin/bash --noprofile --norc -e -o pipefail {0}
Elixir tests (mix credo + mix test)	mix test	2026-09-24T02:10:17.6435557Z env:
Elixir tests (mix credo + mix test)	mix test	2026-09-24T02:10:17.6435965Z   INSTALL_DIR_FOR_OTP: /home/runner/work/_temp/.setup-beam/otp
Elixir tests (mix credo + mix test)	mix test	2026-09-24T02:10:17.6436626Z   INSTALL_DIR_FOR_ELIXIR: /home/runner/work/_temp/.setup-beam/elixir
Elixir tests (mix credo + mix test)	mix test	2026-09-24T02:10:17.6437499Z   INSTALL_DIR_FOR_REBAR3: /home/runner/work/_temp/.setup-beam/rebar3
Elixir tests (mix credo + mix test)	mix test	2026-09-24T02:10:17.6438031Z ##[endgroup]
Elixir tests (mix credo + mix test)	mix test	2026-09-24T02:10:18.2919160Z ==> sourceror
Elixir tests (mix credo + mix test)	mix test	2026-09-24T02:10:18.2919770Z Compiling 20 files (.ex)
Elixir tests (mix credo + mix test)	mix test	2026-09-24T02:10:19.2227103Z Generated sourceror app
Elixir tests (mix credo + mix test)	mix test	2026-09-24T02:10:19.2783351Z ==> text_diff
Elixir tests (mix credo + mix test)	mix test	2026-09-24T02:10:19.2784278Z Compiling 1 file (.ex)
Elixir tests (mix credo + mix test)	mix test	2026-09-24T02:10:19.3595512Z Generated text_diff app
Elixir tests (mix credo + mix test)	mix test	2026-09-24T02:10:19.3953881Z ==> file_system
Elixir tests (mix credo + mix test)	mix test	2026-09-24T02:10:19.3954317Z Compiling 7 files (.ex)
Elixir tests (mix credo + mix test)	mix test	2026-09-24T02:10:19.5357040Z Generated file_system app
Elixir tests (mix credo + mix test)	mix test	2026-09-24T02:10:19.5881288Z ==> stream_data
Elixir tests (mix credo + mix test)	mix test	2026-09-24T02:10:19.5882101Z Compiling 3 files (.ex)
Elixir tests (mix credo + mix test)	mix test	2026-09-24T02:10:20.1787145Z Generated stream_data app
Elixir tests (mix credo + mix test)	mix test	2026-09-24T02:10:20.2021090Z ==> decimal
Elixir tests (mix credo + mix test)	mix test	2026-09-24T02:10:20.2021548Z Compiling 4 files (.ex)
Elixir tests (mix credo + mix test)	mix test	2026-09-24T02:10:20.8249154Z Generated decimal app
Elixir tests (mix credo + mix test)	mix test	2026-09-24T02:10:20.8590555Z ==> spitfire
Elixir tests (mix credo + mix test)	mix test	2026-09-24T02:10:20.8590882Z Compiling 2 files (.erl)
Elixir tests (mix credo + mix test)	mix test	2026-09-24T02:10:21.5559016Z Compiling 5 files (.ex)
Elixir tests (mix credo + mix test)	mix test	2026-09-24T02:10:22.7034800Z Generated spitfire app
Elixir tests (mix credo + mix test)	mix test	2026-09-24T02:10:22.7304230Z ==> ymlr
Elixir tests (mix credo + mix test)	mix test	2026-09-24T02:10:22.7304860Z Compiling 3 files (.ex)
Elixir tests (mix credo + mix test)	mix test	2026-09-24T02:10:22.9731248Z Generated ymlr app
Elixir tests (mix credo + mix test)	mix test	2026-09-24T02:10:23.0255599Z ==> mime
Elixir tests (mix credo + mix test)	mix test	2026-09-24T02:10:23.0255964Z Compiling 1 file (.ex)
Elixir tests (mix credo + mix test)	mix test	2026-09-24T02:10:23.1200221Z Generated mime app
Elixir tests (mix credo + mix test)	mix test	2026-09-24T02:10:23.1521311Z ==> toml
Elixir tests (mix credo + mix test)	mix test	2026-09-24T02:10:23.1522108Z Compiling 10 files (.ex)
Elixir tests (mix credo + mix test)	mix test	2026-09-24T02:10:23.1736159Z      warning: using single-quoted strings to represent charlists is deprecated.
Elixir tests (mix credo + mix test)	mix test	2026-09-24T02:10:23.1742480Z      Use ~c"" if you indeed want a charlist or use "" instead.
Elixir tests (mix credo + mix test)	mix test	2026-09-24T02:10:23.1743773Z      You may run "mix format --migrate" to change all single-quoted
Elixir tests (mix credo + mix test)	mix test	2026-09-24T02:10:23.1744717Z      strings to use the ~c sigil and fix this warning.
Elixir tests (mix credo + mix test)	mix test	2026-09-24T02:10:23.1745562Z      │
Elixir tests (mix credo + mix test)	mix test	2026-09-24T02:10:23.1746630Z  264 │   defp handle_token(lexer, original, doc, type, skip, _data, lines) when type in '-_' do
Elixir tests (mix credo + mix test)	mix test	2026-09-24T02:10:23.1748080Z      │                                                                                  ~
Elixir tests (mix credo + mix test)	mix test	2026-09-24T02:10:23.1748997Z      │
Elixir tests (mix credo + mix test)	mix test	2026-09-24T02:10:23.1750054Z      └─ lib/decoder.ex:264:82
Elixir tests (mix credo + mix test)	mix test	2026-09-24T02:10:23.1750597Z 
Elixir tests (mix credo + mix test)	mix test	2026-09-24T02:10:23.1751335Z      warning: using single-quoted strings to represent charlists is deprecated.
Elixir tests (mix credo + mix test)	mix test	2026-09-24T02:10:23.1764372Z      Use ~c"" if you indeed want a charlist or use "" instead.
Elixir tests (mix credo + mix test)	mix test	2026-09-24T02:10:23.1765655Z      You may run "mix format --migrate" to change all single-quoted
Elixir tests (mix credo + mix test)	mix test	2026-09-24T02:10:23.1766399Z      strings to use the ~c sigil and fix this warning.
Elixir tests (mix credo + mix test)	mix test	2026-09-24T02:10:23.1767217Z      │
Elixir tests (mix credo + mix test)	mix test	2026-09-24T02:10:23.1767837Z  371 │       {:ok, {type, _skip, _data, _lines}} when type in '-+' ->
Elixir tests (mix credo + mix test)	mix test	2026-09-24T02:10:23.1870950Z      │                                                        ~
Elixir tests (mix credo + mix test)	mix test	2026-09-24T02:10:23.1872167Z      │
Elixir tests (mix credo + mix test)	mix test	2026-09-24T02:10:23.1872647Z      └─ lib/decoder.ex:371:56
Elixir tests (mix credo + mix test)	mix test	2026-09-24T02:10:23.1873009Z 
Elixir tests (mix credo + mix test)	mix test	2026-09-24T02:10:23.1874110Z      warning: using single-quoted strings to represent charlists is deprecated.
Elixir tests (mix credo + mix test)	mix test	2026-09-24T02:10:23.1885818Z      Use ~c"" if you indeed want a charlist or use "" instead.
Elixir tests (mix credo + mix test)	mix test	2026-09-24T02:10:23.1905841Z      You may run "mix format --migrate" to change all single-quoted
Elixir tests (mix credo + mix test)	mix test	2026-09-24T02:10:23.1906783Z      strings to use the ~c sigil and fix this warning.
Elixir tests (mix credo + mix test)	mix test	2026-09-24T02:10:23.1907590Z      │
Elixir tests (mix credo + mix test)	mix test	2026-09-24T02:10:23.1908838Z  419 │           {:ok, {:alpha, _, <<c::utf8>>, _}} when c in 'eE' ->
Elixir tests (mix credo + mix test)	mix test	2026-09-24T02:10:23.1909819Z      │                                                        ~
Elixir tests (mix credo + mix test)	mix test	2026-09-24T02:10:23.1910368Z      │
Elixir tests (mix credo + mix test)	mix test	2026-09-24T02:10:23.1910825Z      └─ lib/decoder.ex:419:56
Elixir tests (mix credo + mix test)	mix test	2026-09-24T02:10:23.1911136Z 
Elixir tests (mix credo + mix test)	mix test	2026-09-24T02:10:23.1911573Z      warning: using single-quoted strings to represent charlists is deprecated.
Elixir tests (mix credo + mix test)	mix test	2026-09-24T02:10:23.1912428Z      Use ~c"" if you indeed want a charlist or use "" instead.
Elixir tests (mix credo + mix test)	mix test	2026-09-24T02:10:23.1913202Z      You may run "mix format --migrate" to change all single-quoted
Elixir tests (mix credo + mix test)	mix test	2026-09-24T02:10:23.1914096Z      strings to use the ~c sigil and fix this warning.
Elixir tests (mix credo + mix test)	mix test	2026-09-24T02:10:23.1915070Z      │
Elixir tests (mix credo + mix test)	mix test	2026-09-24T02:10:23.1915717Z  474 │       {:ok, {:alpha, _, <<c::utf8>>, _}} when c in 'eE' ->
Elixir tests (mix credo + mix test)	mix test	2026-09-24T02:10:23.1916445Z      │                                                    ~
Elixir tests (mix credo + mix test)	mix test	2026-09-24T02:10:23.1916959Z      │
Elixir tests (mix credo + mix test)	mix test	2026-09-24T02:10:23.1917393Z      └─ lib/decoder.ex:474:52
Elixir tests (mix credo + mix test)	mix test	2026-09-24T02:10:23.1917718Z 
Elixir tests (mix credo + mix test)	mix test	2026-09-24T02:10:23.1926174Z      warning: using single-quoted strings to represent charlists is deprecated.
Elixir tests (mix credo + mix test)	mix test	2026-09-24T02:10:23.1931968Z      Use ~c"" if you indeed want a charlist or use "" instead.
Elixir tests (mix credo + mix test)	mix test	2026-09-24T02:10:23.1933032Z      You may run "mix format --migrate" to change all single-quoted
Elixir tests (mix credo + mix test)	mix test	2026-09-24T02:10:23.1934025Z      strings to use the ~c sigil and fix this warning.
Elixir tests (mix credo + mix test)	mix test	2026-09-24T02:10:23.1934809Z      │
Elixir tests (mix credo + mix test)	mix test	2026-09-24T02:10:23.1935566Z  514 │       {:ok, {sign, _, _, _}} when sign in '-+' and last == ?e ->
Elixir tests (mix credo + mix test)	mix test	2026-09-24T02:10:23.1936424Z      │                                           ~
Elixir tests (mix credo + mix test)	mix test	2026-09-24T02:10:23.1937073Z      │
Elixir tests (mix credo + mix test)	mix test	2026-09-24T02:10:23.1937664Z      └─ lib/decoder.ex:514:43
Elixir tests (mix credo + mix test)	mix test	2026-09-24T02:10:23.1938086Z 
Elixir tests (mix credo + mix test)	mix test	2026-09-24T02:10:23.1984645Z      warning: using single-quoted strings to represent charlists is deprecated.
Elixir tests (mix credo + mix test)	mix test	2026-09-24T02:10:23.1986490Z      Use ~c"" if you indeed want a charlist or use "" instead.
Elixir tests (mix credo + mix test)	mix test	2026-09-24T02:10:23.1994408Z      You may run "mix format --migrate" to change all single-quoted
Elixir tests (mix credo + mix test)	mix test	2026-09-24T02:10:23.1995412Z      strings to use the ~c sigil and fix this warning.
Elixir tests (mix credo + mix test)	mix test	2026-09-24T02:10:23.1996193Z      │
Elixir tests (mix credo + mix test)	mix test	2026-09-24T02:10:23.1997073Z  518 │       {:ok, {:alpha, _, <<c::utf8>>, _}} when c in 'eE' and signal == ?. ->
Elixir tests (mix credo + mix test)	mix test	2026-09-24T02:10:23.1998183Z      │                                                    ~
Elixir tests (mix credo + mix test)	mix test	2026-09-24T02:10:23.1998903Z      │
Elixir tests (mix credo + mix test)	mix test	2026-09-24T02:10:23.1999508Z      └─ lib/decoder.ex:518:52
Elixir tests (mix credo + mix test)	mix test	2026-09-24T02:10:23.1999964Z 
Elixir tests (mix credo + mix test)	mix test	2026-09-24T02:10:23.2009055Z      warning: using single-quoted strings to represent charlists is deprecated.
Elixir tests (mix credo + mix test)	mix test	2026-09-24T02:10:23.2010992Z      Use ~c"" if you indeed want a charlist or use "" instead.
Elixir tests (mix credo + mix test)	mix test	2026-09-24T02:10:23.2012594Z      You may run "mix format --migrate" to change all single-quoted
Elixir tests (mix credo + mix test)	mix test	2026-09-24T02:10:23.2023919Z      strings to use the ~c sigil and fix this warning.
Elixir tests (mix credo + mix test)	mix test	2026-09-24T02:10:23.2025644Z      │
Elixir tests (mix credo + mix test)	mix test	2026-09-24T02:10:23.2026442Z  522 │       {:ok, {?_, skip, _, lines}} when last not in '_e.' ->
Elixir tests (mix credo + mix test)	mix test	2026-09-24T02:10:23.2027705Z      │                                                    ~
Elixir tests (mix credo + mix test)	mix test	2026-09-24T02:10:23.2028681Z      │
Elixir tests (mix credo + mix test)	mix test	2026-09-24T02:10:23.2029133Z      └─ lib/decoder.ex:522:52
Elixir tests (mix credo + mix test)	mix test	2026-09-24T02:10:23.2029409Z 
Elixir tests (mix credo + mix test)	mix test	2026-09-24T02:10:23.2045096Z      warning: using single-quoted strings to represent charlists is deprecated.
Elixir tests (mix credo + mix test)	mix test	2026-09-24T02:10:23.2050155Z      Use ~c"" if you indeed want a charlist or use "" instead.
Elixir tests (mix credo + mix test)	mix test	2026-09-24T02:10:23.2054446Z      You may run "mix format --migrate" to change all single-quoted
Elixir tests (mix credo + mix test)	mix test	2026-09-24T02:10:23.2055521Z      strings to use the ~c sigil and fix this warning.
Elixir tests (mix credo + mix test)	mix test	2026-09-24T02:10:23.2056335Z      │
Elixir tests (mix credo + mix test)	mix test	2026-09-24T02:10:23.2057077Z  538 │       {:ok, {type, skip, data, lines}} when last in 'e.' ->
Elixir tests (mix credo + mix test)	mix test	2026-09-24T02:10:23.2058020Z      │                                                     ~
Elixir tests (mix credo + mix test)	mix test	2026-09-24T02:10:23.2058695Z      │
Elixir tests (mix credo + mix test)	mix test	2026-09-24T02:10:23.2059268Z      └─ lib/decoder.ex:538:53
Elixir tests (mix credo + mix test)	mix test	2026-09-24T02:10:23.2059721Z 
Elixir tests (mix credo + mix test)	mix test	2026-09-24T02:10:23.2069225Z      warning: using single-quoted strings to represent charlists is deprecated.
Elixir tests (mix credo + mix test)	mix test	2026-09-24T02:10:23.2092357Z      Use ~c"" if you indeed want a charlist or use "" instead.
Elixir tests (mix credo + mix test)	mix test	2026-09-24T02:10:23.2105238Z      You may run "mix format --migrate" to change all single-quoted
Elixir tests (mix credo + mix test)	mix test	2026-09-24T02:10:23.2106234Z      strings to use the ~c sigil and fix this warning.
Elixir tests (mix credo + mix test)	mix test	2026-09-24T02:10:23.2107014Z      │
Elixir tests (mix credo + mix test)	mix test	2026-09-24T02:10:23.2107821Z  542 │       {:ok, {_type, skip, _data, lines} = token} when last not in '_e.' ->
Elixir tests (mix credo + mix test)	mix test	2026-09-24T02:10:23.2108786Z      │                                                                   ~
Elixir tests (mix credo + mix test)	mix test	2026-09-24T02:10:23.2109484Z      │
Elixir tests (mix credo + mix test)	mix test	2026-09-24T02:10:23.2110064Z      └─ lib/decoder.ex:542:67
Elixir tests (mix credo + mix test)	mix test	2026-09-24T02:10:23.2110475Z 
Elixir tests (mix credo + mix test)	mix test	2026-09-24T02:10:23.2111078Z      warning: using single-quoted strings to represent charlists is deprecated.
Elixir tests (mix credo + mix test)	mix test	2026-09-24T02:10:23.2112899Z      Use ~c"" if you indeed want a charlist or use "" instead.
Elixir tests (mix credo + mix test)	mix test	2026-09-24T02:10:23.2113980Z      You may run "mix format --migrate" to change all single-quoted
Elixir tests (mix credo + mix test)	mix test	2026-09-24T02:10:23.2114857Z      strings to use the ~c sigil and fix this warning.
Elixir tests (mix credo + mix test)	mix test	2026-09-24T02:10:23.2115662Z      │
Elixir tests (mix credo + mix test)	mix test	2026-09-24T02:10:23.2116360Z  682 │         {:ok, {sign, _, _, _}} when sign in '-+' ->
Elixir tests (mix credo + mix test)	mix test	2026-09-24T02:10:23.2117644Z      │                                             ~
Elixir tests (mix credo + mix test)	mix test	2026-09-24T02:10:23.2118346Z      │
Elixir tests (mix credo + mix test)	mix test	2026-09-24T02:10:23.2118938Z      └─ lib/decoder.ex:682:45
Elixir tests (mix credo + mix test)	mix test	2026-09-24T02:10:23.2119427Z 
Elixir tests (mix credo + mix test)	mix test	2026-09-24T02:10:23.2134318Z      warning: using single-quoted strings to represent charlists is deprecated.
Elixir tests (mix credo + mix test)	mix test	2026-09-24T02:10:23.2135007Z      Use ~c"" if you indeed want a charlist or use "" instead.
Elixir tests (mix credo + mix test)	mix test	2026-09-24T02:10:23.2135606Z      You may run "mix format --migrate" to change all single-quoted
Elixir tests (mix credo + mix test)	mix test	2026-09-24T02:10:23.2136174Z      strings to use the ~c sigil and fix this warning.
Elixir tests (mix credo + mix test)	mix test	2026-09-24T02:10:23.2136721Z      │
Elixir tests (mix credo + mix test)	mix test	2026-09-24T02:10:23.2137187Z  796 │       {:ok, {sign, _, _, _}} when sign in '-+' ->
Elixir tests (mix credo + mix test)	mix test	2026-09-24T02:10:23.2137770Z      │                                           ~
Elixir tests (mix credo + mix test)	mix test	2026-09-24T02:10:23.2138193Z      │
Elixir tests (mix credo + mix test)	mix test	2026-09-24T02:10:23.2138587Z      └─ lib/decoder.ex:796:43
Elixir tests (mix credo + mix test)	mix test	2026-09-24T02:10:23.2138849Z 
Elixir tests (mix credo + mix test)	mix test	2026-09-24T02:10:23.2183770Z      warning: using single-quoted strings to represent charlists is deprecated.
Elixir tests (mix credo + mix test)	mix test	2026-09-24T02:10:23.2193170Z      Use ~c"" if you indeed want a charlist or use "" instead.
Elixir tests (mix credo + mix test)	mix test	2026-09-24T02:10:23.2202642Z      You may run "mix format --migrate" to change all single-quoted
Elixir tests (mix credo + mix test)	mix test	2026-09-24T02:10:23.2211226Z      strings to use the ~c sigil and fix this warning.
Elixir tests (mix credo + mix test)	mix test	2026-09-24T02:10:23.2212259Z      │
Elixir tests (mix credo + mix test)	mix test	2026-09-24T02:10:23.2213261Z  916 │         {:ok, {type, skip, _, lines}} when type in '-_' ->
Elixir tests (mix credo + mix test)	mix test	2026-09-24T02:10:23.2214343Z      │                                                    ~
Elixir tests (mix credo + mix test)	mix test	2026-09-24T02:10:23.2215073Z      │
Elixir tests (mix credo + mix test)	mix test	2026-09-24T02:10:23.2215747Z      └─ lib/decoder.ex:916:52
Elixir tests (mix credo + mix test)	mix test	2026-09-24T02:10:23.2216243Z 
Elixir tests (mix credo + mix test)	mix test	2026-09-24T02:10:23.2227251Z      warning: using single-quoted strings to represent charlists is deprecated.
Elixir tests (mix credo + mix test)	mix test	2026-09-24T02:10:23.2228573Z      Use ~c"" if you indeed want a charlist or use "" instead.
Elixir tests (mix credo + mix test)	mix test	2026-09-24T02:10:23.2229924Z      You may run "mix format --migrate" to change all single-quoted
Elixir tests (mix credo + mix test)	mix test	2026-09-24T02:10:23.2231280Z      strings to use the ~c sigil and fix this warning.
Elixir tests (mix credo + mix test)	mix test	2026-09-24T02:10:23.2232183Z      │
Elixir tests (mix credo + mix test)	mix test	2026-09-24T02:10:23.2232821Z  954 │               {:ok, {type, _, _, _}} when type in '-_' ->
Elixir tests (mix credo + mix test)	mix test	2026-09-24T02:10:23.2233949Z      │                                                   ~
Elixir tests (mix credo + mix test)	mix test	2026-09-24T02:10:23.2234759Z      │
Elixir tests (mix credo + mix test)	mix test	2026-09-24T02:10:23.2235359Z      └─ lib/decoder.ex:954:51
Elixir tests (mix credo + mix test)	mix test	2026-09-24T02:10:23.2235887Z 
Elixir tests (mix credo + mix test)	mix test	2026-09-24T02:10:23.2266016Z      warning: using single-quoted strings to represent charlists is deprecated.
Elixir tests (mix credo + mix test)	mix test	2026-09-24T02:10:23.2266961Z      Use ~c"" if you indeed want a charlist or use "" instead.
Elixir tests (mix credo + mix test)	mix test	2026-09-24T02:10:23.2268177Z      You may run "mix format --migrate" to change all single-quoted
Elixir tests (mix credo + mix test)	mix test	2026-09-24T02:10:23.2269033Z      strings to use the ~c sigil and fix this warning.
Elixir tests (mix credo + mix test)	mix test	2026-09-24T02:10:23.2269749Z      │
Elixir tests (mix credo + mix test)	mix test	2026-09-24T02:10:23.2270307Z  969 │       {:ok, {type, _, _, _}} when type in '-_' ->
Elixir tests (mix credo + mix test)	mix test	2026-09-24T02:10:23.2270992Z      │                                           ~
Elixir tests (mix credo + mix test)	mix test	2026-09-24T02:10:23.2271505Z      │
Elixir tests (mix credo + mix test)	mix test	2026-09-24T02:10:23.2271946Z      └─ lib/decoder.ex:969:43
Elixir tests (mix credo + mix test)	mix test	2026-09-24T02:10:23.2272231Z 
Elixir tests (mix credo + mix test)	mix test	2026-09-24T02:10:23.2292063Z      warning: using single-quoted strings to represent charlists is deprecated.
Elixir tests (mix credo + mix test)	mix test	2026-09-24T02:10:23.2293289Z      Use ~c"" if you indeed want a charlist or use "" instead.
Elixir tests (mix credo + mix test)	mix test	2026-09-24T02:10:23.2294401Z      You may run "mix format --migrate" to change all single-quoted
Elixir tests (mix credo + mix test)	mix test	2026-09-24T02:10:23.2295262Z      strings to use the ~c sigil and fix this warning.
Elixir tests (mix credo + mix test)	mix test	2026-09-24T02:10:23.2295995Z      │
Elixir tests (mix credo + mix test)	mix test	2026-09-24T02:10:23.2296682Z  983 │           {:ok, {type, _, _, _}} when type in '-_' ->
Elixir tests (mix credo + mix test)	mix test	2026-09-24T02:10:23.2297478Z      │                                               ~
Elixir tests (mix credo + mix test)	mix test	2026-09-24T02:10:23.2298527Z      │
Elixir tests (mix credo + mix test)	mix test	2026-09-24T02:10:23.2299366Z      └─ lib/decoder.ex:983:47
Elixir tests (mix credo + mix test)	mix test	2026-09-24T02:10:23.2299720Z 
Elixir tests (mix credo + mix test)	mix test	2026-09-24T02:10:23.7176851Z Generated toml app
Elixir tests (mix credo + mix test)	mix test	2026-09-24T02:10:24.0413068Z ==> ggen_igniter
Elixir tests (mix credo + mix test)	mix test	2026-09-24T02:10:24.0413694Z ===> Analyzing applications...
Elixir tests (mix credo + mix test)	mix test	2026-09-24T02:10:24.0582684Z ===> Compiling idna
Elixir tests (mix credo + mix test)	mix test	2026-09-24T02:10:29.2688470Z ==> nimble_options
Elixir tests (mix credo + mix test)	mix test	2026-09-24T02:10:29.2689733Z Compiling 3 files (.ex)
Elixir tests (mix credo + mix test)	mix test	2026-09-24T02:10:29.5584922Z Generated nimble_options app
Elixir tests (mix credo + mix test)	mix test	2026-09-24T02:10:29.5857305Z ==> nimble_parsec
Elixir tests (mix credo + mix test)	mix test	2026-09-24T02:10:29.5857788Z Compiling 4 files (.ex)
Elixir tests (mix credo + mix test)	mix test	2026-09-24T02:10:29.9152924Z Generated nimble_parsec app
Elixir tests (mix credo + mix test)	mix test	2026-09-24T02:10:29.9384060Z ==> bunt
Elixir tests (mix credo + mix test)	mix test	2026-09-24T02:10:29.9384630Z Compiling 2 files (.ex)
Elixir tests (mix credo + mix test)	mix test	2026-09-24T02:10:30.2897441Z Generated bunt app
Elixir tests (mix credo + mix test)	mix test	2026-09-24T02:10:30.3110515Z ==> phoenix_template
Elixir tests (mix credo + mix test)	mix test	2026-09-24T02:10:30.3111138Z Compiling 4 files (.ex)
Elixir tests (mix credo + mix test)	mix test	2026-09-24T02:10:30.4062937Z Generated phoenix_template app
Elixir tests (mix credo + mix test)	mix test	2026-09-24T02:10:30.4305834Z ==> multigraph
Elixir tests (mix credo + mix test)	mix test	2026-09-24T02:10:30.4306398Z Compiling 16 files (.ex)
Elixir tests (mix credo + mix test)	mix test	2026-09-24T02:10:30.9530605Z Generated multigraph app
Elixir tests (mix credo + mix test)	mix test	2026-09-24T02:10:31.2923148Z ==> ggen_igniter
Elixir tests (mix credo + mix test)	mix test	2026-09-24T02:10:31.2924025Z ===> Analyzing applications...
Elixir tests (mix credo + mix test)	mix test	2026-09-24T02:10:31.3094891Z ===> Compiling telemetry
Elixir tests (mix credo + mix test)	mix test	2026-09-24T02:10:31.5609520Z ==> thousand_island
Elixir tests (mix credo + mix test)	mix test	2026-09-24T02:10:31.5610030Z Compiling 18 files (.ex)
Elixir tests (mix credo + mix test)	mix test	2026-09-24T02:10:31.8150371Z Generated thousand_island app
Elixir tests (mix credo + mix test)	mix test	2026-09-24T02:10:31.8706130Z ==> zoi
Elixir tests (mix credo + mix test)	mix test	2026-09-24T02:10:31.8706786Z Compiling 85 files (.ex)
Elixir tests (mix credo + mix test)	mix test	2026-09-24T02:10:34.2170451Z Generated zoi app
Elixir tests (mix credo + mix test)	mix test	2026-09-24T02:10:34.3149195Z ==> jason
Elixir tests (mix credo + mix test)	mix test	2026-09-24T02:10:34.3150631Z Compiling 10 files (.ex)
Elixir tests (mix credo + mix test)	mix test	2026-09-24T02:10:37.2123834Z Generated jason app
Elixir tests (mix credo + mix test)	mix test	2026-09-24T02:10:37.2922099Z ==> excoveralls
Elixir tests (mix credo + mix test)	mix test	2026-09-24T02:10:37.2922600Z Compiling 29 files (.ex)
Elixir tests (mix credo + mix test)	mix test	2026-09-24T02:10:37.7750772Z      warning: CAStore.file_path/0 is undefined (module CAStore is not available or is yet to be defined). Make sure the module name is correct and has been specified in full (or that an alias has been defined)
Elixir tests (mix credo + mix test)	mix test	2026-09-24T02:10:37.7752386Z      │
Elixir tests (mix credo + mix test)	mix test	2026-09-24T02:10:37.7752963Z  111 │         [cacertfile: String.to_charlist(CAStore.file_path())]
Elixir tests (mix credo + mix test)	mix test	2026-09-24T02:10:37.7753755Z      │                                                 ~
Elixir tests (mix credo + mix test)	mix test	2026-09-24T02:10:37.7754203Z      │
Elixir tests (mix credo + mix test)	mix test	2026-09-24T02:10:37.7754809Z      └─ lib/excoveralls/poster.ex:111:49: ExCoveralls.Poster.cacert_option/0
Elixir tests (mix credo + mix test)	mix test	2026-09-24T02:10:37.7755716Z 
Elixir tests (mix credo + mix test)	mix test	2026-09-24T02:10:37.7879499Z Generated excoveralls app
Elixir tests (mix credo + mix test)	mix test	2026-09-24T02:10:37.8614486Z ==> flame
Elixir tests (mix credo + mix test)	mix test	2026-09-24T02:10:37.8614935Z Compiling 16 files (.ex)
Elixir tests (mix credo + mix test)	mix test	2026-09-24T02:10:38.3662544Z Generated flame app
Elixir tests (mix credo + mix test)	mix test	2026-09-24T02:10:38.4458365Z ==> db_connection
Elixir tests (mix credo + mix test)	mix test	2026-09-24T02:10:38.4459702Z Compiling 18 files (.ex)
Elixir tests (mix credo + mix test)	mix test	2026-09-24T02:10:39.0987148Z Generated db_connection app
Elixir tests (mix credo + mix test)	mix test	2026-09-24T02:10:39.1815625Z ==> phoenix_pubsub
Elixir tests (mix credo + mix test)	mix test	2026-09-24T02:10:39.1816242Z Compiling 12 files (.ex)
Elixir tests (mix credo + mix test)	mix test	2026-09-24T02:10:39.5319054Z Generated phoenix_pubsub app
Elixir tests (mix credo + mix test)	mix test	2026-09-24T02:10:39.5778335Z ==> abnf_parsec
Elixir tests (mix credo + mix test)	mix test	2026-09-24T02:10:39.5778778Z Compiling 4 files (.ex)
Elixir tests (mix credo + mix test)	mix test	2026-09-24T02:10:40.9935998Z Generated abnf_parsec app
Elixir tests (mix credo + mix test)	mix test	2026-09-24T02:10:41.0216424Z ==> websockex
Elixir tests (mix credo + mix test)	mix test	2026-09-24T02:10:41.0217215Z Compiling 6 files (.ex)
Elixir tests (mix credo + mix test)	mix test	2026-09-24T02:10:41.4988037Z Generated websockex app
Elixir tests (mix credo + mix test)	mix test	2026-09-24T02:10:41.5377252Z ==> protocol_ex
Elixir tests (mix credo + mix test)	mix test	2026-09-24T02:10:41.5378229Z Compiling 2 files (.ex)
Elixir tests (mix credo + mix test)	mix test	2026-09-24T02:10:42.0699764Z Generated protocol_ex app
Elixir tests (mix credo + mix test)	mix test	2026-09-24T02:10:42.0937557Z ==> plug_crypto
Elixir tests (mix credo + mix test)	mix test	2026-09-24T02:10:42.0938290Z Compiling 5 files (.ex)
Elixir tests (mix credo + mix test)	mix test	2026-09-24T02:10:42.2163320Z Generated plug_crypto app
Elixir tests (mix credo + mix test)	mix test	2026-09-24T02:10:42.2392573Z ==> yuri_template
Elixir tests (mix credo + mix test)	mix test	2026-09-24T02:10:42.2393032Z Compiling 15 files (.ex)
Elixir tests (mix credo + mix test)	mix test	2026-09-24T02:10:42.2767917Z     warning: using single-quoted strings to represent charlists is deprecated.
Elixir tests (mix credo + mix test)	mix test	2026-09-24T02:10:42.2784766Z     Use ~c"" if you indeed want a charlist or use "" instead.
Elixir tests (mix credo + mix test)	mix test	2026-09-24T02:10:42.2834476Z     You may run "mix format --migrate" to change all single-quoted
Elixir tests (mix credo + mix test)	mix test	2026-09-24T02:10:42.2844487Z     strings to use the ~c sigil and fix this warning.
Elixir tests (mix credo + mix test)	mix test	2026-09-24T02:10:42.2874591Z     │
Elixir tests (mix credo + mix test)	mix test	2026-09-24T02:10:42.2905040Z   9 │   def operator_level_2(prev \\ empty()), do: prev |> choice(Enum.map('+#', &ascii_char([&1])))
Elixir tests (mix credo + mix test)	mix test	2026-09-24T02:10:42.2934670Z     │                                                                      ~
Elixir tests (mix credo + mix test)	mix test	2026-09-24T02:10:42.2950950Z     │
Elixir tests (mix credo + mix test)	mix test	2026-09-24T02:10:42.2951395Z     └─ lib/yuri_template/parsec.ex:9:70
Elixir tests (mix credo + mix test)	mix test	2026-09-24T02:10:42.2951715Z 
Elixir tests (mix credo + mix test)	mix test	2026-09-24T02:10:42.2952227Z     warning: using single-quoted strings to represent charlists is deprecated.
Elixir tests (mix credo + mix test)	mix test	2026-09-24T02:10:42.2952980Z     Use ~c"" if you indeed want a charlist or use "" instead.
Elixir tests (mix credo + mix test)	mix test	2026-09-24T02:10:42.2953732Z     You may run "mix format --migrate" to change all single-quoted
Elixir tests (mix credo + mix test)	mix test	2026-09-24T02:10:42.2954309Z     strings to use the ~c sigil and fix this warning.
Elixir tests (mix credo + mix test)	mix test	2026-09-24T02:10:42.2954791Z     │
Elixir tests (mix credo + mix test)	mix test	2026-09-24T02:10:42.2955271Z  12 │     do: prev |> choice(Enum.map('./;?&', &ascii_char([&1])))
Elixir tests (mix credo + mix test)	mix test	2026-09-24T02:10:42.2955928Z     │                                 ~
Elixir tests (mix credo + mix test)	mix test	2026-09-24T02:10:42.2956366Z     │
Elixir tests (mix credo + mix test)	mix test	2026-09-24T02:10:42.2956806Z     └─ lib/yuri_template/parsec.ex:12:33
Elixir tests (mix credo + mix test)	mix test	2026-09-24T02:10:42.2957198Z 
Elixir tests (mix credo + mix test)	mix test	2026-09-24T02:10:42.2957662Z     warning: using single-quoted strings to represent charlists is deprecated.
Elixir tests (mix credo + mix test)	mix test	2026-09-24T02:10:42.2958335Z     Use ~c"" if you indeed want a charlist or use "" instead.
Elixir tests (mix credo + mix test)	mix test	2026-09-24T02:10:42.2959019Z     You may run "mix format --migrate" to change all single-quoted
Elixir tests (mix credo + mix test)	mix test	2026-09-24T02:10:42.2959668Z     strings to use the ~c sigil and fix this warning.
Elixir tests (mix credo + mix test)	mix test	2026-09-24T02:10:42.2960237Z     │
Elixir tests (mix credo + mix test)	mix test	2026-09-24T02:10:42.2961008Z  15 │     do: prev |> choice(Enum.map('=,!@|', &ascii_char([&1])))
Elixir tests (mix credo + mix test)	mix test	2026-09-24T02:10:42.2962044Z     │                                 ~
Elixir tests (mix credo + mix test)	mix test	2026-09-24T02:10:42.2962626Z     │
Elixir tests (mix credo + mix test)	mix test	2026-09-24T02:10:42.2963168Z     └─ lib/yuri_template/parsec.ex:15:33
Elixir tests (mix credo + mix test)	mix test	2026-09-24T02:10:42.2963688Z 
Elixir tests (mix credo + mix test)	mix test	2026-09-24T02:10:42.3421464Z     warning: using single-quoted strings to represent charlists is deprecated.
Elixir tests (mix credo + mix test)	mix test	2026-09-24T02:10:42.3448185Z     Use ~c"" if you indeed want a charlist or use "" instead.
Elixir tests (mix credo + mix test)	mix test	2026-09-24T02:10:42.3449491Z     You may run "mix format --migrate" to change all single-quoted
Elixir tests (mix credo + mix test)	mix test	2026-09-24T02:10:42.3450394Z     strings to use the ~c sigil and fix this warning.
Elixir tests (mix credo + mix test)	mix test	2026-09-24T02:10:42.3451217Z     │
Elixir tests (mix credo + mix test)	mix test	2026-09-24T02:10:42.3451863Z  15 │   defguardp is_op(op) when op in '+#?./;?&'
Elixir tests (mix credo + mix test)	mix test	2026-09-24T02:10:42.3452592Z     │                                  ~
Elixir tests (mix credo + mix test)	mix test	2026-09-24T02:10:42.3453179Z     │
Elixir tests (mix credo + mix test)	mix test	2026-09-24T02:10:42.3474805Z     └─ lib/yuri_template/rfc6570.ex:15:34
Elixir tests (mix credo + mix test)	mix test	2026-09-24T02:10:42.3475342Z 
Elixir tests (mix credo + mix test)	mix test	2026-09-24T02:10:43.3951664Z Generated yuri_template app
Elixir tests (mix credo + mix test)	mix test	2026-09-24T02:10:43.4340940Z ==> hpax
Elixir tests (mix credo + mix test)	mix test	2026-09-24T02:10:43.4341813Z Compiling 4 files (.ex)
Elixir tests (mix credo + mix test)	mix test	2026-09-24T02:10:43.7924376Z Generated hpax app
Elixir tests (mix credo + mix test)	mix test	2026-09-24T02:10:43.8145777Z ==> mint
Elixir tests (mix credo + mix test)	mix test	2026-09-24T02:10:43.8146207Z Compiling 1 file (.erl)
Elixir tests (mix credo + mix test)	mix test	2026-09-24T02:10:43.8866834Z Compiling 19 files (.ex)
Elixir tests (mix credo + mix test)	mix test	2026-09-24T02:10:44.8673810Z Generated mint app
Elixir tests (mix credo + mix test)	mix test	2026-09-24T02:10:45.3006383Z ==> ggen_igniter
Elixir tests (mix credo + mix test)	mix test	2026-09-24T02:10:45.3007385Z ===> Analyzing applications...
Elixir tests (mix credo + mix test)	mix test	2026-09-24T02:10:45.3213646Z ===> Compiling yamerl
Elixir tests (mix credo + mix test)	mix test	2026-09-24T02:10:46.7806477Z ==> yaml_elixir
Elixir tests (mix credo + mix test)	mix test	2026-09-24T02:10:46.7806928Z Compiling 6 files (.ex)
Elixir tests (mix credo + mix test)	mix test	2026-09-24T02:10:46.8679633Z Generated yaml_elixir app
Elixir tests (mix credo + mix test)	mix test	2026-09-24T02:10:46.9034843Z ==> nimble_csv
Elixir tests (mix credo + mix test)	mix test	2026-09-24T02:10:46.9035510Z Compiling 1 file (.ex)
Elixir tests (mix credo + mix test)	mix test	2026-09-24T02:10:47.1211691Z Generated nimble_csv app
Elixir tests (mix credo + mix test)	mix test	2026-09-24T02:10:47.1465839Z ==> jcs
Elixir tests (mix credo + mix test)	mix test	2026-09-24T02:10:47.1466658Z Compiling 1 file (.ex)
Elixir tests (mix credo + mix test)	mix test	2026-09-24T02:10:47.2037059Z Generated jcs app
Elixir tests (mix credo + mix test)	mix test	2026-09-24T02:10:47.2299941Z ==> ex_ast
Elixir tests (mix credo + mix test)	mix test	2026-09-24T02:10:47.2300911Z Compiling 36 files (.ex)
Elixir tests (mix credo + mix test)	mix test	2026-09-24T02:10:48.1971397Z Generated ex_ast app
Elixir tests (mix credo + mix test)	mix test	2026-09-24T02:10:48.2980377Z ==> splode
Elixir tests (mix credo + mix test)	mix test	2026-09-24T02:10:48.2981646Z Compiling 5 files (.ex)
Elixir tests (mix credo + mix test)	mix test	2026-09-24T02:10:48.4608880Z Generated splode app
Elixir tests (mix credo + mix test)	mix test	2026-09-24T02:10:48.4859802Z ==> content_type
Elixir tests (mix credo + mix test)	mix test	2026-09-24T02:10:48.4860255Z Compiling 1 file (.ex)
Elixir tests (mix credo + mix test)	mix test	2026-09-24T02:10:48.5433240Z Generated content_type app
Elixir tests (mix credo + mix test)	mix test	2026-09-24T02:10:48.5694550Z ==> glob_ex
Elixir tests (mix credo + mix test)	mix test	2026-09-24T02:10:48.5694994Z Compiling 4 files (.ex)
Elixir tests (mix credo + mix test)	mix test	2026-09-24T02:10:48.6994471Z Generated glob_ex app
Elixir tests (mix credo + mix test)	mix test	2026-09-24T02:10:48.7410846Z ==> credo
Elixir tests (mix credo + mix test)	mix test	2026-09-24T02:10:48.7411401Z Compiling 257 files (.ex)
Elixir tests (mix credo + mix test)	mix test	2026-09-24T02:10:54.1759358Z Generated credo app
Elixir tests (mix credo + mix test)	mix test	2026-09-24T02:10:54.2797229Z ==> ecto
Elixir tests (mix credo + mix test)	mix test	2026-09-24T02:10:54.2797701Z Compiling 56 files (.ex)
Elixir tests (mix credo + mix test)	mix test	2026-09-24T02:10:58.3068732Z Generated ecto app
Elixir tests (mix credo + mix test)	mix test	2026-09-24T02:10:58.3972008Z ==> uniq
Elixir tests (mix credo + mix test)	mix test	2026-09-24T02:10:58.3972455Z Compiling 5 files (.ex)
Elixir tests (mix credo + mix test)	mix test	2026-09-24T02:10:59.0949316Z Generated uniq app
Elixir tests (mix credo + mix test)	mix test	2026-09-24T02:10:59.1661681Z ==> rdf
Elixir tests (mix credo + mix test)	mix test	2026-09-24T02:10:59.1662359Z Compiling 6 files (.erl)
Elixir tests (mix credo + mix test)	mix test	2026-09-24T02:11:00.5933364Z Compiling 140 files (.ex)
Elixir tests (mix credo + mix test)	mix test	2026-09-24T02:11:05.3494643Z Generated rdf app
Elixir tests (mix credo + mix test)	mix test	2026-09-24T02:11:05.9857013Z ==> grax
Elixir tests (mix credo + mix test)	mix test	2026-09-24T02:11:05.9866482Z Compiling 35 files (.ex)
Elixir tests (mix credo + mix test)	mix test	2026-09-24T02:11:06.9323654Z Generated grax app
Elixir tests (mix credo + mix test)	mix test	2026-09-24T02:11:07.0454751Z ==> prov
Elixir tests (mix credo + mix test)	mix test	2026-09-24T02:11:07.0460359Z Compiling 52 files (.ex)
Elixir tests (mix credo + mix test)	mix test	2026-09-24T02:11:11.6971716Z Generated prov app
Elixir tests (mix credo + mix test)	mix test	2026-09-24T02:11:11.8100690Z ==> foaf
Elixir tests (mix credo + mix test)	mix test	2026-09-24T02:11:11.8101189Z Compiling 15 files (.ex)
Elixir tests (mix credo + mix test)	mix test	2026-09-24T02:11:13.5313246Z Generated foaf app
Elixir tests (mix credo + mix test)	mix test	2026-09-24T02:11:13.6053642Z ==> skos
Elixir tests (mix credo + mix test)	mix test	2026-09-24T02:11:13.6054091Z Compiling 5 files (.ex)
Elixir tests (mix credo + mix test)	mix test	2026-09-24T02:11:14.0172502Z Generated skos app
Elixir tests (mix credo + mix test)	mix test	2026-09-24T02:11:14.0590344Z ==> dcat
Elixir tests (mix credo + mix test)	mix test	2026-09-24T02:11:14.0590811Z Compiling 23 files (.ex)
Elixir tests (mix credo + mix test)	mix test	2026-09-24T02:11:16.3464004Z Generated dcat app
Elixir tests (mix credo + mix test)	mix test	2026-09-24T02:11:16.4815655Z ==> rustler
Elixir tests (mix credo + mix test)	mix test	2026-09-24T02:11:16.4816317Z Compiling 7 files (.ex)
Elixir tests (mix credo + mix test)	mix test	2026-09-24T02:11:16.6422302Z Generated rustler app
Elixir tests (mix credo + mix test)	mix test	2026-09-24T02:11:16.6801758Z ==> rustler_precompiled
Elixir tests (mix credo + mix test)	mix test	2026-09-24T02:11:16.6802678Z Compiling 4 files (.ex)
Elixir tests (mix credo + mix test)	mix test	2026-09-24T02:11:16.9460650Z Generated rustler_precompiled app
Elixir tests (mix credo + mix test)	mix test	2026-09-24T02:11:16.9833071Z ==> dcatr
Elixir tests (mix credo + mix test)	mix test	2026-09-24T02:11:16.9833731Z Compiling 32 files (.ex)
Elixir tests (mix credo + mix test)	mix test	2026-09-24T02:11:17.7452719Z Generated dcatr app
Elixir tests (mix credo + mix test)	mix test	2026-09-24T02:11:17.8759528Z ==> ets
Elixir tests (mix credo + mix test)	mix test	2026-09-24T02:11:17.8760028Z Compiling 7 files (.ex)
Elixir tests (mix credo + mix test)	mix test	2026-09-24T02:11:19.0093295Z Generated ets app
Elixir tests (mix credo + mix test)	mix test	2026-09-24T02:11:19.0320117Z ==> plug
Elixir tests (mix credo + mix test)	mix test	2026-09-24T02:11:19.0320638Z Compiling 1 file (.erl)
Elixir tests (mix credo + mix test)	mix test	2026-09-24T02:11:19.1575113Z Compiling 42 files (.ex)
Elixir tests (mix credo + mix test)	mix test	2026-09-24T02:11:20.9075136Z Generated plug app
Elixir tests (mix credo + mix test)	mix test	2026-09-24T02:11:21.0110110Z ==> open_api_spex
Elixir tests (mix credo + mix test)	mix test	2026-09-24T02:11:21.0113825Z Compiling 80 files (.ex)
Elixir tests (mix credo + mix test)	mix test	2026-09-24T02:11:22.6030093Z Generated open_api_spex app
Elixir tests (mix credo + mix test)	mix test	2026-09-24T02:11:22.7195685Z ==> postgrex
Elixir tests (mix credo + mix test)	mix test	2026-09-24T02:11:22.7196263Z Compiling 70 files (.ex)
Elixir tests (mix credo + mix test)	mix test	2026-09-24T02:11:27.4626152Z Generated postgrex app
Elixir tests (mix credo + mix test)	mix test	2026-09-24T02:11:27.5834408Z ==> dotenvy
Elixir tests (mix credo + mix test)	mix test	2026-09-24T02:11:27.5835501Z Compiling 3 files (.ex)
Elixir tests (mix credo + mix test)	mix test	2026-09-24T02:11:27.9916941Z Generated dotenvy app
Elixir tests (mix credo + mix test)	mix test	2026-09-24T02:11:28.0168962Z ==> group
Elixir tests (mix credo + mix test)	mix test	2026-09-24T02:11:28.0169856Z warning: the dependency :group requires Elixir "~> 1.19" but you are running on v1.18.4
Elixir tests (mix credo + mix test)	mix test	2026-09-24T02:11:28.0342086Z Compiling 9 files (.ex)
Elixir tests (mix credo + mix test)	mix test	2026-09-24T02:11:28.7561029Z Generated group app
Elixir tests (mix credo + mix test)	mix test	2026-09-24T02:11:28.8032542Z ==> faker
Elixir tests (mix credo + mix test)	mix test	2026-09-24T02:11:28.8032965Z Compiling 111 files (.ex)
Elixir tests (mix credo + mix test)	mix test	2026-09-24T02:11:28.8067874Z     warning: using single-quoted strings to represent charlists is deprecated.
Elixir tests (mix credo + mix test)	mix test	2026-09-24T02:11:28.8095020Z     Use ~c"" if you indeed want a charlist or use "" instead.
Elixir tests (mix credo + mix test)	mix test	2026-09-24T02:11:28.8114864Z     You may run "mix format --migrate" to change all single-quoted
Elixir tests (mix credo + mix test)	mix test	2026-09-24T02:11:28.8115605Z     strings to use the ~c sigil and fix this warning.
Elixir tests (mix credo + mix test)	mix test	2026-09-24T02:11:28.8116084Z     │
Elixir tests (mix credo + mix test)	mix test	2026-09-24T02:11:28.8116800Z  50 │   @alphabet 'ABCDEFGHIJKLMNOPQRSTUVWXYZabcdefghijklmnopqrstuvwxyz'
Elixir tests (mix credo + mix test)	mix test	2026-09-24T02:11:28.8117862Z     │             ~
Elixir tests (mix credo + mix test)	mix test	2026-09-24T02:11:28.8118488Z     │
Elixir tests (mix credo + mix test)	mix test	2026-09-24T02:11:28.8119244Z     └─ lib/faker.ex:50:13
Elixir tests (mix credo + mix test)	mix test	2026-09-24T02:11:28.8119880Z 
Elixir tests (mix credo + mix test)	mix test	2026-09-24T02:11:28.8120564Z     warning: using single-quoted strings to represent charlists is deprecated.
Elixir tests (mix credo + mix test)	mix test	2026-09-24T02:11:28.8121470Z     Use ~c"" if you indeed want a charlist or use "" instead.
Elixir tests (mix credo + mix test)	mix test	2026-09-24T02:11:28.8122441Z     You may run "mix format --migrate" to change all single-quoted
Elixir tests (mix credo + mix test)	mix test	2026-09-24T02:11:28.8123294Z     strings to use the ~c sigil and fix this warning.
Elixir tests (mix credo + mix test)	mix test	2026-09-24T02:11:28.8124445Z     │
Elixir tests (mix credo + mix test)	mix test	2026-09-24T02:11:28.8125107Z   6 │   @geobase32 '0123456789bcdefghjkmnpqrstuvwxyz'
Elixir tests (mix credo + mix test)	mix test	2026-09-24T02:11:28.8125882Z     │              ~
Elixir tests (mix credo + mix test)	mix test	2026-09-24T02:11:28.8126705Z     │
Elixir tests (mix credo + mix test)	mix test	2026-09-24T02:11:28.8127180Z     └─ lib/faker/address.ex:6:14
Elixir tests (mix credo + mix test)	mix test	2026-09-24T02:11:28.8127553Z 
Elixir tests (mix credo + mix test)	mix test	2026-09-24T02:11:29.4188878Z      warning: using single-quoted strings to represent charlists is deprecated.
Elixir tests (mix credo + mix test)	mix test	2026-09-24T02:11:29.4194290Z      Use ~c"" if you indeed want a charlist or use "" instead.
Elixir tests (mix credo + mix test)	mix test	2026-09-24T02:11:29.4203589Z      You may run "mix format --migrate" to change all single-quoted
Elixir tests (mix credo + mix test)	mix test	2026-09-24T02:11:29.4206493Z      strings to use the ~c sigil and fix this warning.
Elixir tests (mix credo + mix test)	mix test	2026-09-24T02:11:29.4207657Z      │
Elixir tests (mix credo + mix test)	mix test	2026-09-24T02:11:29.4208988Z  501 │     alphabet = 'ABCDEFGHIJKLMNOPQRSTUVWXYZabcdefghijklmnopqrstuvwxyz0123456789'
Elixir tests (mix credo + mix test)	mix test	2026-09-24T02:11:29.4209965Z      │                ~
Elixir tests (mix credo + mix test)	mix test	2026-09-24T02:11:29.4210370Z      │
Elixir tests (mix credo + mix test)	mix test	2026-09-24T02:11:29.4210816Z      └─ lib/faker/lorem.ex:501:16
Elixir tests (mix credo + mix test)	mix test	2026-09-24T02:11:29.4211125Z 
Elixir tests (mix credo + mix test)	mix test	2026-09-24T02:11:29.4346304Z warning: first..last inside match is deprecated, you must always match on the step: first..last//var or first..last//_ if you want to ignore it
Elixir tests (mix credo + mix test)	mix test	2026-09-24T02:11:29.4348299Z ##[warning]  lib/faker/lorem.ex:299: Faker.Lorem.characters/1
Elixir tests (mix credo + mix test)	mix test	2026-09-24T02:11:29.4349408Z 
Elixir tests (mix credo + mix test)	mix test	2026-09-24T02:11:29.4356502Z warning: first..last inside match is deprecated, you must always match on the step: first..last//var or first..last//_ if you want to ignore it
Elixir tests (mix credo + mix test)	mix test	2026-09-24T02:11:29.4358423Z ##[warning]  lib/faker/lorem.ex:333: Faker.Lorem.paragraph/1
Elixir tests (mix credo + mix test)	mix test	2026-09-24T02:11:29.4361405Z 
Elixir tests (mix credo + mix test)	mix test	2026-09-24T02:11:29.4362353Z warning: first..last inside match is deprecated, you must always match on the step: first..last//var or first..last//_ if you want to ignore it
Elixir tests (mix credo + mix test)	mix test	2026-09-24T02:11:29.4365750Z ##[warning]  lib/faker/lorem.ex:363: Faker.Lorem.paragraphs/1
Elixir tests (mix credo + mix test)	mix test	2026-09-24T02:11:29.4366917Z 
Elixir tests (mix credo + mix test)	mix test	2026-09-24T02:11:29.4367746Z warning: first..last inside match is deprecated, you must always match on the step: first..last//var or first..last//_ if you want to ignore it
Elixir tests (mix credo + mix test)	mix test	2026-09-24T02:11:29.4369619Z ##[warning]  lib/faker/lorem.ex:397: Faker.Lorem.sentence/1
Elixir tests (mix credo + mix test)	mix test	2026-09-24T02:11:29.4370633Z 
Elixir tests (mix credo + mix test)	mix test	2026-09-24T02:11:29.4371367Z warning: first..last inside match is deprecated, you must always match on the step: first..last//var or first..last//_ if you want to ignore it
Elixir tests (mix credo + mix test)	mix test	2026-09-24T02:11:29.4373206Z ##[warning]  lib/faker/lorem.ex:454: Faker.Lorem.sentences/1
Elixir tests (mix credo + mix test)	mix test	2026-09-24T02:11:29.4374494Z 
Elixir tests (mix credo + mix test)	mix test	2026-09-24T02:11:29.4375242Z warning: first..last inside match is deprecated, you must always match on the step: first..last//var or first..last//_ if you want to ignore it
Elixir tests (mix credo + mix test)	mix test	2026-09-24T02:11:29.4377398Z ##[warning]  lib/faker/lorem.ex:488: Faker.Lorem.words/1
Elixir tests (mix credo + mix test)	mix test	2026-09-24T02:11:29.4378509Z 
Elixir tests (mix credo + mix test)	mix test	2026-09-24T02:11:29.6430627Z warning: first..last inside match is deprecated, you must always match on the step: first..last//var or first..last//_ if you want to ignore it
Elixir tests (mix credo + mix test)	mix test	2026-09-24T02:11:29.6433654Z ##[warning]  lib/faker/pizza.ex:50: Faker.Pizza.pizzas/1
Elixir tests (mix credo + mix test)	mix test	2026-09-24T02:11:29.6435532Z 
Elixir tests (mix credo + mix test)	mix test	2026-09-24T02:11:29.6446101Z warning: first..last inside match is deprecated, you must always match on the step: first..last//var or first..last//_ if you want to ignore it
Elixir tests (mix credo + mix test)	mix test	2026-09-24T02:11:29.6448292Z ##[warning]  lib/faker/pizza.ex:105: Faker.Pizza.toppings/1
Elixir tests (mix credo + mix test)	mix test	2026-09-24T02:11:29.6449637Z 
Elixir tests (mix credo + mix test)	mix test	2026-09-24T02:11:29.9598696Z Generated faker app
Elixir tests (mix credo + mix test)	mix test	2026-09-24T02:11:30.0489787Z ==> wasmex
Elixir tests (mix credo + mix test)	mix test	2026-09-24T02:11:30.0490649Z Compiling 27 files (.ex)
Elixir tests (mix credo + mix test)	mix test	2026-09-24T02:11:30.8829357Z 
Elixir tests (mix credo + mix test)	mix test	2026-09-24T02:11:30.8830775Z 02:11:30.882 [debug] Copying NIF from cache and extracting to /home/runner/work/ggen_igniter/ggen_igniter/_build/test/lib/wasmex/priv/native/libwasmex-v0.15.1-nif-2.15-x86_64-unknown-linux-gnu.so.tar.gz
Elixir tests (mix credo + mix test)	mix test	2026-09-24T02:11:30.9436041Z Generated wasmex app
Elixir tests (mix credo + mix test)	mix test	2026-09-24T02:11:31.1053511Z ==> erlex
Elixir tests (mix credo + mix test)	mix test	2026-09-24T02:11:31.1054083Z Compiling 2 files (.erl)
Elixir tests (mix credo + mix test)	mix test	2026-09-24T02:11:31.5016322Z Compiling 2 files (.ex)
Elixir tests (mix credo + mix test)	mix test	2026-09-24T02:11:31.6503168Z Generated erlex app
Elixir tests (mix credo + mix test)	mix test	2026-09-24T02:11:31.6821340Z ==> dialyxir
Elixir tests (mix credo + mix test)	mix test	2026-09-24T02:11:31.6821786Z Compiling 67 files (.ex)
Elixir tests (mix credo + mix test)	mix test	2026-09-24T02:11:32.4351132Z Generated dialyxir app
Elixir tests (mix credo + mix test)	mix test	2026-09-24T02:11:32.5483058Z ==> crux
Elixir tests (mix credo + mix test)	mix test	2026-09-24T02:11:32.5484321Z Compiling 20 files (.ex)
Elixir tests (mix credo + mix test)	mix test	2026-09-24T02:11:33.0213676Z Generated crux app
Elixir tests (mix credo + mix test)	mix test	2026-09-24T02:11:33.1145883Z ==> iterex
Elixir tests (mix credo + mix test)	mix test	2026-09-24T02:11:33.1146529Z Compiling 48 files (.ex)
Elixir tests (mix credo + mix test)	mix test	2026-09-24T02:11:36.3418572Z Generated iterex app
Elixir tests (mix credo + mix test)	mix test	2026-09-24T02:11:36.4397752Z ==> nimble_pool
Elixir tests (mix credo + mix test)	mix test	2026-09-24T02:11:36.4398737Z Compiling 2 files (.ex)
Elixir tests (mix credo + mix test)	mix test	2026-09-24T02:11:36.7679741Z Generated nimble_pool app
Elixir tests (mix credo + mix test)	mix test	2026-09-24T02:11:36.7999573Z ==> finch
Elixir tests (mix credo + mix test)	mix test	2026-09-24T02:11:36.8000566Z Compiling 23 files (.ex)
Elixir tests (mix credo + mix test)	mix test	2026-09-24T02:11:37.4656982Z Generated finch app
Elixir tests (mix credo + mix test)	mix test	2026-09-24T02:11:37.5386131Z ==> tesla
Elixir tests (mix credo + mix test)	mix test	2026-09-24T02:11:37.5386589Z Compiling 57 files (.ex)
Elixir tests (mix credo + mix test)	mix test	2026-09-24T02:11:38.6111281Z Generated tesla app
Elixir tests (mix credo + mix test)	mix test	2026-09-24T02:11:38.7198341Z ==> json_ld
Elixir tests (mix credo + mix test)	mix test	2026-09-24T02:11:38.7199112Z Compiling 17 files (.ex)
Elixir tests (mix credo + mix test)	mix test	2026-09-24T02:11:39.7148999Z Generated json_ld app
Elixir tests (mix credo + mix test)	mix test	2026-09-24T02:11:39.7742808Z ==> req
Elixir tests (mix credo + mix test)	mix test	2026-09-24T02:11:39.7743623Z Compiling 24 files (.ex)
Elixir tests (mix credo + mix test)	mix test	2026-09-24T02:11:40.8768175Z Generated req app
Elixir tests (mix credo + mix test)	mix test	2026-09-24T02:11:40.9593604Z ==> req_s3
Elixir tests (mix credo + mix test)	mix test	2026-09-24T02:11:40.9594344Z Compiling 2 files (.ex)
Elixir tests (mix credo + mix test)	mix test	2026-09-24T02:11:41.0768073Z Generated req_s3 app
Elixir tests (mix credo + mix test)	mix test	2026-09-24T02:11:41.1253083Z ==> ecto_sql
Elixir tests (mix credo + mix test)	mix test	2026-09-24T02:11:41.1253984Z Compiling 25 files (.ex)
Elixir tests (mix credo + mix test)	mix test	2026-09-24T02:11:42.2944937Z Generated ecto_sql app
Elixir tests (mix credo + mix test)	mix test	2026-09-24T02:11:42.3514541Z ==> server_sent_events
Elixir tests (mix credo + mix test)	mix test	2026-09-24T02:11:42.3515193Z Compiling 2 files (.ex)
Elixir tests (mix credo + mix test)	mix test	2026-09-24T02:11:42.4408491Z Generated server_sent_events app
Elixir tests (mix credo + mix test)	mix test	2026-09-24T02:11:42.4768048Z ==> rewrite
Elixir tests (mix credo + mix test)	mix test	2026-09-24T02:11:42.4769233Z Compiling 13 files (.ex)
Elixir tests (mix credo + mix test)	mix test	2026-09-24T02:11:42.9377967Z Generated rewrite app
Elixir tests (mix credo + mix test)	mix test	2026-09-24T02:11:43.0052107Z ==> owl
Elixir tests (mix credo + mix test)	mix test	2026-09-24T02:11:43.0052842Z Compiling 19 files (.ex)
Elixir tests (mix credo + mix test)	mix test	2026-09-24T02:11:43.4845424Z Generated owl app
Elixir tests (mix credo + mix test)	mix test	2026-09-24T02:11:43.5763194Z ==> igniter
Elixir tests (mix credo + mix test)	mix test	2026-09-24T02:11:43.5763724Z Compiling 62 files (.ex)
Elixir tests (mix credo + mix test)	mix test	2026-09-24T02:11:45.9352445Z Generated igniter app
Elixir tests (mix credo + mix test)	mix test	2026-09-24T02:11:46.0553340Z ==> oban
Elixir tests (mix credo + mix test)	mix test	2026-09-24T02:11:46.0554281Z Compiling 70 files (.ex)
Elixir tests (mix credo + mix test)	mix test	2026-09-24T02:11:47.7316922Z Generated oban app
Elixir tests (mix credo + mix test)	mix test	2026-09-24T02:11:47.8476545Z ==> llm_db
Elixir tests (mix credo + mix test)	mix test	2026-09-24T02:11:47.8477639Z Compiling 65 files (.ex)
Elixir tests (mix credo + mix test)	mix test	2026-09-24T02:11:49.5993798Z Generated llm_db app
Elixir tests (mix credo + mix test)	mix test	2026-09-24T02:11:49.7162404Z ==> spark
Elixir tests (mix credo + mix test)	mix test	2026-09-24T02:11:49.7163363Z Compiling 46 files (.ex)
Elixir tests (mix credo + mix test)	mix test	2026-09-24T02:11:51.9561772Z Generated spark app
Elixir tests (mix credo + mix test)	mix test	2026-09-24T02:11:52.0813815Z ==> reactor
Elixir tests (mix credo + mix test)	mix test	2026-09-24T02:11:52.0814901Z Compiling 113 files (.ex)
Elixir tests (mix credo + mix test)	mix test	2026-09-24T02:12:01.3331855Z Generated reactor app
Elixir tests (mix credo + mix test)	mix test	2026-09-24T02:12:01.5212008Z ==> ash
Elixir tests (mix credo + mix test)	mix test	2026-09-24T02:12:01.5213090Z Compiling 617 files (.ex)
Elixir tests (mix credo + mix test)	mix test	2026-09-24T02:12:21.5295035Z Compiling lib/ash/reactor/reactor.ex (it's taking more than 10s)
Elixir tests (mix credo + mix test)	mix test	2026-09-24T02:12:34.6614348Z 
Elixir tests (mix credo + mix test)	mix test	2026-09-24T02:12:34.6635416Z 02:12:34.658 [warning] Mix.Tasks.Ash.Set.Domains (/home/runner/work/ggen_igniter/ggen_igniter/deps/ash/lib/mix/tasks/ash.set.domains.ex):
Elixir tests (mix credo + mix test)	mix test	2026-09-24T02:12:34.6651446Z 
Elixir tests (mix credo + mix test)	mix test	2026-09-24T02:12:34.6652315Z     Module defines `igniter/2`, but `igniter/2` is deprecated.
Elixir tests (mix credo + mix test)	mix test	2026-09-24T02:12:34.6654005Z     Please refactor to `igniter/1`. Use `igniter.args` to access `argv`, `positional` and `options`.
Elixir tests (mix credo + mix test)	mix test	2026-09-24T02:12:34.6657113Z 
Elixir tests (mix credo + mix test)	mix test	2026-09-24T02:12:48.9877942Z Compiling lib/ash/resource/dsl.ex (it's taking more than 10s)
Elixir tests (mix credo + mix test)	mix test	2026-09-24T02:12:53.2566887Z Generated ash app
Elixir tests (mix credo + mix test)	mix test	2026-09-24T02:12:53.3984438Z ==> ash_state_machine
Elixir tests (mix credo + mix test)	mix test	2026-09-24T02:12:53.3985015Z Compiling 17 files (.ex)
Elixir tests (mix credo + mix test)	mix test	2026-09-24T02:12:54.3591046Z Generated ash_state_machine app
Elixir tests (mix credo + mix test)	mix test	2026-09-24T02:12:54.4918557Z ==> ash_sql
Elixir tests (mix credo + mix test)	mix test	2026-09-24T02:12:54.4919522Z Compiling 14 files (.ex)
Elixir tests (mix credo + mix test)	mix test	2026-09-24T02:13:00.6495743Z Generated ash_sql app
Elixir tests (mix credo + mix test)	mix test	2026-09-24T02:13:00.8283525Z ==> ash_postgres
Elixir tests (mix credo + mix test)	mix test	2026-09-24T02:13:00.8284641Z Compiling 65 files (.ex)
Elixir tests (mix credo + mix test)	mix test	2026-09-24T02:13:06.3010223Z Generated ash_postgres app
Elixir tests (mix credo + mix test)	mix test	2026-09-24T02:13:06.5670176Z ==> elixir_make
Elixir tests (mix credo + mix test)	mix test	2026-09-24T02:13:06.5670828Z Compiling 8 files (.ex)
Elixir tests (mix credo + mix test)	mix test	2026-09-24T02:13:06.8126848Z Generated elixir_make app
Elixir tests (mix credo + mix test)	mix test	2026-09-24T02:13:06.8556364Z ==> cc_precompiler
Elixir tests (mix credo + mix test)	mix test	2026-09-24T02:13:06.8556856Z Compiling 3 files (.ex)
Elixir tests (mix credo + mix test)	mix test	2026-09-24T02:13:07.0081537Z Generated cc_precompiler app
Elixir tests (mix credo + mix test)	mix test	2026-09-24T02:13:07.0342474Z warning: the dependency :ekv requires Elixir "~> 1.19" but you are running on v1.18.4
Elixir tests (mix credo + mix test)	mix test	2026-09-24T02:13:07.0343254Z ==> ekv
Elixir tests (mix credo + mix test)	mix test	2026-09-24T02:13:07.0377328Z Error happened while installing ekv from precompiled binary: "precompiled \"ekv-nif-2.17-x86_64-linux-gnu-0.4.3.tar.gz\" does not exist in checksum.exs".
Elixir tests (mix credo + mix test)	mix test	2026-09-24T02:13:07.0378675Z 
Elixir tests (mix credo + mix test)	mix test	2026-09-24T02:13:07.0379133Z Attempting to compile ekv from source...
Elixir tests (mix credo + mix test)	mix test	2026-09-24T02:13:07.0469584Z cc -O2 -fPIC -I/home/runner/work/_temp/.setup-beam/otp/erts-15.2.2/include -Ic_src -DSQLITE_THREADSAFE=1 -DSQLITE_USE_URI=1 -DSQLITE_DQS=0 -DHAVE_USLEEP=1 -DSQLITE_ENABLE_STAT4=1 -DSQLITE_LIKE_DOESNT_MATCH_BLOBS=1 -DNDEBUG=1 -shared -lpthread -ldl -lm -o /home/runner/work/ggen_igniter/ggen_igniter/_build/test/lib/ekv/priv/ekv_sqlite3_nif.so c_src/ekv_sqlite3_nif.c c_src/sqlite3.c
Elixir tests (mix credo + mix test)	mix test	2026-09-24T02:13:28.7622931Z Compiling 24 files (.ex)
Elixir tests (mix credo + mix test)	mix test	2026-09-24T02:13:31.1913202Z Generated ekv app
Elixir tests (mix credo + mix test)	mix test	2026-09-24T02:13:31.2703831Z ==> websock
Elixir tests (mix credo + mix test)	mix test	2026-09-24T02:13:31.2704468Z Compiling 1 file (.ex)
Elixir tests (mix credo + mix test)	mix test	2026-09-24T02:13:31.2987881Z Generated websock app
Elixir tests (mix credo + mix test)	mix test	2026-09-24T02:13:31.3482432Z ==> bandit
Elixir tests (mix credo + mix test)	mix test	2026-09-24T02:13:31.3482899Z Compiling 54 files (.ex)
Elixir tests (mix credo + mix test)	mix test	2026-09-24T02:13:33.2614840Z Generated bandit app
Elixir tests (mix credo + mix test)	mix test	2026-09-24T02:13:33.3570835Z ==> a2a
Elixir tests (mix credo + mix test)	mix test	2026-09-24T02:13:33.3571307Z Compiling 30 files (.ex)
Elixir tests (mix credo + mix test)	mix test	2026-09-24T02:13:34.5249780Z Generated a2a app
Elixir tests (mix credo + mix test)	mix test	2026-09-24T02:13:34.6594015Z ==> websock_adapter
Elixir tests (mix credo + mix test)	mix test	2026-09-24T02:13:34.6595114Z Compiling 4 files (.ex)
Elixir tests (mix credo + mix test)	mix test	2026-09-24T02:13:34.7699505Z Generated websock_adapter app
Elixir tests (mix credo + mix test)	mix test	2026-09-24T02:13:34.8281774Z ==> phoenix
Elixir tests (mix credo + mix test)	mix test	2026-09-24T02:13:34.8282250Z Compiling 75 files (.ex)
Elixir tests (mix credo + mix test)	mix test	2026-09-24T02:13:37.7570518Z Generated phoenix app
Elixir tests (mix credo + mix test)	mix test	2026-09-24T02:13:37.9110512Z ==> sweet_xml
Elixir tests (mix credo + mix test)	mix test	2026-09-24T02:13:37.9112011Z Compiling 2 files (.ex)
Elixir tests (mix credo + mix test)	mix test	2026-09-24T02:13:38.1870143Z Generated sweet_xml app
Elixir tests (mix credo + mix test)	mix test	2026-09-24T02:13:38.6091693Z ==> sparql
Elixir tests (mix credo + mix test)	mix test	2026-09-24T02:13:38.6092020Z Compiling 2 files (.erl)
Elixir tests (mix credo + mix test)	mix test	2026-09-24T02:13:57.5415187Z Compiling 43 files (.ex)
Elixir tests (mix credo + mix test)	mix test	2026-09-24T02:13:59.3180502Z Generated sparql app
Elixir tests (mix credo + mix test)	mix test	2026-09-24T02:13:59.7757038Z ==> durable_server
Elixir tests (mix credo + mix test)	mix test	2026-09-24T02:13:59.7758066Z warning: the dependency :durable_server requires Elixir "~> 1.19" but you are running on v1.18.4
Elixir tests (mix credo + mix test)	mix test	2026-09-24T02:13:59.7890921Z Compiling 18 files (.ex)
Elixir tests (mix credo + mix test)	mix test	2026-09-24T02:14:01.8237221Z Generated durable_server app
Elixir tests (mix credo + mix test)	mix test	2026-09-24T02:14:01.8935964Z ==> texture
Elixir tests (mix credo + mix test)	mix test	2026-09-24T02:14:01.8936617Z Compiling 7 files (.ex)
Elixir tests (mix credo + mix test)	mix test	2026-09-24T02:14:03.0034788Z Generated texture app
Elixir tests (mix credo + mix test)	mix test	2026-09-24T02:14:03.0647150Z ==> jsv
Elixir tests (mix credo + mix test)	mix test	2026-09-24T02:14:03.0648001Z Compiling 74 files (.ex)
Elixir tests (mix credo + mix test)	mix test	2026-09-24T02:14:07.1895821Z Generated jsv app
Elixir tests (mix credo + mix test)	mix test	2026-09-24T02:14:07.3090361Z ==> req_llm
Elixir tests (mix credo + mix test)	mix test	2026-09-24T02:14:07.3090904Z Compiling 211 files (.ex)
Elixir tests (mix credo + mix test)	mix test	2026-09-24T02:14:16.9195838Z Generated req_llm app
Elixir tests (mix credo + mix test)	mix test	2026-09-24T02:14:17.1455711Z ==> conv_case
Elixir tests (mix credo + mix test)	mix test	2026-09-24T02:14:17.1456362Z Compiling 1 file (.ex)
Elixir tests (mix credo + mix test)	mix test	2026-09-24T02:14:17.2694704Z Generated conv_case app
Elixir tests (mix credo + mix test)	mix test	2026-09-24T02:14:17.3787303Z ==> xema
Elixir tests (mix credo + mix test)	mix test	2026-09-24T02:14:17.3788453Z Compiling 19 files (.ex)
Elixir tests (mix credo + mix test)	mix test	2026-09-24T02:14:18.8574038Z Generated xema app
Elixir tests (mix credo + mix test)	mix test	2026-09-24T02:14:18.9552499Z ==> json_xema
Elixir tests (mix credo + mix test)	mix test	2026-09-24T02:14:18.9553830Z Compiling 4 files (.ex)
Elixir tests (mix credo + mix test)	mix test	2026-09-24T02:14:19.1616384Z Generated json_xema app
Elixir tests (mix credo + mix test)	mix test	2026-09-24T02:14:19.2138790Z ==> ash_json_api
Elixir tests (mix credo + mix test)	mix test	2026-09-24T02:14:19.2139501Z Compiling 76 files (.ex)
Elixir tests (mix credo + mix test)	mix test	2026-09-24T02:14:29.2723851Z Generated ash_json_api app
Elixir tests (mix credo + mix test)	mix test	2026-09-24T02:14:29.5534135Z ==> saxy
Elixir tests (mix credo + mix test)	mix test	2026-09-24T02:14:29.5535111Z Compiling 19 files (.ex)
Elixir tests (mix credo + mix test)	mix test	2026-09-24T02:14:32.2308520Z Generated saxy app
Elixir tests (mix credo + mix test)	mix test	2026-09-24T02:14:32.3607714Z ==> rdf_xml
Elixir tests (mix credo + mix test)	mix test	2026-09-24T02:14:32.3608175Z Compiling 17 files (.ex)
Elixir tests (mix credo + mix test)	mix test	2026-09-24T02:14:33.6103157Z Generated rdf_xml app
Elixir tests (mix credo + mix test)	mix test	2026-09-24T02:14:33.6705686Z ==> sparql_client
Elixir tests (mix credo + mix test)	mix test	2026-09-24T02:14:33.6706311Z Compiling 9 files (.ex)
Elixir tests (mix credo + mix test)	mix test	2026-09-24T02:14:33.9738371Z Generated sparql_client app
Elixir tests (mix credo + mix test)	mix test	2026-09-24T02:14:34.0354192Z ==> gno
Elixir tests (mix credo + mix test)	mix test	2026-09-24T02:14:34.0358321Z Compiling 36 files (.ex)
Elixir tests (mix credo + mix test)	mix test	2026-09-24T02:14:35.7525122Z Generated gno app
Elixir tests (mix credo + mix test)	mix test	2026-09-24T02:14:35.9177001Z ==> ash_r2rml
Elixir tests (mix credo + mix test)	mix test	2026-09-24T02:14:35.9177767Z Compiling 111 files (.ex)
Elixir tests (mix credo + mix test)	mix test	2026-09-24T02:14:43.3165805Z Generated ash_r2rml app
Elixir tests (mix credo + mix test)	mix test	2026-09-24T02:14:43.4892203Z ==> ash_oban
Elixir tests (mix credo + mix test)	mix test	2026-09-24T02:14:43.4895830Z Compiling 22 files (.ex)
Elixir tests (mix credo + mix test)	mix test	2026-09-24T02:14:46.7153278Z Generated ash_oban app
Elixir tests (mix credo + mix test)	mix test	2026-09-24T02:14:46.7895468Z ==> ash_ai
Elixir tests (mix credo + mix test)	mix test	2026-09-24T02:14:46.7896038Z Compiling 42 files (.ex)
Elixir tests (mix credo + mix test)	mix test	2026-09-24T02:14:49.8236602Z Generated ash_ai app
Elixir tests (mix credo + mix test)	mix test	2026-09-24T02:14:49.8835784Z ==> ash_a2a
Elixir tests (mix credo + mix test)	mix test	2026-09-24T02:14:49.8837502Z warning: the dependency :ash_a2a requires Elixir "~> 1.19" but you are running on v1.18.4
Elixir tests (mix credo + mix test)	mix test	2026-09-24T02:14:49.9598173Z Compiling 309 files (.ex)
Elixir tests (mix credo + mix test)	mix test	2026-09-24T02:15:11.0875175Z Generated ash_a2a app
Elixir tests (mix credo + mix test)	mix test	2026-09-24T02:15:11.3450590Z ==> ggen_igniter
Elixir tests (mix credo + mix test)	mix test	2026-09-24T02:15:11.3451678Z Compiling 104 files (.ex)
Elixir tests (mix credo + mix test)	mix test	2026-09-24T02:15:12.7884287Z Compiling crate ggen_graph_nif in release mode (native/ggen_graph_nif)
Elixir tests (mix credo + mix test)	mix test	2026-09-24T02:15:12.8756233Z Copying /home/runner/work/ggen_igniter/ggen_igniter/native/ggen_graph_nif/target/release/libggen_graph_nif.so to priv/native/ggen_graph_nif.so
Elixir tests (mix credo + mix test)	mix test	2026-09-24T02:15:19.0068888Z Generated ggen_igniter app
Elixir tests (mix credo + mix test)	mix test	2026-09-24T02:15:25.2238503Z warning: test/e2e/lifecycle_test.ex does not match "*_test.exs" and won't be loaded
Elixir tests (mix credo + mix test)	mix test	2026-09-24T02:15:25.2736150Z Running ExUnit with seed: 253147, max_cases: 8
Elixir tests (mix credo + mix test)	mix test	2026-09-24T02:15:25.2899447Z Excluding tags: [:requires_ash_r2rml, :requires_qlever_server]
Elixir tests (mix credo + mix test)	mix test	2026-09-24T02:15:25.2900059Z 
Elixir tests (mix credo + mix test)	mix test	2026-09-24T02:15:26.7064593Z     warning: redefining module Ex4pmFixture (current version loaded from _build/test/lib/ggen_igniter/ebin/Elixir.Ex4pmFixture.beam)
Elixir tests (mix credo + mix test)	mix test	2026-09-24T02:15:26.7074752Z     │
Elixir tests (mix credo + mix test)	mix test	2026-09-24T02:15:26.7075626Z   1 │ defmodule Ex4pmFixture do
Elixir tests (mix credo + mix test)	mix test	2026-09-24T02:15:26.7076606Z     │ ~~~~~~~~~~~~~~~~~~~~~~~~~
Elixir tests (mix credo + mix test)	mix test	2026-09-24T02:15:26.7077275Z     │
Elixir tests (mix credo + mix test)	mix test	2026-09-24T02:15:26.7078140Z     └─ test/support/ex4pm_fixture.ex:1: Ex4pmFixture (module)
Elixir tests (mix credo + mix test)	mix test	2026-09-24T02:15:26.7078859Z 
Elixir tests (mix credo + mix test)	mix test	2026-09-24T02:15:37.9383589Z warning: variable "args" is unused (if the variable is not meant to be used, prefix it with an underscore)
Elixir tests (mix credo + mix test)	mix test	2026-09-24T02:15:37.9435346Z └─ nofile:7:31: Test.Ut16421.Nesciunt16453.expression/2
Elixir tests (mix credo + mix test)	mix test	2026-09-24T02:15:37.9493977Z 
Elixir tests (mix credo + mix test)	mix test	2026-09-24T02:15:42.8339917Z     warning: Beam4pmSmoke.Discovery.InductiveMiner.mine/1 is undefined (module Beam4pmSmoke.Discovery.InductiveMiner is not available or is yet to be defined)
Elixir tests (mix credo + mix test)	mix test	2026-09-24T02:15:42.8351082Z     │
Elixir tests (mix credo + mix test)	mix test	2026-09-24T02:15:42.8374891Z  78 │     assert {:ok, tree} = Beam4pmSmoke.Discovery.InductiveMiner.mine(log)
Elixir tests (mix credo + mix test)	mix test	2026-09-24T02:15:42.8394440Z     │                                                                ~
Elixir tests (mix credo + mix test)	mix test	2026-09-24T02:15:42.8395135Z     │
Elixir tests (mix credo + mix test)	mix test	2026-09-24T02:15:42.8397027Z     └─ test/process_discovery_pack_test.exs:78:64: GgenIgniter.ProcessDiscoveryPackTest."test rendered inductive_miner + token_replay modules actually compile and run together"/1
Elixir tests (mix credo + mix test)	mix test	2026-09-24T02:15:42.8398563Z 
Elixir tests (mix credo + mix test)	mix test	2026-09-24T02:15:42.8399667Z     warning: Beam4pmSmoke.Conformance.TokenReplay.replay/2 is undefined (module Beam4pmSmoke.Conformance.TokenReplay is not available or is yet to be defined)
Elixir tests (mix credo + mix test)	mix test	2026-09-24T02:15:42.8401008Z     │
Elixir tests (mix credo + mix test)	mix test	2026-09-24T02:15:42.8401794Z  80 │     result = Beam4pmSmoke.Conformance.TokenReplay.replay(tree, ["a", "b"])
Elixir tests (mix credo + mix test)	mix test	2026-09-24T02:15:42.8402746Z     │                                                   ~
Elixir tests (mix credo + mix test)	mix test	2026-09-24T02:15:42.8403318Z     │
Elixir tests (mix credo + mix test)	mix test	2026-09-24T02:15:42.8404968Z     └─ test/process_discovery_pack_test.exs:80:51: GgenIgniter.ProcessDiscoveryPackTest."test rendered inductive_miner + token_replay modules actually compile and run together"/1
Elixir tests (mix credo + mix test)	mix test	2026-09-24T02:15:42.8406281Z 
Elixir tests (mix credo + mix test)	mix test	2026-09-24T02:15:43.0625401Z ............................................................................................................................................................................................................................................................**............................................................................................................................................................................................................................................................................
Elixir tests (mix credo + mix test)	mix test	2026-09-24T02:15:43.0629244Z [skip] case-variant property: this test runner's filesystem is genuinely case-sensitive (confirmed via a real File.exists?/1 probe, not assumed from platform) -- two differently-cased spellings really ARE different files here, so this macOS/APFS-specific property does not apply.
Elixir tests (mix credo + mix test)	mix test	2026-09-24T02:15:45.0334163Z ...................................................................
Elixir tests (mix credo + mix test)	mix test	2026-09-24T02:15:45.0347875Z 02:15:45.027 [warning] GgenIgniter.Receipt.read_all!/1: skipping unparseable line 2 in /tmp/ggen_igniter_receipt_test_27685/.ggen_igniter/receipts/2026-09-24.jsonl (%Jason.DecodeError{position: 34, token: nil, data: "{\"standing\":\"alive\",\"reason\":\"torn"}) -- likely a torn line from a crash mid-write; discarding it rather than raising and losing every other receipt in this partition.
Elixir tests (mix credo + mix test)	mix test	2026-09-24T02:15:52.8815143Z ........................................................................................................................
Elixir tests (mix credo + mix test)	mix test	2026-09-24T02:15:52.8818261Z 02:15:52.881 [info] ggen_igniter: fetched github:octocat/Hello-World@master (258 bytes), sha256=ab7006ec9cea1c8cb012961328029a9d178e947ab6f997c6dbae12a9019407a4 -- GitHub's archive endpoint publishes no checksum to verify against; record this digest yourself if you need to pin/verify this fetch.
Elixir tests (mix credo + mix test)	mix test	2026-09-24T02:15:52.9866042Z ............
Elixir tests (mix credo + mix test)	mix test	2026-09-24T02:15:52.9868250Z 02:15:52.986 [info] ggen_igniter: fetched github:octocat/Hello-World@master (258 bytes), sha256=ab7006ec9cea1c8cb012961328029a9d178e947ab6f997c6dbae12a9019407a4 -- GitHub's archive endpoint publishes no checksum to verify against; record this digest yourself if you need to pin/verify this fetch.
Elixir tests (mix credo + mix test)	mix test	2026-09-24T02:15:53.1974044Z ............................
Elixir tests (mix credo + mix test)	mix test	2026-09-24T02:15:53.1995716Z 02:15:53.196 [info] ggen_igniter: fetched github:octocat/Hello-World@master (258 bytes), sha256=ab7006ec9cea1c8cb012961328029a9d178e947ab6f997c6dbae12a9019407a4 -- GitHub's archive endpoint publishes no checksum to verify against; record this digest yourself if you need to pin/verify this fetch.
Elixir tests (mix credo + mix test)	mix test	2026-09-24T02:15:53.3309626Z ..............................
Elixir tests (mix credo + mix test)	mix test	2026-09-24T02:15:53.3311472Z 02:15:53.330 [info] ggen_igniter: verified hex:jason@1.4.1 sha256=fbb01ecdfd565b56261302f7e1fcc27c4fb8f32d56eab74db621fc154604a7a1 against hex.pm's published release checksum
Elixir tests (mix credo + mix test)	mix test	2026-09-24T02:15:53.5875936Z .................
Elixir tests (mix credo + mix test)	mix test	2026-09-24T02:15:53.5876929Z 02:15:53.587 [debug] # Debug information for step `:log_charge`.
Elixir tests (mix credo + mix test)	mix test	2026-09-24T02:15:53.5877676Z 
Elixir tests (mix credo + mix test)	mix test	2026-09-24T02:15:53.5914529Z ## Arguments
Elixir tests (mix credo + mix test)	mix test	2026-09-24T02:15:53.5915329Z 
Elixir tests (mix credo + mix test)	mix test	2026-09-24T02:15:53.5935081Z ```
Elixir tests (mix credo + mix test)	mix test	2026-09-24T02:15:53.5965391Z %{message: "charge completed", charge: %GgenIgniter.Reactors.Examples.Support.Charge{card_token: "tok_123", amount: 42, refunded?: false}}
Elixir tests (mix credo + mix test)	mix test	2026-09-24T02:15:53.5994550Z ```
Elixir tests (mix credo + mix test)	mix test	2026-09-24T02:15:53.5995165Z 
Elixir tests (mix credo + mix test)	mix test	2026-09-24T02:15:53.6031521Z ## Context
Elixir tests (mix credo + mix test)	mix test	2026-09-24T02:15:53.6051598Z ```
Elixir tests (mix credo + mix test)	mix test	2026-09-24T02:15:53.6061620Z %{:private => %{inputs: %{email: "alice@example.com", amount: 42, card_token: "tok_123"}, composed_reactors: MapSet.new([GgenIgniter.Reactors.Examples.ExpenseApprovalReactor])}, Reactor.Middleware.Telemetry => %{metadata: %{id: GgenIgniter.Reactors.Examples.ExpenseApprovalReactor, initial_state: :pending, middleware: [Reactor.Middleware.Telemetry], run_id: #Reference<0.1234374034.865075202.114734>, inputs: [%Reactor.Input{name: :card_token, description: nil}, %Reactor.Input{name: :amount, description: nil}, %Reactor.Input{name: :email, description: nil}], step_count: 13}, start_time: -576460720101261830}, :run_id => #Reference<0.1234374034.865075202.114734>, :async? => true, :__reactor__ => %{id: GgenIgniter.Reactors.Examples.ExpenseApprovalReactor, initial_state: :pending, middleware: [Reactor.Middleware.Telemetry], run_id: #Reference<0.1234374034.865075202.114734>, inputs: [%Reactor.Input{name: :card_token, description: nil}, %Reactor.Input{name: :amount, description: nil}, %Reactor.Input{name: :email, description: nil}], step_count: 13}, :concurrency_key => #Reference<0.1234374034.865075202.114733>, :nested_dependencies => %{}, :current_step => %Reactor.Step{arguments: [%Reactor.Argument{description: nil, name: :message, source: %Reactor.Template.Value{value: "charge completed", sub_path: []}, transform: nil}, %Reactor.Argument{description: nil, name: :charge, source: %Reactor.Template.Result{name: :charge_payment, sub_path: []}, transform: nil}], async?: true, context: %{}, description: nil, impl: {Reactor.Step.Debug, [level: :debug]}, name: :log_charge, max_retries: 0, ref: :log_charge, transform: nil, guards: []}, :current_try => 0, :retries_remaining => 0}
Elixir tests (mix credo + mix test)	mix test	2026-09-24T02:15:53.6074045Z ```
Elixir tests (mix credo + mix test)	mix test	2026-09-24T02:15:53.6081435Z 
Elixir tests (mix credo + mix test)	mix test	2026-09-24T02:15:53.6082333Z ## Options
Elixir tests (mix credo + mix test)	mix test	2026-09-24T02:15:53.6083108Z ```
Elixir tests (mix credo + mix test)	mix test	2026-09-24T02:15:53.6111359Z []
Elixir tests (mix credo + mix test)	mix test	2026-09-24T02:15:53.6112934Z ```
Elixir tests (mix credo + mix test)	mix test	2026-09-24T02:15:53.6114576Z 
Elixir tests (mix credo + mix test)	mix test	2026-09-24T02:15:53.6115590Z .
Elixir tests (mix credo + mix test)	mix test	2026-09-24T02:15:53.6120389Z 02:15:53.593 [debug] around: entering wrapped steps
Elixir tests (mix credo + mix test)	mix test	2026-09-24T02:15:53.6120789Z 
Elixir tests (mix credo + mix test)	mix test	2026-09-24T02:15:53.6121057Z 02:15:53.593 [debug] around: leaving wrapped steps
Elixir tests (mix credo + mix test)	mix test	2026-09-24T02:15:53.7224609Z .....
Elixir tests (mix credo + mix test)	mix test	2026-09-24T02:15:53.7226008Z 02:15:53.719 [info] ggen_igniter: verified hex:jason@1.4.5 sha256=b0c823996102bcd0239b3c2444eb00409b72f6a140c1950bc8b457d836b30684 against hex.pm's published release checksum
Elixir tests (mix credo + mix test)	mix test	2026-09-24T02:15:53.8059964Z ..
Elixir tests (mix credo + mix test)	mix test	2026-09-24T02:15:53.8061660Z 02:15:53.805 [info] ggen_igniter: verified hex:jason@1.4.1 sha256=fbb01ecdfd565b56261302f7e1fcc27c4fb8f32d56eab74db621fc154604a7a1 against hex.pm's published release checksum
Elixir tests (mix credo + mix test)	mix test	2026-09-24T02:16:27.7984937Z .......................
Elixir tests (mix credo + mix test)	mix test	2026-09-24T02:16:27.7987036Z 02:16:27.798 [warning] GgenIgniter.Reactors.ReconcileReactor: Code.format_string!/1 failed for /tmp/ggen_igniter_reactor_inject_test_46626/lib/broken_target.ex -- writing unformatted content unchanged. Error: ** (MismatchedDelimiterError) mismatched delimiter found on nofile:3:1:
Elixir tests (mix credo + mix test)	mix test	2026-09-24T02:16:27.7988439Z     error: unexpected reserved word: end
Elixir tests (mix credo + mix test)	mix test	2026-09-24T02:16:27.7989208Z     │
Elixir tests (mix credo + mix test)	mix test	2026-09-24T02:16:27.7989563Z   2 │   def broken(
Elixir tests (mix credo + mix test)	mix test	2026-09-24T02:16:27.7989973Z     │             └ unclosed delimiter
Elixir tests (mix credo + mix test)	mix test	2026-09-24T02:16:27.7990407Z   3 │ end
Elixir tests (mix credo + mix test)	mix test	2026-09-24T02:16:27.7990850Z     │ └ mismatched closing delimiter (expected ")")
Elixir tests (mix credo + mix test)	mix test	2026-09-24T02:16:27.7991284Z     │
Elixir tests (mix credo + mix test)	mix test	2026-09-24T02:16:27.7991612Z     └─ nofile:3:1
Elixir tests (mix credo + mix test)	mix test	2026-09-24T02:16:27.7992052Z     (elixir 1.18.4) lib/code.ex:1031: Code.format_string!/2
Elixir tests (mix credo + mix test)	mix test	2026-09-24T02:16:27.7993069Z     (ggen_igniter 26.9.20) lib/ggen_igniter/reactors/reconcile_reactor.ex:1742: GgenIgniter.Reactors.ReconcileReactor.format_generated_content/2
Elixir tests (mix credo + mix test)	mix test	2026-09-24T02:16:27.7994520Z     (ggen_igniter 26.9.20) lib/ggen_igniter/reactors/reconcile_reactor.ex:1711: GgenIgniter.Reactors.ReconcileReactor.render_target/3
Elixir tests (mix credo + mix test)	mix test	2026-09-24T02:16:27.7995405Z     (elixir 1.18.4) lib/enum.ex:1714: Enum."-map/2-lists^map/1-1-"/2
Elixir tests (mix credo + mix test)	mix test	2026-09-24T02:16:27.7996329Z     (elixir 1.18.4) lib/enum.ex:1714: Enum."-map/2-lists^map/1-1-"/2
Elixir tests (mix credo + mix test)	mix test	2026-09-24T02:16:27.7997174Z     (ggen_igniter 26.9.20) lib/ggen_igniter/reactors/reconcile_reactor.ex:1504: GgenIgniter.Reactors.ReconcileReactor.build_plan/3
Elixir tests (mix credo + mix test)	mix test	2026-09-24T02:16:27.7998658Z     (ggen_igniter 26.9.20) lib/ggen_igniter/reactors/reconcile_reactor.ex:572: GgenIgniter.Reactors.ReconcileReactor.run_0_generated_A38A1C3F74D980A8408C5D13DA25283B/2
Elixir tests (mix credo + mix test)	mix test	2026-09-24T02:16:27.8000011Z     (reactor 1.0.6) lib/reactor/executor/step_runner.ex:169: Reactor.Executor.StepRunner.do_run/4
Elixir tests (mix credo + mix test)	mix test	2026-09-24T02:16:27.8001056Z     (reactor 1.0.6) lib/reactor/executor/step_runner.ex:58: Reactor.Executor.StepRunner.run/4
Elixir tests (mix credo + mix test)	mix test	2026-09-24T02:16:27.8001939Z     (reactor 1.0.6) lib/reactor/executor/sync.ex:23: Reactor.Executor.Sync.run/3
Elixir tests (mix credo + mix test)	mix test	2026-09-24T02:16:27.8002655Z     (reactor 1.0.6) lib/reactor/executor.ex:110: Reactor.Executor.execute/2
Elixir tests (mix credo + mix test)	mix test	2026-09-24T02:16:27.8003844Z     (ggen_igniter 26.9.20) lib/ggen_igniter/reactors/reconcile_reactor.ex:868: GgenIgniter.Reactors.ReconcileReactor.run/1
Elixir tests (mix credo + mix test)	mix test	2026-09-24T02:16:27.8005883Z     test/ggen_igniter_reconcile_reactor_inject_test.exs:370: GgenIgniter.ReconcileReactorInjectTest."test compensation restores an already-injected target's prior content a second target's real :verify failure reverts BOTH the inject splice and the write"/1
Elixir tests (mix credo + mix test)	mix test	2026-09-24T02:16:27.8007613Z     (ex_unit 1.18.4) lib/ex_unit/runner.ex:511: ExUnit.Runner.exec_test/2
Elixir tests (mix credo + mix test)	mix test	2026-09-24T02:16:27.8008222Z     (stdlib 6.2) timer.erl:595: :timer.tc/2
Elixir tests (mix credo + mix test)	mix test	2026-09-24T02:16:27.8008952Z     (ex_unit 1.18.4) lib/ex_unit/runner.ex:433: anonymous fn/6 in ExUnit.Runner.spawn_test_monitor/4
Elixir tests (mix credo + mix test)	mix test	2026-09-24T02:16:27.8009894Z 
Elixir tests (mix credo + mix test)	mix test	2026-09-24T02:17:05.7021437Z warning: the Inspect protocol has already been consolidated, an implementation for SemanticJira.Work.Task has no effect. If you want to implement protocols after compilation or during tests, check the "Consolidation" section in the Protocol module documentation
Elixir tests (mix credo + mix test)	mix test	2026-09-24T02:17:05.7022846Z └─ lib/semantic_jira/work/task.ex:10: SemanticJira.Work.Task (module)
Elixir tests (mix credo + mix test)	mix test	2026-09-24T02:17:05.7023137Z 
Elixir tests (mix credo + mix test)	mix test	2026-09-24T02:17:06.3106307Z .........................
Elixir tests (mix credo + mix test)	mix test	2026-09-24T02:17:06.3107122Z 02:17:06.310 [debug] Creating SemanticJira.Work.Task:
Elixir tests (mix credo + mix test)	mix test	2026-09-24T02:17:06.3107744Z 
Elixir tests (mix credo + mix test)	mix test	2026-09-24T02:17:06.3108171Z Setting %{id: "0fdbfa20-53ed-4491-ad30-ee8c5b025591", task_id: "GALL-001",
Elixir tests (mix credo + mix test)	mix test	2026-09-24T02:17:06.3109130Z  standing: "ALIVE", receipt_digest: "sha256:d27fca7d6706c6ed2f0256b52125...}
Elixir tests (mix credo + mix test)	mix test	2026-09-24T02:17:06.3109723Z 
Elixir tests (mix credo + mix test)	mix test	2026-09-24T02:17:08.8974055Z ......
Elixir tests (mix credo + mix test)	mix test	2026-09-24T02:17:08.8975064Z 02:17:08.897 [debug] Creating SemanticJira.Work.Task:
Elixir tests (mix credo + mix test)	mix test	2026-09-24T02:17:08.8975892Z 
Elixir tests (mix credo + mix test)	mix test	2026-09-24T02:17:08.8976391Z Setting %{id: "8d0bbf9e-d978-4279-abdd-d1214bc40614", task_id: "t2",
Elixir tests (mix credo + mix test)	mix test	2026-09-24T02:17:08.8977200Z  standing: "UNKNOWN"}
Elixir tests (mix credo + mix test)	mix test	2026-09-24T02:17:08.8978198Z 
Elixir tests (mix credo + mix test)	mix test	2026-09-24T02:20:43.0796653Z ...............
Elixir tests (mix credo + mix test)	mix test	2026-09-24T02:20:43.0797870Z 
Elixir tests (mix credo + mix test)	mix test	2026-09-24T02:20:43.0799285Z   1) test opt-in git ground truth for baseSha (residual_base_sha_wrong_commit closure) flag on over a forged-but-well-formed 40-hex baseSha refuses before any actuation (GgenIgniter.SemanticJiraPackTest)
Elixir tests (mix credo + mix test)	mix test	2026-09-24T02:20:43.0816490Z ##[error]     test/ggen_igniter_semantic_jira_pack_test.exs:1566
Elixir tests (mix credo + mix test)	mix test	2026-09-24T02:20:43.0817848Z      Assertion with =~ failed
Elixir tests (mix credo + mix test)	mix test	2026-09-24T02:20:43.0818319Z      code:  assert output =~ "baseSha #{String.duplicate("d", 40)} is not a commit reachable in"
Elixir tests (mix credo + mix test)	mix test	2026-09-24T02:20:43.0822178Z      left:  "** (ArgumentError) REFUSED:SEMANTIC_JIRA_BASE_SHA_UNVERIFIED: baseSha d84da1419a6945c6a8a64b8f6cdca9d0b2c9e0f3 is not a commit reachable in /home/runner/work/ggen_igniter/ggen_igniter\n    (ggen_igniter 26.9.20) lib/ggen_igniter/semantic_jira/git_ground_truth.ex:200: GgenIgniter.SemanticJira.GitGroundTruth.verify_sha!/2\n    (elixir 1.18.4) lib/enum.ex:987: Enum.\"-each/2-lists^foreach/1-0-\"/2\n    (ggen_igniter 26.9.20) lib/ggen_igniter/semantic_jira/git_ground_truth.ex:110: GgenIgniter.SemanticJira.GitGroundTruth.verify_base_shas!/2\n    (ggen_igniter 26.9.20) lib/mix/tasks/ggen_igniter.sync.ex:1090: Mix.Tasks.GgenIgniter.Sync.maybe_verify_base_shas!/2\n    (ggen_igniter 26.9.20) lib/mix/tasks/ggen_igniter.sync.ex:1019: Mix.Tasks.GgenIgniter.Sync.run_for_each_via_reactor!/7\n    (ggen_igniter 26.9.20) lib/mix/tasks/ggen_igniter.sync.ex:806: Mix.Tasks.GgenIgniter.Sync.run_sync/3\n    (ggen_igniter 26.9.20) lib/mix/tasks/ggen_igniter.sync.ex:207: Mix.Tasks.GgenIgniter.Sync.\"run (overridable 1)\"/1\n    (mix 1.18.4) lib/mix/task.ex:495: anonymous fn/3 in Mix.Task.run_task/5\n"
Elixir tests (mix credo + mix test)	mix test	2026-09-24T02:20:43.0829502Z      right: "baseSha dddddddddddddddddddddddddddddddddddddddd is not a commit reachable in"
Elixir tests (mix credo + mix test)	mix test	2026-09-24T02:20:43.0829986Z      stacktrace:
Elixir tests (mix credo + mix test)	mix test	2026-09-24T02:20:43.0830275Z        test/ggen_igniter_semantic_jira_pack_test.exs:1580: (test)
Elixir tests (mix credo + mix test)	mix test	2026-09-24T02:20:43.0830520Z 
Elixir tests (mix credo + mix test)	mix test	2026-09-24T02:23:35.5689820Z ..........
Elixir tests (mix credo + mix test)	mix test	2026-09-24T02:23:35.5690087Z 
Elixir tests (mix credo + mix test)	mix test	2026-09-24T02:23:35.5691017Z   2) test opt-in git ground truth for baseSha (residual_base_sha_wrong_commit closure) flag on over the honest graph manufactures (honest-pass side) (GgenIgniter.SemanticJiraPackTest)
Elixir tests (mix credo + mix test)	mix test	2026-09-24T02:23:35.5695213Z ##[error]     test/ggen_igniter_semantic_jira_pack_test.exs:1554
Elixir tests (mix credo + mix test)	mix test	2026-09-24T02:23:35.5696241Z      git-ground-truth honest sync failed:
Elixir tests (mix credo + mix test)	mix test	2026-09-24T02:23:35.5696973Z      ** (ArgumentError) REFUSED:SEMANTIC_JIRA_BASE_SHA_UNVERIFIED: baseSha d84da1419a6945c6a8a64b8f6cdca9d0b2c9e0f3 is not a commit reachable in /home/runner/work/ggen_igniter/ggen_igniter
Elixir tests (mix credo + mix test)	mix test	2026-09-24T02:23:35.5697983Z          (ggen_igniter 26.9.20) lib/ggen_igniter/semantic_jira/git_ground_truth.ex:200: GgenIgniter.SemanticJira.GitGroundTruth.verify_sha!/2
Elixir tests (mix credo + mix test)	mix test	2026-09-24T02:23:35.5698873Z          (elixir 1.18.4) lib/enum.ex:987: Enum."-each/2-lists^foreach/1-0-"/2
Elixir tests (mix credo + mix test)	mix test	2026-09-24T02:23:35.5699542Z          (ggen_igniter 26.9.20) lib/ggen_igniter/semantic_jira/git_ground_truth.ex:110: GgenIgniter.SemanticJira.GitGroundTruth.verify_base_shas!/2
Elixir tests (mix credo + mix test)	mix test	2026-09-24T02:23:35.5700352Z          (ggen_igniter 26.9.20) lib/mix/tasks/ggen_igniter.sync.ex:1090: Mix.Tasks.GgenIgniter.Sync.maybe_verify_base_shas!/2
Elixir tests (mix credo + mix test)	mix test	2026-09-24T02:23:35.5701912Z          (ggen_igniter 26.9.20) lib/mix/tasks/ggen_igniter.sync.ex:1019: Mix.Tasks.GgenIgniter.Sync.run_for_each_via_reactor!/7
Elixir tests (mix credo + mix test)	mix test	2026-09-24T02:23:35.5707895Z          (ggen_igniter 26.9.20) lib/mix/tasks/ggen_igniter.sync.ex:806: Mix.Tasks.GgenIgniter.Sync.run_sync/3
Elixir tests (mix credo + mix test)	mix test	2026-09-24T02:23:35.5708992Z          (ggen_igniter 26.9.20) lib/mix/tasks/ggen_igniter.sync.ex:207: Mix.Tasks.GgenIgniter.Sync."run (overridable 1)"/1
Elixir tests (mix credo + mix test)	mix test	2026-09-24T02:23:35.5709811Z          (mix 1.18.4) lib/mix/task.ex:495: anonymous fn/3 in Mix.Task.run_task/5
Elixir tests (mix credo + mix test)	mix test	2026-09-24T02:23:35.5710073Z 
Elixir tests (mix credo + mix test)	mix test	2026-09-24T02:23:35.5710320Z      code: assert exit_code == 0, "git-ground-truth honest sync failed:\n#{output}"
Elixir tests (mix credo + mix test)	mix test	2026-09-24T02:23:35.5710701Z      stacktrace:
Elixir tests (mix credo + mix test)	mix test	2026-09-24T02:23:35.5710989Z        test/ggen_igniter_semantic_jira_pack_test.exs:1559: (test)
Elixir tests (mix credo + mix test)	mix test	2026-09-24T02:23:35.5711238Z 
Elixir tests (mix credo + mix test)	mix test	2026-09-24T02:26:10.7990501Z ##[error]The operation was canceled.
Elixir tests (mix credo + mix test)	Post Checkout	﻿2026-09-24T02:26:10.8100129Z Post job cleanup.
Elixir tests (mix credo + mix test)	Post Checkout	2026-09-24T02:26:10.9097856Z [command]/usr/bin/git version
Elixir tests (mix credo + mix test)	Post Checkout	2026-09-24T02:26:10.9126472Z git version 2.55.0
Elixir tests (mix credo + mix test)	Post Checkout	2026-09-24T02:26:10.9184891Z Temporarily overriding HOME='/home/runner/work/_temp/466dd255-98d3-4429-86db-12ac7b6628c5' before making global git config changes
Elixir tests (mix credo + mix test)	Post Checkout	2026-09-24T02:26:10.9205345Z Adding repository directory to the temporary git global config as a safe directory
Elixir tests (mix credo + mix test)	Post Checkout	2026-09-24T02:26:10.9224161Z [command]/usr/bin/git config --global --add safe.directory /home/runner/work/ggen_igniter/ggen_igniter
Elixir tests (mix credo + mix test)	Post Checkout	2026-09-24T02:26:10.9226747Z Removing SSH command configuration
Elixir tests (mix credo + mix test)	Post Checkout	2026-09-24T02:26:10.9227690Z [command]/usr/bin/git config --local --name-only --get-regexp core\.sshCommand
Elixir tests (mix credo + mix test)	Post Checkout	2026-09-24T02:26:10.9288797Z [command]/usr/bin/git submodule foreach --recursive sh -c "git config --local --name-only --get-regexp 'core\.sshCommand' && git config --local --unset-all 'core.sshCommand' || :"
Elixir tests (mix credo + mix test)	Post Checkout	2026-09-24T02:26:10.9639394Z Removing HTTP extra header
Elixir tests (mix credo + mix test)	Post Checkout	2026-09-24T02:26:10.9640132Z [command]/usr/bin/git config --local --name-only --get-regexp http\.https\:\/\/github\.com\/\.extraheader
Elixir tests (mix credo + mix test)	Post Checkout	2026-09-24T02:26:10.9688078Z [command]/usr/bin/git submodule foreach --recursive sh -c "git config --local --name-only --get-regexp 'http\.https\:\/\/github\.com\/\.extraheader' && git config --local --unset-all 'http.https://github.com/.extraheader' || :"
Elixir tests (mix credo + mix test)	Post Checkout	2026-09-24T02:26:10.9994730Z Removing includeIf entries pointing to credentials config files
Elixir tests (mix credo + mix test)	Post Checkout	2026-09-24T02:26:10.9996593Z [command]/usr/bin/git config --local --name-only --get-regexp ^includeIf\.gitdir:
Elixir tests (mix credo + mix test)	Post Checkout	2026-09-24T02:26:11.0085834Z [command]/usr/bin/git submodule foreach --recursive git config --local --show-origin --name-only --get-regexp remote.origin.url
Elixir tests (mix credo + mix test)	Complete job	﻿2026-09-24T02:26:11.0665479Z Cleaning up orphan processes
Elixir tests (mix credo + mix test)	Complete job	2026-09-24T02:26:11.0911826Z Terminate orphan process: pid (6139) (beam.smp)
Elixir tests (mix credo + mix test)	Complete job	2026-09-24T02:26:11.0989473Z Terminate orphan process: pid (6153) (erl_child_setup)
Elixir tests (mix credo + mix test)	Complete job	2026-09-24T02:26:11.1025774Z Terminate orphan process: pid (6176) (sh)
Elixir tests (mix credo + mix test)	Complete job	2026-09-24T02:26:11.1058935Z Terminate orphan process: pid (6178) (memsup)
Elixir tests (mix credo + mix test)	Complete job	2026-09-24T02:26:11.1130001Z Terminate orphan process: pid (12702) (beam.smp)
Elixir tests (mix credo + mix test)	Complete job	2026-09-24T02:26:11.1151602Z Terminate orphan process: pid (12716) (erl_child_setup)
Elixir tests (mix credo + mix test)	Complete job	2026-09-24T02:26:11.1166167Z ##[warning]Node.js 20 is deprecated. The following actions target Node.js 20 but are being forced to run on Node.js 24: actions/cache@0057852bfaa89a56745cba8c7296529d2fc39830. For more information see: https://github.blog/changelog/2025-09-19-deprecation-of-node-20-on-github-actions-runners/
